id,sample,primary_ent,primary_qid,primary_link,secondary_ent,secondary_qid,secondary_link,tertiary_ent,tertiary_qid,tertiary_link,notes
19990213001379A,"ACFT WAS TAXIING FOR TAKE OFF WHEN IT LOST CONTROL, RAN INTO A DITCH, AND STRUCK A TREE. OTHER CIRCUMSTANCES AE UNK",ACFT,Q11436,https://www.wikidata.org/wiki/Q11436,,,,,,,
19800217031649I,"AFTER TAKEOFF, ENGINE QUIT. WING FUEL TANK SUMPS WERE NOT DRAINED DURING PREFLIGHT BECAUSE THEY WERE FROZEN.",TAKEOFF,Q854248,https://www.wikidata.org/wiki/Q854248,,,,,,,
19800217031649I,"AFTER TAKEOFF, ENGINE QUIT. WING FUEL TANK SUMPS WERE NOT DRAINED DURING PREFLIGHT BECAUSE THEY WERE FROZEN.",ENGINE,Q743004,https://www.wikidata.org/wiki/Q743004,,,,,,,
19800217031649I,"AFTER TAKEOFF, ENGINE QUIT. WING FUEL TANK SUMPS WERE NOT DRAINED DURING PREFLIGHT BECAUSE THEY WERE FROZEN.",WING,Q161358,https://www.wikidata.org/wiki/Q161358,,,,,,,
19800217031649I,"AFTER TAKEOFF, ENGINE QUIT. WING FUEL TANK SUMPS WERE NOT DRAINED DURING PREFLIGHT BECAUSE THEY WERE FROZEN.",FUEL TANK,Q1411232,https://www.wikidata.org/wiki/Q1411232,TANK,Q1047832,https://www.wikidata.org/wiki/Q1047832,,,,
19800217031649I,"AFTER TAKEOFF, ENGINE QUIT. WING FUEL TANK SUMPS WERE NOT DRAINED DURING PREFLIGHT BECAUSE THEY WERE FROZEN.",WING FUEL TANK SUMPS,,,FUEL TANK SUMPS,,,SUMPS,Q1592793,https://www.wikidata.org/wiki/Q1592793,
19800217031649I,"AFTER TAKEOFF, ENGINE QUIT. WING FUEL TANK SUMPS WERE NOT DRAINED DURING PREFLIGHT BECAUSE THEY WERE FROZEN.",PREFLIGHT,Q2108354,https://www.wikidata.org/wiki/Q2108354,,,,,,,
19790720021329A,HELICOPTER TOOK OFF WITH SLING LOAD ATTACHED. CRASHED WHEN LOAD WEDGED IN TREES. IMPROPER PREFLIGHT.,HELICOPTER,Q34486,https://www.wikidata.org/wiki/Q34486,,,,,,,
19790720021329A,HELICOPTER TOOK OFF WITH SLING LOAD ATTACHED. CRASHED WHEN LOAD WEDGED IN TREES. IMPROPER PREFLIGHT.,SLING LOAD,,,,,,,,,
19790720021329A,HELICOPTER TOOK OFF WITH SLING LOAD ATTACHED. CRASHED WHEN LOAD WEDGED IN TREES. IMPROPER PREFLIGHT.,LOAD,,,,,,,,,
19790720021329A,HELICOPTER TOOK OFF WITH SLING LOAD ATTACHED. CRASHED WHEN LOAD WEDGED IN TREES. IMPROPER PREFLIGHT.,IMPROPER PREFLIGHT,,,PREFLIGHT,Q2108354,https://www.wikidata.org/wiki/Q2108354,,,,
19841214074599I,WHILE TAXIING LOST NOSEWHEEL STEERING AND BRAKES. STRUCK 2 AIRCRAFT AND FENCE. CIRCUIT BREAKER HYDRAULIC PUMP OPEN.,NOSEWHEEL STEERING,Q1002555,https://www.wikidata.org/wiki/Q1002555,,,,,,,
19841214074599I,WHILE TAXIING LOST NOSEWHEEL STEERING AND BRAKES. STRUCK 2 AIRCRAFT AND FENCE. CIRCUIT BREAKER HYDRAULIC PUMP OPEN.,BRAKES,Q1534839,https://www.wikidata.org/wiki/Q1534839,,,,,,,
19841214074599I,WHILE TAXIING LOST NOSEWHEEL STEERING AND BRAKES. STRUCK 2 AIRCRAFT AND FENCE. CIRCUIT BREAKER HYDRAULIC PUMP OPEN.,2 AIRCRAFT,,,AIRCRAFT,Q11436,https://www.wikidata.org/wiki/Q11436,,,,
19841214074599I,WHILE TAXIING LOST NOSEWHEEL STEERING AND BRAKES. STRUCK 2 AIRCRAFT AND FENCE. CIRCUIT BREAKER HYDRAULIC PUMP OPEN.,2,Q200,https://www.wikidata.org/wiki/Q200,,,,,,,
19841214074599I,WHILE TAXIING LOST NOSEWHEEL STEERING AND BRAKES. STRUCK 2 AIRCRAFT AND FENCE. CIRCUIT BREAKER HYDRAULIC PUMP OPEN.,CIRCUIT BREAKER HYDRAULIC PUMP,,,HYDRAULIC PUMP,Q1640143,https://www.wikidata.org/wiki/Q1640143,PUMP,Q134574,https://www.wikidata.org/wiki/Q134574,
19860128014289I,FORWARD CARGO DOOR OPENED AS AIRCRAFT TOOK OFF. OBJECTS DROPPED OUT. RETURNED. FAILED TO SEE WARNING LIGHT.,FORWARD CARGO DOOR,,,CARGO DOOR,,,DOOR,Q36794,https://www.wikidata.org/wiki/Q36794,
19860128014289I,FORWARD CARGO DOOR OPENED AS AIRCRAFT TOOK OFF. OBJECTS DROPPED OUT. RETURNED. FAILED TO SEE WARNING LIGHT.,AIRCRAFT,Q11436,https://www.wikidata.org/wiki/Q11436,,,,,,,
19860128014289I,FORWARD CARGO DOOR OPENED AS AIRCRAFT TOOK OFF. OBJECTS DROPPED OUT. RETURNED. FAILED TO SEE WARNING LIGHT.,WARNING LIGHT,,,LIGHT,Q1146001,https://www.wikidata.org/wiki/Q1146001,,,,
20000215010329A,"(-23) MR. TIMOTHY ALLEN WELLS WAS ACTING AS PILOT IN COMMAND OF A BELL HELICOPTER MODEL BHT-47-G5, N4754R, ENGAGED",MR. TIMOTHY ALLEN WELLS,,,,,,,,,
20000215010329A,"(-23) MR. TIMOTHY ALLEN WELLS WAS ACTING AS PILOT IN COMMAND OF A BELL HELICOPTER MODEL BHT-47-G5, N4754R, ENGAGED","PILOT IN COMMAND OF A BELL HELICOPTER MODEL BHT-47-G5, N4754R",,,PILOT,Q2095549,https://www.wikidata.org/wiki/Q2095549,,,,
20000215010329A,"(-23) MR. TIMOTHY ALLEN WELLS WAS ACTING AS PILOT IN COMMAND OF A BELL HELICOPTER MODEL BHT-47-G5, N4754R, ENGAGED","BELL HELICOPTER MODEL BHT-47-G5, N4754R",,,BHT-47-G5,Q312540,https://www.wikidata.org/wiki/Q312540,,,,
20000215010329A,"(-23) MR. TIMOTHY ALLEN WELLS WAS ACTING AS PILOT IN COMMAND OF A BELL HELICOPTER MODEL BHT-47-G5, N4754R, ENGAGED",BELL HELICOPTER MODEL BHT-47-G5,,,BHT-47-G5,Q312540,https://www.wikidata.org/wiki/Q312540,,,,
20000215010329A,"(-23) MR. TIMOTHY ALLEN WELLS WAS ACTING AS PILOT IN COMMAND OF A BELL HELICOPTER MODEL BHT-47-G5, N4754R, ENGAGED",BELL HELICOPTER,,,HELICOPTER,Q34486,https://www.wikidata.org/wiki/Q34486,,,,
20000215010329A,"(-23) MR. TIMOTHY ALLEN WELLS WAS ACTING AS PILOT IN COMMAND OF A BELL HELICOPTER MODEL BHT-47-G5, N4754R, ENGAGED",BELL,Q815695,https://www.wikidata.org/wiki/Q815695,,,,,,,
20000215010329A,"(-23) MR. TIMOTHY ALLEN WELLS WAS ACTING AS PILOT IN COMMAND OF A BELL HELICOPTER MODEL BHT-47-G5, N4754R, ENGAGED",N4754R,,,,,,,,,
19801116083749I,FORCED LANDING AFTER ONE ENGINE QUIT;FOUND ICE IN AUXILIARY FUEL SYSTEM.,FORCED LANDING,Q1975745,https://www.wikidata.org/wiki/Q1975745,LANDING,Q844947,https://www.wikidata.org/wiki/Q844947,,,,
19801116083749I,FORCED LANDING AFTER ONE ENGINE QUIT;FOUND ICE IN AUXILIARY FUEL SYSTEM.,ONE ENGINE,,,ENGINE,Q743004,https://www.wikidata.org/wiki/Q743004,,,,
19801116083749I,FORCED LANDING AFTER ONE ENGINE QUIT;FOUND ICE IN AUXILIARY FUEL SYSTEM.,ONE,Q199,https://www.wikidata.org/wiki/Q199,,,,,,,
19801116083749I,FORCED LANDING AFTER ONE ENGINE QUIT;FOUND ICE IN AUXILIARY FUEL SYSTEM.,ICE,Q23392,https://www.wikidata.org/wiki/Q23392,,,,,,,
19801116083749I,FORCED LANDING AFTER ONE ENGINE QUIT;FOUND ICE IN AUXILIARY FUEL SYSTEM.,AUXILIARY FUEL SYSTEM,,,FUEL SYSTEM,Q1786017,https://www.wikidata.org/wiki/Q1786017,,,,
19850315007389A,PILOT WAS DESCENDING TO LOWER ALTITUDE DUE TO ICING. LOST CONTROL. ALTIMETER NOT IFR CERTIFIED. ICING FORECAST.,PILOT,Q2095549,https://www.wikidata.org/wiki/Q2095549,,,,,,,
19850315007389A,PILOT WAS DESCENDING TO LOWER ALTITUDE DUE TO ICING. LOST CONTROL. ALTIMETER NOT IFR CERTIFIED. ICING FORECAST.,LOWER ALTITUDE,,,ALTITUDE,Q190200,https://www.wikidata.org/wiki/Q190200,,,,
19850315007389A,PILOT WAS DESCENDING TO LOWER ALTITUDE DUE TO ICING. LOST CONTROL. ALTIMETER NOT IFR CERTIFIED. ICING FORECAST.,ICING,Q12060664,https://www.wikidata.org/wiki/Q12060664,,,,,,,
19850315007389A,PILOT WAS DESCENDING TO LOWER ALTITUDE DUE TO ICING. LOST CONTROL. ALTIMETER NOT IFR CERTIFIED. ICING FORECAST.,ALTIMETER,Q216197,https://www.wikidata.org/wiki/Q216197,,,,,,,
19850315007389A,PILOT WAS DESCENDING TO LOWER ALTITUDE DUE TO ICING. LOST CONTROL. ALTIMETER NOT IFR CERTIFIED. ICING FORECAST.,ICING,Q12060664,https://www.wikidata.org/wiki/Q12060664,,,,,,,
20070630826079I,(-23) AIRCRAFT DEPARTED RAY AIRPORT AND AFTER TAKEOFF INTO THE CLIMB AIRCRAFT ENGINE STARTED TO HAVE PROBLEMS. PILO,AIRCRAFT,Q11436,https://www.wikidata.org/wiki/Q11436,,,,,,,
20070630826079I,(-23) AIRCRAFT DEPARTED RAY AIRPORT AND AFTER TAKEOFF INTO THE CLIMB AIRCRAFT ENGINE STARTED TO HAVE PROBLEMS. PILO,RAY AIRPORT,Q35292471,https://www.wikidata.org/wiki/Q35292471,AIRPORT,Q1248784,https://www.wikidata.org/wiki/Q1248784,,,,
20070630826079I,(-23) AIRCRAFT DEPARTED RAY AIRPORT AND AFTER TAKEOFF INTO THE CLIMB AIRCRAFT ENGINE STARTED TO HAVE PROBLEMS. PILO,TAKEOFF,Q854248,https://www.wikidata.org/wiki/Q854248,,,,,,,
20070630826079I,(-23) AIRCRAFT DEPARTED RAY AIRPORT AND AFTER TAKEOFF INTO THE CLIMB AIRCRAFT ENGINE STARTED TO HAVE PROBLEMS. PILO,CLIMB,Q1499786,https://www.wikidata.org/wiki/Q1499786,,,,,,,
20070630826079I,(-23) AIRCRAFT DEPARTED RAY AIRPORT AND AFTER TAKEOFF INTO THE CLIMB AIRCRAFT ENGINE STARTED TO HAVE PROBLEMS. PILO,AIRCRAFT ENGINE,Q743004,https://www.wikidata.org/wiki/Q743004,ENGINE,Q743004,https://www.wikidata.org/wiki/Q743004,,,,
20070630826079I,(-23) AIRCRAFT DEPARTED RAY AIRPORT AND AFTER TAKEOFF INTO THE CLIMB AIRCRAFT ENGINE STARTED TO HAVE PROBLEMS. PILO,AIRCRAFT,Q11436,https://www.wikidata.org/wiki/Q11436,,,,,,,
20070630826079I,(-23) AIRCRAFT DEPARTED RAY AIRPORT AND AFTER TAKEOFF INTO THE CLIMB AIRCRAFT ENGINE STARTED TO HAVE PROBLEMS. PILO,PROBLEMS,Q621184,https://www.wikidata.org/wiki/Q621184,,,,,,,
19900425011659A,RAN OUT OF FUEL ON FERRY FLIGHT. LEFT PONTOON SEPARATED LANDING IN A POND. FUEL CAP NOT SECURED. FUEL SIPHONED.,FUEL,Q5361665,https://www.wikidata.org/wiki/Q5361665,,,,,,,
19900425011659A,RAN OUT OF FUEL ON FERRY FLIGHT. LEFT PONTOON SEPARATED LANDING IN A POND. FUEL CAP NOT SECURED. FUEL SIPHONED.,FERRY FLIGHT,Q331837,https://www.wikidata.org/wiki/Q331837,FLIGHT,Q15921555,https://www.wikidata.org/wiki/Q15921555,,,,
19900425011659A,RAN OUT OF FUEL ON FERRY FLIGHT. LEFT PONTOON SEPARATED LANDING IN A POND. FUEL CAP NOT SECURED. FUEL SIPHONED.,LEFT PONTOON,,,PONTOON,Q693340,https://www.wikidata.org/wiki/Q693340,,,,
19900425011659A,RAN OUT OF FUEL ON FERRY FLIGHT. LEFT PONTOON SEPARATED LANDING IN A POND. FUEL CAP NOT SECURED. FUEL SIPHONED.,POND,Q12719646,https://www.wikidata.org/wiki/Q12719646,,,,,,,
19900425011659A,RAN OUT OF FUEL ON FERRY FLIGHT. LEFT PONTOON SEPARATED LANDING IN A POND. FUEL CAP NOT SECURED. FUEL SIPHONED.,FUEL CAP,,,CAP,Q2488579,https://www.wikidata.org/wiki/Q2488579,,,,
19900425011659A,RAN OUT OF FUEL ON FERRY FLIGHT. LEFT PONTOON SEPARATED LANDING IN A POND. FUEL CAP NOT SECURED. FUEL SIPHONED.,FUEL,Q5361665,https://www.wikidata.org/wiki/Q5361665,,,,,,,
19991230042089A,"(.4)THE PILOT SAID THAT SHORTLY AFTER TAKEOFF, THE ENGINE 'STARTED CUTTING OUT AND WAS NOT DEVELOPING ENOUGH POWER",PILOT,Q2095549,https://www.wikidata.org/wiki/Q2095549,,,,,,,
19991230042089A,"(.4)THE PILOT SAID THAT SHORTLY AFTER TAKEOFF, THE ENGINE 'STARTED CUTTING OUT AND WAS NOT DEVELOPING ENOUGH POWER",TAKEOFF,Q854248,https://www.wikidata.org/wiki/Q854248,,,,,,,
19991230042089A,"(.4)THE PILOT SAID THAT SHORTLY AFTER TAKEOFF, THE ENGINE 'STARTED CUTTING OUT AND WAS NOT DEVELOPING ENOUGH POWER",ENGINE,Q743004,https://www.wikidata.org/wiki/Q743004,,,,,,,
19991230042089A,"(.4)THE PILOT SAID THAT SHORTLY AFTER TAKEOFF, THE ENGINE 'STARTED CUTTING OUT AND WAS NOT DEVELOPING ENOUGH POWER",POWER,Q25342,https://www.wikidata.org/wiki/Q25342,,,,,,,
19820725041999I,"LOOSE COWLING ON TAKEOFF. COWLING CAME OFF ON RETURNING TO LAND. CRACKED WINDSHIELD, DENTED STABILIZER.",LOOSE COWLING,,,COWLING,Q1138219,https://www.wikidata.org/wiki/Q1138219,,,,
19820725041999I,"LOOSE COWLING ON TAKEOFF. COWLING CAME OFF ON RETURNING TO LAND. CRACKED WINDSHIELD, DENTED STABILIZER.",TAKEOFF,Q854248,https://www.wikidata.org/wiki/Q854248,,,,,,,
19820725041999I,"LOOSE COWLING ON TAKEOFF. COWLING CAME OFF ON RETURNING TO LAND. CRACKED WINDSHIELD, DENTED STABILIZER.",COWLING,Q1138219,https://www.wikidata.org/wiki/Q1138219,,,,,,,
19820725041999I,"LOOSE COWLING ON TAKEOFF. COWLING CAME OFF ON RETURNING TO LAND. CRACKED WINDSHIELD, DENTED STABILIZER.",LAND,Q11081619,https://www.wikidata.org/wiki/Q11081619,,,,,,,
19820725041999I,"LOOSE COWLING ON TAKEOFF. COWLING CAME OFF ON RETURNING TO LAND. CRACKED WINDSHIELD, DENTED STABILIZER.",CRACKED WINDSHIELD,,,WINDSHIELD,Q13693,https://www.wikidata.org/wiki/Q13693,,,,
19820725041999I,"LOOSE COWLING ON TAKEOFF. COWLING CAME OFF ON RETURNING TO LAND. CRACKED WINDSHIELD, DENTED STABILIZER.",DENTED STABILIZER,,,STABILIZER,Q2712515,https://www.wikidata.org/wiki/Q2712515,,,,
19940412011509I,AIRCRAFT POPPED OPEN ON DESCENT. FLIGHT MANUAL FLEW OUT AND STRUCK TRUCK WINDSHIELD ON GROUND. LANDED SAFELY.,AIRCRAFT,Q11436,https://www.wikidata.org/wiki/Q11436,,,,,,,
19940412011509I,AIRCRAFT POPPED OPEN ON DESCENT. FLIGHT MANUAL FLEW OUT AND STRUCK TRUCK WINDSHIELD ON GROUND. LANDED SAFELY.,DESCENT,Q624380,https://www.wikidata.org/wiki/Q624380,,,,,,,
19940412011509I,AIRCRAFT POPPED OPEN ON DESCENT. FLIGHT MANUAL FLEW OUT AND STRUCK TRUCK WINDSHIELD ON GROUND. LANDED SAFELY.,FLIGHT MANUAL,Q4399976,https://www.wikidata.org/wiki/Q4399976,MANUAL,Q16363676,https://www.wikidata.org/wiki/Q16363676,,,,
19940412011509I,AIRCRAFT POPPED OPEN ON DESCENT. FLIGHT MANUAL FLEW OUT AND STRUCK TRUCK WINDSHIELD ON GROUND. LANDED SAFELY.,TRUCK WINDSHIELD,,,WINDSHIELD,Q13693,https://www.wikidata.org/wiki/Q13693,,,,
19940412011509I,AIRCRAFT POPPED OPEN ON DESCENT. FLIGHT MANUAL FLEW OUT AND STRUCK TRUCK WINDSHIELD ON GROUND. LANDED SAFELY.,TRUCK,Q43193,https://www.wikidata.org/wiki/Q43193,,,,,,,
19940412011509I,AIRCRAFT POPPED OPEN ON DESCENT. FLIGHT MANUAL FLEW OUT AND STRUCK TRUCK WINDSHIELD ON GROUND. LANDED SAFELY.,GROUND,Q1349417,https://www.wikidata.org/wiki/Q1349417,,,,,,,
19971226042729I,NR2 ENGINE FIRE WHILE LOADING PASSENGERS AT GATE. EVACUATED. FUEL LEVER WAS IN FLIGHT IDLE. CUT OFF. SMOKE CLEARED.,NR2 ENGINE FIRE,,,FIRE,Q3196,https://www.wikidata.org/wiki/Q3196,,,,
19971226042729I,NR2 ENGINE FIRE WHILE LOADING PASSENGERS AT GATE. EVACUATED. FUEL LEVER WAS IN FLIGHT IDLE. CUT OFF. SMOKE CLEARED.,ENGINE,Q743004,https://www.wikidata.org/wiki/Q743004,,,,,,,
19971226042729I,NR2 ENGINE FIRE WHILE LOADING PASSENGERS AT GATE. EVACUATED. FUEL LEVER WAS IN FLIGHT IDLE. CUT OFF. SMOKE CLEARED.,PASSENGERS,Q319604,https://www.wikidata.org/wiki/Q319604,,,,,,,
19971226042729I,NR2 ENGINE FIRE WHILE LOADING PASSENGERS AT GATE. EVACUATED. FUEL LEVER WAS IN FLIGHT IDLE. CUT OFF. SMOKE CLEARED.,GATE,Q247739,https://www.wikidata.org/wiki/Q247739,,,,,,,
19971226042729I,NR2 ENGINE FIRE WHILE LOADING PASSENGERS AT GATE. EVACUATED. FUEL LEVER WAS IN FLIGHT IDLE. CUT OFF. SMOKE CLEARED.,FUEL LEVER,,,LEVER,Q40164,https://www.wikidata.org/wiki/Q40164,,,,
19971226042729I,NR2 ENGINE FIRE WHILE LOADING PASSENGERS AT GATE. EVACUATED. FUEL LEVER WAS IN FLIGHT IDLE. CUT OFF. SMOKE CLEARED.,SMOKE,Q130768,https://www.wikidata.org/wiki/Q130768,,,,,,,
19950619021589I,AFTER DEPARTING HIGH OIL TEMP. LANDED OFF AIRPOR. SHEARED MAIN GEAR. FOUND LOW ON OIL.,HIGH OIL TEMP,,,OIL TEMP,,,TEMP,Q11466,https://www.wikidata.org/wiki/Q11466,
19950619021589I,AFTER DEPARTING HIGH OIL TEMP. LANDED OFF AIRPOR. SHEARED MAIN GEAR. FOUND LOW ON OIL.,OIL,Q42962,https://www.wikidata.org/wiki/Q42962,,,,,,,
19950619021589I,AFTER DEPARTING HIGH OIL TEMP. LANDED OFF AIRPOR. SHEARED MAIN GEAR. FOUND LOW ON OIL.,SHEARED MAIN GEAR,,,MAIN GEAR,,,GEAR,Q263421,https://www.wikidata.org/wiki/Q263421,
19950619021589I,AFTER DEPARTING HIGH OIL TEMP. LANDED OFF AIRPOR. SHEARED MAIN GEAR. FOUND LOW ON OIL.,OIL,Q42962,https://www.wikidata.org/wiki/Q42962,,,,,,,
19940815046149I,BATTERY COMPARTMENT DOOR CAME OPEN. ANTENNA CRACKED WINDSHIELD.,BATTERY COMPARTMENT DOOR,,,DOOR,Q36794,https://www.wikidata.org/wiki/Q36794,,,,
19940815046149I,BATTERY COMPARTMENT DOOR CAME OPEN. ANTENNA CRACKED WINDSHIELD.,ANTENNA,Q131214,https://www.wikidata.org/wiki/Q131214,,,,,,,
19940815046149I,BATTERY COMPARTMENT DOOR CAME OPEN. ANTENNA CRACKED WINDSHIELD.,WINDSHIELD,Q13693,https://www.wikidata.org/wiki/Q13693,,,,,,,
19860228038269I,RETURNED WHEN NOSE GEAR FAILED TO RETRACT. FOUND THAT PIN HAD NOT BEEN REMOVED AFTER PREVIOUS MAINTENANCE.,NOSE GEAR,,,GEAR,Q263421,https://www.wikidata.org/wiki/Q263421,,,,
19860228038269I,RETURNED WHEN NOSE GEAR FAILED TO RETRACT. FOUND THAT PIN HAD NOT BEEN REMOVED AFTER PREVIOUS MAINTENANCE.,PIN,,,,,,,,,
19860228038269I,RETURNED WHEN NOSE GEAR FAILED TO RETRACT. FOUND THAT PIN HAD NOT BEEN REMOVED AFTER PREVIOUS MAINTENANCE.,PREVIOUS MAINTENANCE,,,MAINTENANCE,Q1043452,https://www.wikidata.org/wiki/Q1043452,,,,
19790718019229I,GROUND STAND BAGGAGE CART WITH INOPERATIVE BRAKES ROLLED INTO SIDE OF PARKED AIRCRAFT. 9 INCH TEAR IN FUSELAGE.,GROUND STAND,,,STAND,Q56071807,https://www.wikidata.org/wiki/Q56071807,,,,
19790718019229I,GROUND STAND BAGGAGE CART WITH INOPERATIVE BRAKES ROLLED INTO SIDE OF PARKED AIRCRAFT. 9 INCH TEAR IN FUSELAGE.,GROUND STAND BAGGAGE CART WITH INOPERATIVE BRAKES,,,BAGGAGE CART,Q14277551,https://www.wikidata.org/wiki/Q14277552,CART,Q234668,https://www.wikidata.org/wiki/Q234668,
19790718019229I,GROUND STAND BAGGAGE CART WITH INOPERATIVE BRAKES ROLLED INTO SIDE OF PARKED AIRCRAFT. 9 INCH TEAR IN FUSELAGE.,AIRCRAFT,Q11436,https://www.wikidata.org/wiki/Q11436,,,,,,,
19790718019229I,GROUND STAND BAGGAGE CART WITH INOPERATIVE BRAKES ROLLED INTO SIDE OF PARKED AIRCRAFT. 9 INCH TEAR IN FUSELAGE.,9 INCH TEAR IN FUSELAGE,,,TEAR,Q105794273,https://www.wikidata.org/wiki/Q105794273,,,,
19790718019229I,GROUND STAND BAGGAGE CART WITH INOPERATIVE BRAKES ROLLED INTO SIDE OF PARKED AIRCRAFT. 9 INCH TEAR IN FUSELAGE.,9 INCH,,,,,,,,,
19790718019229I,GROUND STAND BAGGAGE CART WITH INOPERATIVE BRAKES ROLLED INTO SIDE OF PARKED AIRCRAFT. 9 INCH TEAR IN FUSELAGE.,FUSELAGE,Q1110579,https://www.wikidata.org/wiki/Q1110579,,,,,,,
20000625032189I,(-23)NORTHWEST AIRLINES DC-10 BOEING PUSHED BACK FOR REPOSITIONING OFF OF GATE B-52 STRUCK A CONTINENTAL AIRLINES D,NORTHWEST AIRLINES DC-10,,,DC-10,Q21150832,https://www.wikidata.org/wiki/Q21150832,,,,
20000625032189I,(-23)NORTHWEST AIRLINES DC-10 BOEING PUSHED BACK FOR REPOSITIONING OFF OF GATE B-52 STRUCK A CONTINENTAL AIRLINES D,NORTHWEST AIRLINES,Q309174,https://www.wikidata.org/wiki/Q309174,,,,,,,
20000625032189I,(-23)NORTHWEST AIRLINES DC-10 BOEING PUSHED BACK FOR REPOSITIONING OFF OF GATE B-52 STRUCK A CONTINENTAL AIRLINES D,BOEING,Q66,https://www.wikidata.org/wiki/Q66,,,,,,,
20000625032189I,(-23)NORTHWEST AIRLINES DC-10 BOEING PUSHED BACK FOR REPOSITIONING OFF OF GATE B-52 STRUCK A CONTINENTAL AIRLINES D,GATE B-52,,,GATE,Q247739,https://www.wikidata.org/wiki/Q247739,,,,
20000625032189I,(-23)NORTHWEST AIRLINES DC-10 BOEING PUSHED BACK FOR REPOSITIONING OFF OF GATE B-52 STRUCK A CONTINENTAL AIRLINES D,CONTINENTAL AIRLINES,Q216486,https://www.wikidata.org/wiki/Q216486,,,,,,,
19860530030499A,ENGINE OVERHEAT. HOT OIL SMELL.KNEW HE HAD FAILED TO REMOVE AIR INTAKE PLUGS. NOSED OVER IN FURROWS PLOWED FAILED,ENGINE OVERHEAT,,,,,,,,,
19860530030499A,ENGINE OVERHEAT. HOT OIL SMELL.KNEW HE HAD FAILED TO REMOVE AIR INTAKE PLUGS. NOSED OVER IN FURROWS PLOWED FAILED,HOT OIL SMELL,,,SMELL,Q485537,https://www.wikidata.org/wiki/Q485537,,,,
19860530030499A,ENGINE OVERHEAT. HOT OIL SMELL.KNEW HE HAD FAILED TO REMOVE AIR INTAKE PLUGS. NOSED OVER IN FURROWS PLOWED FAILED,OIL,Q42962,https://www.wikidata.org/wiki/Q42962,,,,,,,
19860530030499A,ENGINE OVERHEAT. HOT OIL SMELL.KNEW HE HAD FAILED TO REMOVE AIR INTAKE PLUGS. NOSED OVER IN FURROWS PLOWED FAILED,AIR INTAKE PLUGS,,,PLUGS,Q111547495,https://www.wikidata.org/wiki/Q111547495,,,,
19821117066379I,PILOT UNABLE TO PRESSURIZE. FOUND ACCESS DOOR SLIGHTLY OPEN. DEPRESSURIZED. DOOR OPENED FULLY. STOPPED BY FUSELAGE.,PILOT,Q2095549,https://www.wikidata.org/wiki/Q2095549,,,,,,,
19821117066379I,PILOT UNABLE TO PRESSURIZE. FOUND ACCESS DOOR SLIGHTLY OPEN. DEPRESSURIZED. DOOR OPENED FULLY. STOPPED BY FUSELAGE.,ACCESS DOOR,Q2550031,https://www.wikidata.org/wiki/Q2550031,DOOR,Q36794,https://www.wikidata.org/wiki/Q36794,,,,
19821117066379I,PILOT UNABLE TO PRESSURIZE. FOUND ACCESS DOOR SLIGHTLY OPEN. DEPRESSURIZED. DOOR OPENED FULLY. STOPPED BY FUSELAGE.,DOOR,Q2550031,https://www.wikidata.org/wiki/Q2550031,,,,,,,
19821117066379I,PILOT UNABLE TO PRESSURIZE. FOUND ACCESS DOOR SLIGHTLY OPEN. DEPRESSURIZED. DOOR OPENED FULLY. STOPPED BY FUSELAGE.,FUSELAGE,Q1110579,https://www.wikidata.org/wiki/Q1110579,,,,,,,
19810303007119A,VEERED OFF RUNWAY ON LANDING. HIT PARKED AIRPLANE. NEWLY INSTALLED CARPETING RESTRICTED RUDDER PEDAL MOVEMENT.,RUNWAY,Q184590,https://www.wikidata.org/wiki/Q184590,,,,,,,
19810303007119A,VEERED OFF RUNWAY ON LANDING. HIT PARKED AIRPLANE. NEWLY INSTALLED CARPETING RESTRICTED RUDDER PEDAL MOVEMENT.,LANDING,Q844947,https://www.wikidata.org/wiki/Q844947,,,,,,,
19810303007119A,VEERED OFF RUNWAY ON LANDING. HIT PARKED AIRPLANE. NEWLY INSTALLED CARPETING RESTRICTED RUDDER PEDAL MOVEMENT.,PARKED AIRPLANE,,,AIRPLANE,Q197,https://www.wikidata.org/wiki/Q197,,,,
19810303007119A,VEERED OFF RUNWAY ON LANDING. HIT PARKED AIRPLANE. NEWLY INSTALLED CARPETING RESTRICTED RUDDER PEDAL MOVEMENT.,NEWLY INSTALLED CARPETING,,,CARPETING,Q124371860,https://www.wikidata.org/wiki/Q124371860,,,,
19810303007119A,VEERED OFF RUNWAY ON LANDING. HIT PARKED AIRPLANE. NEWLY INSTALLED CARPETING RESTRICTED RUDDER PEDAL MOVEMENT.,RUDDER PEDAL,Q56344540,https://www.wikidata.org/wiki/Q56344540,PEDAL,Q1231985,https://www.wikidata.org/wiki/Q1231985,,,,
19950602032329I,VEERED OFF TAXIWAY. STRUCK TAXIWAY LIGHT. WAS ADVISED DAMAGED PROP. CONTINUED TO LIT.,TAXIWAY,Q910386,https://www.wikidata.org/wiki/Q910386,,,,,,,
19950602032329I,VEERED OFF TAXIWAY. STRUCK TAXIWAY LIGHT. WAS ADVISED DAMAGED PROP. CONTINUED TO LIT.,TAXIWAY,Q910386,https://www.wikidata.org/wiki/Q910386,,,,,,,
19950602032329I,VEERED OFF TAXIWAY. STRUCK TAXIWAY LIGHT. WAS ADVISED DAMAGED PROP. CONTINUED TO LIT.,DAMAGED PROP,,,PROP,Q922654,https://www.wikidata.org/wiki/Q922654,,,,
19901101064289I,FUEL CAP MISSING FROM RIGHT TANK AND GAS ESCAPING WHILE TAXIING. REPLACED CAP. RESUMED FLIGHT WITHOUT CLEANING WING,FUEL CAP,,,CAP,Q2488579,https://www.wikidata.org/wiki/Q2488579,,,,
19901101064289I,FUEL CAP MISSING FROM RIGHT TANK AND GAS ESCAPING WHILE TAXIING. REPLACED CAP. RESUMED FLIGHT WITHOUT CLEANING WING,RIGHT TANK,,,TANK,Q1047832,https://www.wikidata.org/wiki/Q1047832,,,,
19901101064289I,FUEL CAP MISSING FROM RIGHT TANK AND GAS ESCAPING WHILE TAXIING. REPLACED CAP. RESUMED FLIGHT WITHOUT CLEANING WING,GAS,Q40858,https://www.wikidata.org/wiki/Q40858,,,,,,,
19901101064289I,FUEL CAP MISSING FROM RIGHT TANK AND GAS ESCAPING WHILE TAXIING. REPLACED CAP. RESUMED FLIGHT WITHOUT CLEANING WING,CAP,Q2488579,https://www.wikidata.org/wiki/Q2488579,,,,,,,
19901101064289I,FUEL CAP MISSING FROM RIGHT TANK AND GAS ESCAPING WHILE TAXIING. REPLACED CAP. RESUMED FLIGHT WITHOUT CLEANING WING,FLIGHT,Q15921555,https://www.wikidata.org/wiki/Q15921555,,,,,,,
19901101064289I,FUEL CAP MISSING FROM RIGHT TANK AND GAS ESCAPING WHILE TAXIING. REPLACED CAP. RESUMED FLIGHT WITHOUT CLEANING WING,WING,Q161358,https://www.wikidata.org/wiki/Q161358,,,,,,,
20050713014239I,"(-23) ON JULY 13, 2005, AT 1535 MST, AN RAYTHEON AIRCRAFT CO. B36TC (BONANZA), N3042V REGISTERED TO HAVENS LEASING","JULY 13, 2005",Q22663152,https://www.wikidata.org/wiki/Q22663152,,,,,,,
20050713014239I,"(-23) ON JULY 13, 2005, AT 1535 MST, AN RAYTHEON AIRCRAFT CO. B36TC (BONANZA), N3042V REGISTERED TO HAVENS LEASING",1535 MST,,,1535,Q55811751,https://www.wikidata.org/wiki/Q55811751,,,,
20050713014239I,"(-23) ON JULY 13, 2005, AT 1535 MST, AN RAYTHEON AIRCRAFT CO. B36TC (BONANZA), N3042V REGISTERED TO HAVENS LEASING","RAYTHEON AIRCRAFT CO. B36TC (BONANZA), N3042V REGISTERED TO HAVENS LEASING",,,B36TC,Q29369815,https://www.wikidata.org/wiki/Q29369815,,,,
20050713014239I,"(-23) ON JULY 13, 2005, AT 1535 MST, AN RAYTHEON AIRCRAFT CO. B36TC (BONANZA), N3042V REGISTERED TO HAVENS LEASING",RAYTHEON AIRCRAFT CO.,Q10357714,https://www.wikidata.org/wiki/Q10357714,,,,,,,
20050713014239I,"(-23) ON JULY 13, 2005, AT 1535 MST, AN RAYTHEON AIRCRAFT CO. B36TC (BONANZA), N3042V REGISTERED TO HAVENS LEASING",BONANZA,Q312540,https://www.wikidata.org/wiki/Q312540,,,,,,,
20050713014239I,"(-23) ON JULY 13, 2005, AT 1535 MST, AN RAYTHEON AIRCRAFT CO. B36TC (BONANZA), N3042V REGISTERED TO HAVENS LEASING",N3042V,,,,,,,,,
20050713014239I,"(-23) ON JULY 13, 2005, AT 1535 MST, AN RAYTHEON AIRCRAFT CO. B36TC (BONANZA), N3042V REGISTERED TO HAVENS LEASING",HAVENS LEASING,,,,,,,,,
19860706034879A,THE ENGINE LOST POWER ON TAKEOFF AND THE AIRCRAFT FLIPPED ON LANDING.PILOT HAD JUST FILLED TANKS. WATER IN FUEL.,ENGINE,Q743004,https://www.wikidata.org/wiki/Q743004,,,,,,,
19860706034879A,THE ENGINE LOST POWER ON TAKEOFF AND THE AIRCRAFT FLIPPED ON LANDING.PILOT HAD JUST FILLED TANKS. WATER IN FUEL.,POWER,Q25342,https://www.wikidata.org/wiki/Q25342,,,,,,,
19860706034879A,THE ENGINE LOST POWER ON TAKEOFF AND THE AIRCRAFT FLIPPED ON LANDING.PILOT HAD JUST FILLED TANKS. WATER IN FUEL.,TAKEOFF,Q854248,https://www.wikidata.org/wiki/Q854248,,,,,,,
19860706034879A,THE ENGINE LOST POWER ON TAKEOFF AND THE AIRCRAFT FLIPPED ON LANDING.PILOT HAD JUST FILLED TANKS. WATER IN FUEL.,AIRCRAFT,Q11436,https://www.wikidata.org/wiki/Q11436,,,,,,,
19860706034879A,THE ENGINE LOST POWER ON TAKEOFF AND THE AIRCRAFT FLIPPED ON LANDING.PILOT HAD JUST FILLED TANKS. WATER IN FUEL.,LANDING,Q844947,https://www.wikidata.org/wiki/Q844947,,,,,,,
19860706034879A,THE ENGINE LOST POWER ON TAKEOFF AND THE AIRCRAFT FLIPPED ON LANDING.PILOT HAD JUST FILLED TANKS. WATER IN FUEL.,PILOT,Q2095549,https://www.wikidata.org/wiki/Q2095549,,,,,,,
19860706034879A,THE ENGINE LOST POWER ON TAKEOFF AND THE AIRCRAFT FLIPPED ON LANDING.PILOT HAD JUST FILLED TANKS. WATER IN FUEL.,TANKS,Q1047832,https://www.wikidata.org/wiki/Q1047832,,,,,,,
19860706034879A,THE ENGINE LOST POWER ON TAKEOFF AND THE AIRCRAFT FLIPPED ON LANDING.PILOT HAD JUST FILLED TANKS. WATER IN FUEL.,WATER IN FUEL,,,WATER,Q283,https://www.wikidata.org/wiki/Q283,,,,
19860706034879A,THE ENGINE LOST POWER ON TAKEOFF AND THE AIRCRAFT FLIPPED ON LANDING.PILOT HAD JUST FILLED TANKS. WATER IN FUEL.,FUEL,Q5361665,https://www.wikidata.org/wiki/Q5361665,,,,,,,
19840121015319I,ENGINE FAILED AFTER TAKEOFF. TRIED TO MAKE A ROAD BUT DRIFTED OFF THE EDGE. FOUND SOLID ICE IN CARBURETOR BOWL.,ENGINE,Q743004,https://www.wikidata.org/wiki/Q743004,,,,,,,
19840121015319I,ENGINE FAILED AFTER TAKEOFF. TRIED TO MAKE A ROAD BUT DRIFTED OFF THE EDGE. FOUND SOLID ICE IN CARBURETOR BOWL.,TAKEOFF,Q854248,https://www.wikidata.org/wiki/Q854248,,,,,,,
19840121015319I,ENGINE FAILED AFTER TAKEOFF. TRIED TO MAKE A ROAD BUT DRIFTED OFF THE EDGE. FOUND SOLID ICE IN CARBURETOR BOWL.,ROAD,Q34442,https://www.wikidata.org/wiki/Q34442,,,,,,,
19840121015319I,ENGINE FAILED AFTER TAKEOFF. TRIED TO MAKE A ROAD BUT DRIFTED OFF THE EDGE. FOUND SOLID ICE IN CARBURETOR BOWL.,SOLID ICE IN CARBURETOR BOWL,,,ICE,Q23392,https://www.wikidata.org/wiki/Q23392,,,,
19840121015319I,ENGINE FAILED AFTER TAKEOFF. TRIED TO MAKE A ROAD BUT DRIFTED OFF THE EDGE. FOUND SOLID ICE IN CARBURETOR BOWL.,CARBURETOR BOWL,,,CARBURETOR,Q165435,https://www.wikidata.org/wiki/Q165435,,,,
19950527014439A,LOST CONTROL ON CLIMBOUT AFTER TOW RELEASE. ROLLED BOTH WAYS. SPIRAL TO IMPACT. NEGLECTED TO CONNECT RIGHT AILERON.,CLIMBOUT,Q1499786,https://www.wikidata.org/wiki/Q1499786,,,,,,,
19950527014439A,LOST CONTROL ON CLIMBOUT AFTER TOW RELEASE. ROLLED BOTH WAYS. SPIRAL TO IMPACT. NEGLECTED TO CONNECT RIGHT AILERON.,TOW RELEASE,,,,,,,,,
19950527014439A,LOST CONTROL ON CLIMBOUT AFTER TOW RELEASE. ROLLED BOTH WAYS. SPIRAL TO IMPACT. NEGLECTED TO CONNECT RIGHT AILERON.,RIGHT AILERON,,,AILERON,Q509379,https://www.wikidata.org/wiki/Q509379,,,,
19960322013629I,NARRATIVE: THE AIRCRAFT WAS BEING FERRIED FOR MAINTENANCE. THE GEAR BLOCKED DOWN AND THE NOSE BLOCK FELL OUT DURING,AIRCRAFT,Q11436,https://www.wikidata.org/wiki/Q11436,,,,,,,
19960322013629I,NARRATIVE: THE AIRCRAFT WAS BEING FERRIED FOR MAINTENANCE. THE GEAR BLOCKED DOWN AND THE NOSE BLOCK FELL OUT DURING,MAINTENANCE,Q1043452,https://www.wikidata.org/wiki/Q1043452,,,,,,,
19960322013629I,NARRATIVE: THE AIRCRAFT WAS BEING FERRIED FOR MAINTENANCE. THE GEAR BLOCKED DOWN AND THE NOSE BLOCK FELL OUT DURING,GEAR,Q263421,https://www.wikidata.org/wiki/Q263421,,,,,,,
19960322013629I,NARRATIVE: THE AIRCRAFT WAS BEING FERRIED FOR MAINTENANCE. THE GEAR BLOCKED DOWN AND THE NOSE BLOCK FELL OUT DURING,NOSE BLOCK,,,,,,,,,
19960504009509A,FAILED TO DETACH TRAILER TIE DOWN FROM SKID. LOST CONTROL AND ROLLED ON LIFT OFF. (-23) PILOT FAILED TO FULLY DETAC,TRAILER TIE DOWN,,,TIE DOWN,Q1277336,https://www.wikidata.org/wiki/Q1277336,,,,
19960504009509A,FAILED TO DETACH TRAILER TIE DOWN FROM SKID. LOST CONTROL AND ROLLED ON LIFT OFF. (-23) PILOT FAILED TO FULLY DETAC,TRAILER,Q216146,https://www.wikidata.org/wiki/Q216146,,,,,,,
19960504009509A,FAILED TO DETACH TRAILER TIE DOWN FROM SKID. LOST CONTROL AND ROLLED ON LIFT OFF. (-23) PILOT FAILED TO FULLY DETAC,SKID,,,,,,,,,
19960504009509A,FAILED TO DETACH TRAILER TIE DOWN FROM SKID. LOST CONTROL AND ROLLED ON LIFT OFF. (-23) PILOT FAILED TO FULLY DETAC,PILOT,Q2095549,https://www.wikidata.org/wiki/Q2095549,,,,,,,
19790211002709A,AIRCRAFT FAILED TO LIFTOFF RUNWAY. RAN OFF END INTO SNOW BANK. FROST ON AIRFRAME.,AIRCRAFT,Q11436,https://www.wikidata.org/wiki/Q11436,,,,,,,
19790211002709A,AIRCRAFT FAILED TO LIFTOFF RUNWAY. RAN OFF END INTO SNOW BANK. FROST ON AIRFRAME.,LIFTOFF,Q854248,https://www.wikidata.org/wiki/Q854248,,,,,,,
19790211002709A,AIRCRAFT FAILED TO LIFTOFF RUNWAY. RAN OFF END INTO SNOW BANK. FROST ON AIRFRAME.,RUNWAY,Q184590,https://www.wikidata.org/wiki/Q184590,,,,,,,
19790211002709A,AIRCRAFT FAILED TO LIFTOFF RUNWAY. RAN OFF END INTO SNOW BANK. FROST ON AIRFRAME.,SNOW BANK,Q2846052,https://www.wikidata.org/wiki/Q2846052,,,,,,,
19790211002709A,AIRCRAFT FAILED TO LIFTOFF RUNWAY. RAN OFF END INTO SNOW BANK. FROST ON AIRFRAME.,FROST ON AIRFRAME,,,FROST,Q4590598,https://www.wikidata.org/wiki/Q4590598,,,,
19790211002709A,AIRCRAFT FAILED TO LIFTOFF RUNWAY. RAN OFF END INTO SNOW BANK. FROST ON AIRFRAME.,AIRFRAME,Q222946,https://www.wikidata.org/wiki/Q222946,,,,,,,
19850418016709I,ENGINE POWER FAILURE WHILE DOING AEROBATICS. LANDED IN FIELD. PILOT DID NOT VISUALLY INSPECT FUEL TANKS.,ENGINE POWER FAILURE,,,POWER FAILURE,Q828827,https://www.wikidata.org/wiki/Q828827,,,,
19850418016709I,ENGINE POWER FAILURE WHILE DOING AEROBATICS. LANDED IN FIELD. PILOT DID NOT VISUALLY INSPECT FUEL TANKS.,ENGINE POWER,,,POWER,Q25342,https://www.wikidata.org/wiki/Q25342,,,,
19850418016709I,ENGINE POWER FAILURE WHILE DOING AEROBATICS. LANDED IN FIELD. PILOT DID NOT VISUALLY INSPECT FUEL TANKS.,ENGINE,Q743004,https://www.wikidata.org/wiki/Q743004,,,,,,,
19850418016709I,ENGINE POWER FAILURE WHILE DOING AEROBATICS. LANDED IN FIELD. PILOT DID NOT VISUALLY INSPECT FUEL TANKS.,AEROBATICS,Q373557,https://www.wikidata.org/wiki/Q373557,,,,,,,
19850418016709I,ENGINE POWER FAILURE WHILE DOING AEROBATICS. LANDED IN FIELD. PILOT DID NOT VISUALLY INSPECT FUEL TANKS.,FIELD,Q188869,https://www.wikidata.org/wiki/Q188869,,,,,,,
19850418016709I,ENGINE POWER FAILURE WHILE DOING AEROBATICS. LANDED IN FIELD. PILOT DID NOT VISUALLY INSPECT FUEL TANKS.,PILOT,Q2095549,https://www.wikidata.org/wiki/Q2095549,,,,,,,
19850418016709I,ENGINE POWER FAILURE WHILE DOING AEROBATICS. LANDED IN FIELD. PILOT DID NOT VISUALLY INSPECT FUEL TANKS.,FUEL TANKS,Q1411232,https://www.wikidata.org/wiki/Q1411232,TANKS,Q1047832,https://www.wikidata.org/wiki/Q1047832,,,,
19780913017419I,ABORTED TAKEOFF WHEN FRONT BAGGAGE DOOR POPPED OPEN.,ABORTED TAKEOFF,,,TAKEOFF,Q854248,https://www.wikidata.org/wiki/Q854248,,,,
19780913017419I,ABORTED TAKEOFF WHEN FRONT BAGGAGE DOOR POPPED OPEN.,FRONT BAGGAGE DOOR,,,BAGGAGE DOOR,,,DOOR,Q36794,https://www.wikidata.org/wiki/Q36794,
19781113027039I,PILOT TAXIED INTO UNMARKED DITCH AT END OF TAXIWAY.,PILOT,Q2095549,https://www.wikidata.org/wiki/Q2095549,,,,,,,
19781113027039I,PILOT TAXIED INTO UNMARKED DITCH AT END OF TAXIWAY.,TAXIWAY,Q910386,https://www.wikidata.org/wiki/Q910386,,,,,,,
19870606018859A,UNABLE TO STAY AIRBORNE ON TAKEOFF. ABORTED AND GROUND LOOPED INTO A TREE TO AVOID OVERRUN. MAG SWITCH ON ONE MAG.,TAKEOFF,Q854248,https://www.wikidata.org/wiki/Q854248,,,,,,,
19870606018859A,UNABLE TO STAY AIRBORNE ON TAKEOFF. ABORTED AND GROUND LOOPED INTO A TREE TO AVOID OVERRUN. MAG SWITCH ON ONE MAG.,MAG SWITCH,,,,,,,,,
19870606018859A,UNABLE TO STAY AIRBORNE ON TAKEOFF. ABORTED AND GROUND LOOPED INTO A TREE TO AVOID OVERRUN. MAG SWITCH ON ONE MAG.,ONE,Q199,https://www.wikidata.org/wiki/Q199,,,,,,,
19870606018859A,UNABLE TO STAY AIRBORNE ON TAKEOFF. ABORTED AND GROUND LOOPED INTO A TREE TO AVOID OVERRUN. MAG SWITCH ON ONE MAG.,ONE MAG,,,,,,,,,
19990714022959I,(-23) ACCORDING TO THE PILOT HE DEPARTED FRONT RANGE AIRPORT DURING THE HOURS OF DARKNESS. DURING THE START AND RUN,PILOT,Q2095549,https://www.wikidata.org/wiki/Q2095549,,,,,,,
19990714022959I,(-23) ACCORDING TO THE PILOT HE DEPARTED FRONT RANGE AIRPORT DURING THE HOURS OF DARKNESS. DURING THE START AND RUN,FRONT RANGE AIRPORT,Q3275315,https://www.wikidata.org/wiki/Q3275315,AIRPORT,Q1248784,https://www.wikidata.org/wiki/Q1248784,,,,
19990714022959I,(-23) ACCORDING TO THE PILOT HE DEPARTED FRONT RANGE AIRPORT DURING THE HOURS OF DARKNESS. DURING THE START AND RUN,START AND RUN,,,,,,,,,
19870319012959I,NOSE GEAR WOULD NOT RETRACT AFTER TAKEOFF. RETURNED AND FOUND PIN WAS INSTALLED.,NOSE GEAR,,,GEAR,Q263421,https://www.wikidata.org/wiki/Q263421,,,,
19870319012959I,NOSE GEAR WOULD NOT RETRACT AFTER TAKEOFF. RETURNED AND FOUND PIN WAS INSTALLED.,TAKEOFF,Q854248,https://www.wikidata.org/wiki/Q854248,,,,,,,
19870319012959I,NOSE GEAR WOULD NOT RETRACT AFTER TAKEOFF. RETURNED AND FOUND PIN WAS INSTALLED.,PIN,,,,,,,,,
20050504010229A,"(-23) A SIKORSKY S-70A, N160LA, ENCOUNTERED A VIBRATION AFTER THE APU DOOR STRUCK A MAIN ROTOR BLADE INFLIGHT NEAR","SIKORSKY S-70A, N160LA",Q122389003,https://www.wikidata.org/wiki/Q122389003,S-70A,Q122389003,https://www.wikidata.org/wiki/Q122389003,,,,
20050504010229A,"(-23) A SIKORSKY S-70A, N160LA, ENCOUNTERED A VIBRATION AFTER THE APU DOOR STRUCK A MAIN ROTOR BLADE INFLIGHT NEAR",SIKORSKY S-70A,Q122389003,https://www.wikidata.org/wiki/Q122389003,S-70A,Q122389003,https://www.wikidata.org/wiki/Q122389003,,,,
20050504010229A,"(-23) A SIKORSKY S-70A, N160LA, ENCOUNTERED A VIBRATION AFTER THE APU DOOR STRUCK A MAIN ROTOR BLADE INFLIGHT NEAR",SIKORSKY,Q549189,https://www.wikidata.org/wiki/Q549189,,,,,,,
20050504010229A,"(-23) A SIKORSKY S-70A, N160LA, ENCOUNTERED A VIBRATION AFTER THE APU DOOR STRUCK A MAIN ROTOR BLADE INFLIGHT NEAR",N160LA,,,,,,,,,
20050504010229A,"(-23) A SIKORSKY S-70A, N160LA, ENCOUNTERED A VIBRATION AFTER THE APU DOOR STRUCK A MAIN ROTOR BLADE INFLIGHT NEAR",VIBRATION,Q3695508,https://www.wikidata.org/wiki/Q3695508,,,,,,,
20050504010229A,"(-23) A SIKORSKY S-70A, N160LA, ENCOUNTERED A VIBRATION AFTER THE APU DOOR STRUCK A MAIN ROTOR BLADE INFLIGHT NEAR",APU DOOR,,,DOOR,Q36794,https://www.wikidata.org/wiki/Q36794,,,,
20050504010229A,"(-23) A SIKORSKY S-70A, N160LA, ENCOUNTERED A VIBRATION AFTER THE APU DOOR STRUCK A MAIN ROTOR BLADE INFLIGHT NEAR",MAIN ROTOR BLADE,,,ROTOR BLADE,Q106992314,https://www.wikidata.org/wiki/Q106992314,BLADE,Q106992314,https://www.wikidata.org/wiki/Q106992314,
20050429009279I,(-23) THE PILOT WAS TAXIING THE AIRCRAFT TO PARKING FOLLOWING A CARGO TRIP. UPON REACHING A POINT WHERE THE TAXIWAY,PILOT,Q2095549,https://www.wikidata.org/wiki/Q2095549,,,,,,,
20050429009279I,(-23) THE PILOT WAS TAXIING THE AIRCRAFT TO PARKING FOLLOWING A CARGO TRIP. UPON REACHING A POINT WHERE THE TAXIWAY,AIRCRAFT,Q11436,https://www.wikidata.org/wiki/Q11436,,,,,,,
20050429009279I,(-23) THE PILOT WAS TAXIING THE AIRCRAFT TO PARKING FOLLOWING A CARGO TRIP. UPON REACHING A POINT WHERE THE TAXIWAY,CARGO TRIP,,,TRIP,Q778483,https://www.wikidata.org/wiki/Q778483,,,,
20050429009279I,(-23) THE PILOT WAS TAXIING THE AIRCRAFT TO PARKING FOLLOWING A CARGO TRIP. UPON REACHING A POINT WHERE THE TAXIWAY,TAXIWAY,Q910386,https://www.wikidata.org/wiki/Q910386,,,,,,,
19890723054159I,AFTER LANDING IT WAS DETERMINED THERE WAS INSUFFICIENT NUMBER OF SEATS AND OXYGEN MASKS FOR PASSENGERS ONBOARD.,LANDING,Q844947,https://www.wikidata.org/wiki/Q844947,,,,,,,
19890723054159I,AFTER LANDING IT WAS DETERMINED THERE WAS INSUFFICIENT NUMBER OF SEATS AND OXYGEN MASKS FOR PASSENGERS ONBOARD.,INSUFFICIENT NUMBER OF SEATS AND OXYGEN MASKS FOR PASSENGERS ONBOARD,,,SEATS,Q2207370,https://www.wikidata.org/wiki/Q2207370,,,,
19890723054159I,AFTER LANDING IT WAS DETERMINED THERE WAS INSUFFICIENT NUMBER OF SEATS AND OXYGEN MASKS FOR PASSENGERS ONBOARD.,INSUFFICIENT NUMBER OF SEATS AND OXYGEN MASKS FOR PASSENGERS ONBOARD,,,OXYGEN MASKS,Q1890958,https://www.wikidata.org/wiki/Q1890958,,,,
19890723054159I,AFTER LANDING IT WAS DETERMINED THERE WAS INSUFFICIENT NUMBER OF SEATS AND OXYGEN MASKS FOR PASSENGERS ONBOARD.,PASSENGERS,Q319604,https://www.wikidata.org/wiki/Q319604,,,,,,,
19970523014439I,NARRATIVE: THE CARGO DOOR WAS LATCHED BEFORE TAKEOFF BY MR. BOWEN. RUNWAY CONDITIONS AT STEVEN'S VILLAGE WAS EXTREM,CARGO DOOR,,,DOOR,Q36794,https://www.wikidata.org/wiki/Q36794,,,,
19970523014439I,NARRATIVE: THE CARGO DOOR WAS LATCHED BEFORE TAKEOFF BY MR. BOWEN. RUNWAY CONDITIONS AT STEVEN'S VILLAGE WAS EXTREM,TAKEOFF,Q854248,https://www.wikidata.org/wiki/Q854248,,,,,,,
19970523014439I,NARRATIVE: THE CARGO DOOR WAS LATCHED BEFORE TAKEOFF BY MR. BOWEN. RUNWAY CONDITIONS AT STEVEN'S VILLAGE WAS EXTREM,MR. BOWEN,,,,,,,,,
19970523014439I,NARRATIVE: THE CARGO DOOR WAS LATCHED BEFORE TAKEOFF BY MR. BOWEN. RUNWAY CONDITIONS AT STEVEN'S VILLAGE WAS EXTREM,RUNWAY CONDITIONS,,,CONDITIONS,Q813912,https://www.wikidata.org/wiki/Q813912,,,,
19970523014439I,NARRATIVE: THE CARGO DOOR WAS LATCHED BEFORE TAKEOFF BY MR. BOWEN. RUNWAY CONDITIONS AT STEVEN'S VILLAGE WAS EXTREM,STEVEN'S VILLAGE,Q661370,https://www.wikidata.org/wiki/Q661370,,,,,,,
19970908038069A,TIRED TAXI WITH TIEDOWN CHAINS ATTACHE. ROLLED OVER. PILOT FAILED NOTE RAMP PERSON TIED SKIDS DUE HIGH WIND.,TIEDOWN CHAINS,Q1277336,https://www.wikidata.org/wiki/Q1277336,CHAINS,Q2397485,https://www.wikidata.org/wiki/Q2397485,,,,
19970908038069A,TIRED TAXI WITH TIEDOWN CHAINS ATTACHE. ROLLED OVER. PILOT FAILED NOTE RAMP PERSON TIED SKIDS DUE HIGH WIND.,PILOT,Q2095549,https://www.wikidata.org/wiki/Q2095549,,,,,,,
19970908038069A,TIRED TAXI WITH TIEDOWN CHAINS ATTACHE. ROLLED OVER. PILOT FAILED NOTE RAMP PERSON TIED SKIDS DUE HIGH WIND.,RAMP PERSON,,,PERSON,Q5,https://www.wikidata.org/wiki/Q5,,,,
19970908038069A,TIRED TAXI WITH TIEDOWN CHAINS ATTACHE. ROLLED OVER. PILOT FAILED NOTE RAMP PERSON TIED SKIDS DUE HIGH WIND.,SKIDS,,,,,,,,,
19970908038069A,TIRED TAXI WITH TIEDOWN CHAINS ATTACHE. ROLLED OVER. PILOT FAILED NOTE RAMP PERSON TIED SKIDS DUE HIGH WIND.,HIGH WIND,,,WIND,Q8094,https://www.wikidata.org/wiki/Q8094,,,,
19781108022239I,BAGGAGE CART WAS BLOWN INTO PARKED AIRCRAFT BY JET BLAST. BRAKES WERE INOPERATIVE ON CART.,BAGGAGE CART,Q14277552,https://www.wikidata.org/wiki/Q14277552,CART,Q234668,https://www.wikidata.org/wiki/Q234668,,,,
19781108022239I,BAGGAGE CART WAS BLOWN INTO PARKED AIRCRAFT BY JET BLAST. BRAKES WERE INOPERATIVE ON CART.,PARKED AIRCRAFT,,,AIRCRAFT,Q11436,https://www.wikidata.org/wiki/Q11436,,,,
19781108022239I,BAGGAGE CART WAS BLOWN INTO PARKED AIRCRAFT BY JET BLAST. BRAKES WERE INOPERATIVE ON CART.,BRAKES,Q1534839,https://www.wikidata.org/wiki/Q1534839,,,,,,,
19781108022239I,BAGGAGE CART WAS BLOWN INTO PARKED AIRCRAFT BY JET BLAST. BRAKES WERE INOPERATIVE ON CART.,CART,Q14277552,https://www.wikidata.org/wiki/Q14277552,,,,,,,
19760606015529A,SUFFICIENT OPPORTUNITY EXISTED TO RELEASE WHEN GLIDER ASSUMED NOSE HIGH ATTITUDE.,GLIDER,Q2165278,https://www.wikidata.org/wiki/Q2165278,,,,,,,
19760606015529A,SUFFICIENT OPPORTUNITY EXISTED TO RELEASE WHEN GLIDER ASSUMED NOSE HIGH ATTITUDE.,NOSE HIGH ATTITUDE,,,ATTITUDE,Q4698572,https://www.wikidata.org/wiki/Q4698572,,,,
19760606015529A,SUFFICIENT OPPORTUNITY EXISTED TO RELEASE WHEN GLIDER ASSUMED NOSE HIGH ATTITUDE.,NOSE,Q1434090,https://www.wikidata.org/wiki/Q1434090,,,,,,,
20051009024969I,(-23) ^PRIVACY DATA OMITTED^ HELICOPTER ENGINE POWER CHECKS WERE BEING CONDUCTED BY PILOT AND ONE CREWMEMBER. DURIN,HELICOPTER ENGINE POWER CHECKS,,,,,,,,,
20051009024969I,(-23) ^PRIVACY DATA OMITTED^ HELICOPTER ENGINE POWER CHECKS WERE BEING CONDUCTED BY PILOT AND ONE CREWMEMBER. DURIN,HELICOPTER ENGINE,,,ENGINE,Q743004,https://www.wikidata.org/wiki/Q743004,,,,
20051009024969I,(-23) ^PRIVACY DATA OMITTED^ HELICOPTER ENGINE POWER CHECKS WERE BEING CONDUCTED BY PILOT AND ONE CREWMEMBER. DURIN,HELICOPTER,Q34486,https://www.wikidata.org/wiki/Q34486,,,,,,,
20051009024969I,(-23) ^PRIVACY DATA OMITTED^ HELICOPTER ENGINE POWER CHECKS WERE BEING CONDUCTED BY PILOT AND ONE CREWMEMBER. DURIN,PILOT,Q2095549,https://www.wikidata.org/wiki/Q2095549,,,,,,,
20051009024969I,(-23) ^PRIVACY DATA OMITTED^ HELICOPTER ENGINE POWER CHECKS WERE BEING CONDUCTED BY PILOT AND ONE CREWMEMBER. DURIN,ONE CREWMEMBER,,,CREWMEMBER,Q5184855,https://www.wikidata.org/wiki/Q5184855,,,,
20051009024969I,(-23) ^PRIVACY DATA OMITTED^ HELICOPTER ENGINE POWER CHECKS WERE BEING CONDUCTED BY PILOT AND ONE CREWMEMBER. DURIN,ONE,Q199,https://www.wikidata.org/wiki/Q199,,,,,,,
19930530020029I,PILOT LOST CONTROL OF AIRCRAFT ON TAKEOFF ROLL. PILOTS SEAT WAS NOT LOCKED IN POSITION AND SLID AFT ON ACCELARATION,PILOT,Q2095549,https://www.wikidata.org/wiki/Q2095549,,,,,,,
19930530020029I,PILOT LOST CONTROL OF AIRCRAFT ON TAKEOFF ROLL. PILOTS SEAT WAS NOT LOCKED IN POSITION AND SLID AFT ON ACCELARATION,AIRCRAFT,Q11436,https://www.wikidata.org/wiki/Q11436,,,,,,,
19930530020029I,PILOT LOST CONTROL OF AIRCRAFT ON TAKEOFF ROLL. PILOTS SEAT WAS NOT LOCKED IN POSITION AND SLID AFT ON ACCELARATION,TAKEOFF ROLL,Q21026829,https://www.wikidata.org/wiki/Q21026829,TAKEOFF,Q854248,https://www.wikidata.org/wiki/Q854248,,,,
19930530020029I,PILOT LOST CONTROL OF AIRCRAFT ON TAKEOFF ROLL. PILOTS SEAT WAS NOT LOCKED IN POSITION AND SLID AFT ON ACCELARATION,TAKEOFF,Q854248,https://www.wikidata.org/wiki/Q854248,,,,,,,
19930530020029I,PILOT LOST CONTROL OF AIRCRAFT ON TAKEOFF ROLL. PILOTS SEAT WAS NOT LOCKED IN POSITION AND SLID AFT ON ACCELARATION,PILOTS SEAT,,,SEAT,Q2207370,https://www.wikidata.org/wiki/Q2207370,,,,
19930530020029I,PILOT LOST CONTROL OF AIRCRAFT ON TAKEOFF ROLL. PILOTS SEAT WAS NOT LOCKED IN POSITION AND SLID AFT ON ACCELARATION,PILOTS,Q2095549,https://www.wikidata.org/wiki/Q2095549,,,,,,,
19801230089799I,"FLAT NOSE STRUT FAILED TO EXTEND BEFORE RETRACTION. IT CAUGHT ON AIRPLANE STRUCTURE, BROKE THE BELLCRANK. COLLAPSED",FLAT NOSE STRUT,,,,,,,,,
19801230089799I,"FLAT NOSE STRUT FAILED TO EXTEND BEFORE RETRACTION. IT CAUGHT ON AIRPLANE STRUCTURE, BROKE THE BELLCRANK. COLLAPSED",AIRPLANE STRUCTURE,Q222946,https://www.wikidata.org/wiki/Q222946,STRUCTURE,Q222946,https://www.wikidata.org/wiki/Q222946,,,,
19801230089799I,"FLAT NOSE STRUT FAILED TO EXTEND BEFORE RETRACTION. IT CAUGHT ON AIRPLANE STRUCTURE, BROKE THE BELLCRANK. COLLAPSED",AIRPLANE,Q197,https://www.wikidata.org/wiki/Q197,,,,,,,
19801230089799I,"FLAT NOSE STRUT FAILED TO EXTEND BEFORE RETRACTION. IT CAUGHT ON AIRPLANE STRUCTURE, BROKE THE BELLCRANK. COLLAPSED",BELLCRANK,Q4883578,https://www.wikidata.org/wiki/Q4883578,,,,,,,
19980508008619A,LOST POWER ENROUTE. NOSED OVER LANDING ON A SLOPE. NO EVIDENCE OF FUEL AT SCENE. FAILED TO VISUALLY CHECK FUEL.. (.,POWER,Q25342,https://www.wikidata.org/wiki/Q25342,,,,,,,
19980508008619A,LOST POWER ENROUTE. NOSED OVER LANDING ON A SLOPE. NO EVIDENCE OF FUEL AT SCENE. FAILED TO VISUALLY CHECK FUEL.. (.,SLOPE,Q944588,https://www.wikidata.org/wiki/Q944588,,,,,,,
19980508008619A,LOST POWER ENROUTE. NOSED OVER LANDING ON A SLOPE. NO EVIDENCE OF FUEL AT SCENE. FAILED TO VISUALLY CHECK FUEL.. (.,NO EVIDENCE OF FUEL AT SCENE,,,EVIDENCE,Q1347572,https://www.wikidata.org/wiki/Q1347572,,,,
19980508008619A,LOST POWER ENROUTE. NOSED OVER LANDING ON A SLOPE. NO EVIDENCE OF FUEL AT SCENE. FAILED TO VISUALLY CHECK FUEL.. (.,FUEL,Q5361665,https://www.wikidata.org/wiki/Q5361665,,,,,,,
19940818022409A,LOST LEFT ENGINE NEAR H71. FEATHERED. HIGH . BEGAN GO AROUND BELOW VMC. CRASHED. BAD OIL LEAK. CRACKED ENGINE CASE.,LEFT ENGINE,,,ENGINE,Q743004,https://www.wikidata.org/wiki/Q743004,,,,
19940818022409A,LOST LEFT ENGINE NEAR H71. FEATHERED. HIGH . BEGAN GO AROUND BELOW VMC. CRASHED. BAD OIL LEAK. CRACKED ENGINE CASE.,H71,,,,,,,,,
19940818022409A,LOST LEFT ENGINE NEAR H71. FEATHERED. HIGH . BEGAN GO AROUND BELOW VMC. CRASHED. BAD OIL LEAK. CRACKED ENGINE CASE.,BAD OIL LEAK,,,OIL LEAK,,,LEAK,Q1349983,https://www.wikidata.org/wiki/Q1349983,
19940818022409A,LOST LEFT ENGINE NEAR H71. FEATHERED. HIGH . BEGAN GO AROUND BELOW VMC. CRASHED. BAD OIL LEAK. CRACKED ENGINE CASE.,OIL,Q42962,https://www.wikidata.org/wiki/Q42962,,,,,,,
19940818022409A,LOST LEFT ENGINE NEAR H71. FEATHERED. HIGH . BEGAN GO AROUND BELOW VMC. CRASHED. BAD OIL LEAK. CRACKED ENGINE CASE.,CRACKED ENGINE CASE,,,ENGINE CASE,,,CASE,Q987767,https://www.wikidata.org/wiki/Q987767,
19920405008919A,"ATTEMPTED TAKEOFF FROM 2500 FT SOD STRIP.GUSTY NORTH WIND,HIT TREES OFF END OF STRIP CRASHED.",TAKEOFF,Q854248,https://www.wikidata.org/wiki/Q854248,,,,,,,
19920405008919A,"ATTEMPTED TAKEOFF FROM 2500 FT SOD STRIP.GUSTY NORTH WIND,HIT TREES OFF END OF STRIP CRASHED.",2500 FT SOD STRIP,,,SOD STRIP,,,STRIP,Q184590,https://www.wikidata.org/wiki/Q184590,
19920405008919A,"ATTEMPTED TAKEOFF FROM 2500 FT SOD STRIP.GUSTY NORTH WIND,HIT TREES OFF END OF STRIP CRASHED.",2500 FT,,,,,,,,,
19920405008919A,"ATTEMPTED TAKEOFF FROM 2500 FT SOD STRIP.GUSTY NORTH WIND,HIT TREES OFF END OF STRIP CRASHED.",GUSTY NORTH WIND,,,NORTH WIND,Q21332443,https://www.wikidata.org/wiki/Q21332443,WIND,Q8094,https://www.wikidata.org/wiki/Q8094,
19920405008919A,"ATTEMPTED TAKEOFF FROM 2500 FT SOD STRIP.GUSTY NORTH WIND,HIT TREES OFF END OF STRIP CRASHED.",STRIP,Q184590,https://www.wikidata.org/wiki/Q184590,,,,,,,
19840821046409A,CRASH OCCURRED DURING FORCED LANDING AFTER ENGINE FAILURE DURING TAKEOFF. AIRCRAFT HAD NOT HAD ANNUAL INSPECTION.,CRASH,Q238053,https://www.wikidata.org/wiki/Q238053,,,,,,,
19840821046409A,CRASH OCCURRED DURING FORCED LANDING AFTER ENGINE FAILURE DURING TAKEOFF. AIRCRAFT HAD NOT HAD ANNUAL INSPECTION.,FORCED LANDING,Q1975745,https://www.wikidata.org/wiki/Q1975745,LANDING,Q844947,https://www.wikidata.org/wiki/Q844947,,,,
19840821046409A,CRASH OCCURRED DURING FORCED LANDING AFTER ENGINE FAILURE DURING TAKEOFF. AIRCRAFT HAD NOT HAD ANNUAL INSPECTION.,ENGINE FAILURE,Q46375738,https://www.wikidata.org/wiki/Q46375738,,,,,,,
19840821046409A,CRASH OCCURRED DURING FORCED LANDING AFTER ENGINE FAILURE DURING TAKEOFF. AIRCRAFT HAD NOT HAD ANNUAL INSPECTION.,ENGINE,Q743004,https://www.wikidata.org/wiki/Q743004,,,,,,,
19840821046409A,CRASH OCCURRED DURING FORCED LANDING AFTER ENGINE FAILURE DURING TAKEOFF. AIRCRAFT HAD NOT HAD ANNUAL INSPECTION.,TAKEOFF,Q854248,https://www.wikidata.org/wiki/Q854248,,,,,,,
19840821046409A,CRASH OCCURRED DURING FORCED LANDING AFTER ENGINE FAILURE DURING TAKEOFF. AIRCRAFT HAD NOT HAD ANNUAL INSPECTION.,AIRCRAFT,Q11436,https://www.wikidata.org/wiki/Q11436,,,,,,,
19840821046409A,CRASH OCCURRED DURING FORCED LANDING AFTER ENGINE FAILURE DURING TAKEOFF. AIRCRAFT HAD NOT HAD ANNUAL INSPECTION.,ANNUAL INSPECTION,,,INSPECTION,Q1137655,https://www.wikidata.org/wiki/Q1137655,,,,
19950216008379I,"NARRATIVE: THE PILOT OF CESSNA 207, N1549U STATED THAT AFTER TAKEOFF FROM THE BETHEL AIRPORT, THE ENGINE STOPPED RU","PILOT OF CESSNA 207, N1549U",,,PILOT,Q2095549,https://www.wikidata.org/wiki/Q2095549,,,,
19950216008379I,"NARRATIVE: THE PILOT OF CESSNA 207, N1549U STATED THAT AFTER TAKEOFF FROM THE BETHEL AIRPORT, THE ENGINE STOPPED RU","CESSNA 207, N1549U",,,CESSNA 207,Q10447208,https://www.wikidata.org/wiki/Q10447208,,,,
19950216008379I,"NARRATIVE: THE PILOT OF CESSNA 207, N1549U STATED THAT AFTER TAKEOFF FROM THE BETHEL AIRPORT, THE ENGINE STOPPED RU",CESSNA 207,Q10447208,https://www.wikidata.org/wiki/Q10447208,,,,,,,
19950216008379I,"NARRATIVE: THE PILOT OF CESSNA 207, N1549U STATED THAT AFTER TAKEOFF FROM THE BETHEL AIRPORT, THE ENGINE STOPPED RU",CESSNA,Q308889,https://www.wikidata.org/wiki/Q308889,,,,,,,
19950216008379I,"NARRATIVE: THE PILOT OF CESSNA 207, N1549U STATED THAT AFTER TAKEOFF FROM THE BETHEL AIRPORT, THE ENGINE STOPPED RU",N1549U,,,,,,,,,
19950216008379I,"NARRATIVE: THE PILOT OF CESSNA 207, N1549U STATED THAT AFTER TAKEOFF FROM THE BETHEL AIRPORT, THE ENGINE STOPPED RU",TAKEOFF FROM THE BETHEL AIRPORT,,,TAKEOFF,Q854248,https://www.wikidata.org/wiki/Q854248,,,,
19950216008379I,"NARRATIVE: THE PILOT OF CESSNA 207, N1549U STATED THAT AFTER TAKEOFF FROM THE BETHEL AIRPORT, THE ENGINE STOPPED RU",BETHEL AIRPORT,Q619997,https://www.wikidata.org/wiki/Q619997,AIRPORT,Q1248784,https://www.wikidata.org/wiki/Q1248784,,,,
19950216008379I,"NARRATIVE: THE PILOT OF CESSNA 207, N1549U STATED THAT AFTER TAKEOFF FROM THE BETHEL AIRPORT, THE ENGINE STOPPED RU",ENGINE,Q743004,https://www.wikidata.org/wiki/Q743004,,,,,,,
19850525020799A,TOUCHED DOWN LONG AND BOUNCED. ATTEMPTED DOWNWIND GO AROUND WITH FULL FLAPS. STRUCK TREE 3 MILES FROM AIRPORT.,3 MILES FROM AIRPORT,,,AIRPORT,Q1248784,https://www.wikidata.org/wiki/Q1248784,,,,
19850525020799A,TOUCHED DOWN LONG AND BOUNCED. ATTEMPTED DOWNWIND GO AROUND WITH FULL FLAPS. STRUCK TREE 3 MILES FROM AIRPORT.,3 MILES,,,,,,,,,
19850525020799A,TOUCHED DOWN LONG AND BOUNCED. ATTEMPTED DOWNWIND GO AROUND WITH FULL FLAPS. STRUCK TREE 3 MILES FROM AIRPORT.,AIRPORT,Q1248784,https://www.wikidata.org/wiki/Q1248784,,,,,,,
19861114075329I,ENTERED TCA WITHOUT ATC COMMUNICATION. PILOT WAS AWARE OF MALFUNCTIONING ENCODING ALTIMETER.,TCA,Q333116,https://www.wikidata.org/wiki/Q333116,,,,,,,
19861114075329I,ENTERED TCA WITHOUT ATC COMMUNICATION. PILOT WAS AWARE OF MALFUNCTIONING ENCODING ALTIMETER.,ATC COMMUNICATION,Q221395,https://www.wikidata.org/wiki/Q221395,COMMUNICATION,Q11024,https://www.wikidata.org/wiki/Q11024,,,,
19861114075329I,ENTERED TCA WITHOUT ATC COMMUNICATION. PILOT WAS AWARE OF MALFUNCTIONING ENCODING ALTIMETER.,ATC,Q221395,https://www.wikidata.org/wiki/Q221395,,,,,,,
19861114075329I,ENTERED TCA WITHOUT ATC COMMUNICATION. PILOT WAS AWARE OF MALFUNCTIONING ENCODING ALTIMETER.,PILOT,Q2095549,https://www.wikidata.org/wiki/Q2095549,,,,,,,
19861114075329I,ENTERED TCA WITHOUT ATC COMMUNICATION. PILOT WAS AWARE OF MALFUNCTIONING ENCODING ALTIMETER.,MALFUNCTIONING ENCODING ALTIMETER,,,ENCODING ALTIMETER,,,ALTIMETER,Q216197,https://www.wikidata.org/wiki/Q216197,
20010421009329I,"(-23)AIRCRAFT WAS IN CRUISE FLIGHT, THERE WAS A RPM LOSS AND PILOT COULD NOT MAINTAIN ALTITUDE. PILOT MADE AN EMERG",AIRCRAFT,Q11436,https://www.wikidata.org/wiki/Q11436,,,,,,,
20010421009329I,"(-23)AIRCRAFT WAS IN CRUISE FLIGHT, THERE WAS A RPM LOSS AND PILOT COULD NOT MAINTAIN ALTITUDE. PILOT MADE AN EMERG",CRUISE FLIGHT,Q2063640,https://www.wikidata.org/wiki/Q2063640,,,,,,,
20010421009329I,"(-23)AIRCRAFT WAS IN CRUISE FLIGHT, THERE WAS A RPM LOSS AND PILOT COULD NOT MAINTAIN ALTITUDE. PILOT MADE AN EMERG",RPM LOSS,,,LOSS,Q1121708,https://www.wikidata.org/wiki/Q1121708,,,,
20010421009329I,"(-23)AIRCRAFT WAS IN CRUISE FLIGHT, THERE WAS A RPM LOSS AND PILOT COULD NOT MAINTAIN ALTITUDE. PILOT MADE AN EMERG",PILOT,Q2095549,https://www.wikidata.org/wiki/Q2095549,,,,,,,
20010421009329I,"(-23)AIRCRAFT WAS IN CRUISE FLIGHT, THERE WAS A RPM LOSS AND PILOT COULD NOT MAINTAIN ALTITUDE. PILOT MADE AN EMERG",PILOT,Q2095549,https://www.wikidata.org/wiki/Q2095549,,,,,,,
19960524045629A,NOSE BAGGAGE DOOR OPENED ON TAKEOFF. BAGGAGE HIT LEFT PROP. GOT BELWO UMC. LANDED ON SEA ICE. WILL FLY DOOR OPEN.,NOSE BAGGAGE DOOR,,,BAGGAGE DOOR,,,DOOR,Q36794,https://www.wikidata.org/wiki/Q36794,
19960524045629A,NOSE BAGGAGE DOOR OPENED ON TAKEOFF. BAGGAGE HIT LEFT PROP. GOT BELWO UMC. LANDED ON SEA ICE. WILL FLY DOOR OPEN.,TAKEOFF,Q854248,https://www.wikidata.org/wiki/Q854248,,,,,,,
19960524045629A,NOSE BAGGAGE DOOR OPENED ON TAKEOFF. BAGGAGE HIT LEFT PROP. GOT BELWO UMC. LANDED ON SEA ICE. WILL FLY DOOR OPEN.,BAGGAGE,Q865054,https://www.wikidata.org/wiki/Q865054,,,,,,,
19960524045629A,NOSE BAGGAGE DOOR OPENED ON TAKEOFF. BAGGAGE HIT LEFT PROP. GOT BELWO UMC. LANDED ON SEA ICE. WILL FLY DOOR OPEN.,LEFT PROP,,,PROP,Q922654,https://www.wikidata.org/wiki/Q922654,,,,
19960524045629A,NOSE BAGGAGE DOOR OPENED ON TAKEOFF. BAGGAGE HIT LEFT PROP. GOT BELWO UMC. LANDED ON SEA ICE. WILL FLY DOOR OPEN.,SEA,Q165,https://www.wikidata.org/wiki/Q165,,,,,,,
19960524045629A,NOSE BAGGAGE DOOR OPENED ON TAKEOFF. BAGGAGE HIT LEFT PROP. GOT BELWO UMC. LANDED ON SEA ICE. WILL FLY DOOR OPEN.,DOOR,Q36794,https://www.wikidata.org/wiki/Q36794,,,,,,,
19871211075169A,ROUGH ENGINE ON CLIMBOUT. LANDED ON CITY STREET. SPARK PLUGS OUT OF TOLERENCE. FOUND PRIMER UNLOCKED.,ROUGH ENGINE,,,ENGINE,Q743004,https://www.wikidata.org/wiki/Q743004,,,,
19871211075169A,ROUGH ENGINE ON CLIMBOUT. LANDED ON CITY STREET. SPARK PLUGS OUT OF TOLERENCE. FOUND PRIMER UNLOCKED.,CLIMBOUT,Q1499786,https://www.wikidata.org/wiki/Q1499786,,,,,,,
19871211075169A,ROUGH ENGINE ON CLIMBOUT. LANDED ON CITY STREET. SPARK PLUGS OUT OF TOLERENCE. FOUND PRIMER UNLOCKED.,CITY STREET,Q79007,https://www.wikidata.org/wiki/Q79007,STREET,Q79007,https://www.wikidata.org/wiki/Q79007,,,,
19871211075169A,ROUGH ENGINE ON CLIMBOUT. LANDED ON CITY STREET. SPARK PLUGS OUT OF TOLERENCE. FOUND PRIMER UNLOCKED.,SPARK PLUGS,Q193340,https://www.wikidata.org/wiki/Q193340,,,,,,,
19871211075169A,ROUGH ENGINE ON CLIMBOUT. LANDED ON CITY STREET. SPARK PLUGS OUT OF TOLERENCE. FOUND PRIMER UNLOCKED.,PRIMER,,,,,,,,,
20010910029739I,"(-23) DURING TAXI OUT, CFI NOTICED NOSE LANDING GEAR GREEN LIGHT WAS OUT. SHE ATTEMPTED TO SWAP LIGHTS TO VERIFY TH",TAXI OUT,Q1421250,https://www.wikidata.org/wiki/Q1421250,,,,,,,
20010910029739I,"(-23) DURING TAXI OUT, CFI NOTICED NOSE LANDING GEAR GREEN LIGHT WAS OUT. SHE ATTEMPTED TO SWAP LIGHTS TO VERIFY TH",CFI,,,,,,,,,
20010910029739I,"(-23) DURING TAXI OUT, CFI NOTICED NOSE LANDING GEAR GREEN LIGHT WAS OUT. SHE ATTEMPTED TO SWAP LIGHTS TO VERIFY TH",NOSE LANDING GEAR GREEN LIGHT,,,GREEN LIGHT,,,LIGHT,Q1146001,https://www.wikidata.org/wiki/Q1146001,
20010910029739I,"(-23) DURING TAXI OUT, CFI NOTICED NOSE LANDING GEAR GREEN LIGHT WAS OUT. SHE ATTEMPTED TO SWAP LIGHTS TO VERIFY TH",NOSE LANDING GEAR,,,LANDING GEAR,Q263421,https://www.wikidata.org/wiki/Q263421,GEAR,Q263421,https://www.wikidata.org/wiki/Q263421,
20010910029739I,"(-23) DURING TAXI OUT, CFI NOTICED NOSE LANDING GEAR GREEN LIGHT WAS OUT. SHE ATTEMPTED TO SWAP LIGHTS TO VERIFY TH",LIGHTS,Q1146001,https://www.wikidata.org/wiki/Q1146001,,,,,,,
19871027060859A,"ELECTRIC POWER LOST ON IFR DUAL FLIGHT. STRUCK POWER POLE ON FORCED LANDING, FOUND CIRCUIT BREAKER OFF. PILOT ERROR",ELECTRIC POWER,Q27137,https://www.wikidata.org/wiki/Q27137,POWER,Q25342,https://www.wikidata.org/wiki/Q25342,,,,
19871027060859A,"ELECTRIC POWER LOST ON IFR DUAL FLIGHT. STRUCK POWER POLE ON FORCED LANDING, FOUND CIRCUIT BREAKER OFF. PILOT ERROR",IFR DUAL FLIGHT,,,FLIGHT,Q15921555,https://www.wikidata.org/wiki/Q15921555,,,,
19871027060859A,"ELECTRIC POWER LOST ON IFR DUAL FLIGHT. STRUCK POWER POLE ON FORCED LANDING, FOUND CIRCUIT BREAKER OFF. PILOT ERROR",FORCED LANDING,Q1975745,https://www.wikidata.org/wiki/Q1975745,LANDING,Q844947,https://www.wikidata.org/wiki/Q844947,,,,
19871027060859A,"ELECTRIC POWER LOST ON IFR DUAL FLIGHT. STRUCK POWER POLE ON FORCED LANDING, FOUND CIRCUIT BREAKER OFF. PILOT ERROR",CIRCUIT BREAKER,Q211058,https://www.wikidata.org/wiki/Q211058,,,,,,,
19871027060859A,"ELECTRIC POWER LOST ON IFR DUAL FLIGHT. STRUCK POWER POLE ON FORCED LANDING, FOUND CIRCUIT BREAKER OFF. PILOT ERROR",PILOT ERROR,Q3057459,https://www.wikidata.org/wiki/Q3057459,ERROR,Q29485,https://www.wikidata.org/wiki/Q29485,,,,
19871027060859A,"ELECTRIC POWER LOST ON IFR DUAL FLIGHT. STRUCK POWER POLE ON FORCED LANDING, FOUND CIRCUIT BREAKER OFF. PILOT ERROR",PILOT,Q2095549,https://www.wikidata.org/wiki/Q2095549,,,,,,,
19980616023109I,LOUD BANG AND SHUDDER ENROUTE. SAW SPARKS AT ROTOR. RETURNED. ENGINE COWLING SEPERATED. COWL NOT FASTENED.,LOUD BANG,,,BANG,Q179057,https://www.wikidata.org/wiki/Q179057,,,,
19980616023109I,LOUD BANG AND SHUDDER ENROUTE. SAW SPARKS AT ROTOR. RETURNED. ENGINE COWLING SEPERATED. COWL NOT FASTENED.,SHUDDER,,,,,,,,,
19980616023109I,LOUD BANG AND SHUDDER ENROUTE. SAW SPARKS AT ROTOR. RETURNED. ENGINE COWLING SEPERATED. COWL NOT FASTENED.,SPARKS,Q911679,https://www.wikidata.org/wiki/Q911679,,,,,,,
19980616023109I,LOUD BANG AND SHUDDER ENROUTE. SAW SPARKS AT ROTOR. RETURNED. ENGINE COWLING SEPERATED. COWL NOT FASTENED.,ROTOR,Q193466,https://www.wikidata.org/wiki/Q193466,,,,,,,
19980616023109I,LOUD BANG AND SHUDDER ENROUTE. SAW SPARKS AT ROTOR. RETURNED. ENGINE COWLING SEPERATED. COWL NOT FASTENED.,ENGINE COWLING,Q1138219,https://www.wikidata.org/wiki/Q1138219,COWLING,Q1138219,https://www.wikidata.org/wiki/Q1138219,,,,
19980616023109I,LOUD BANG AND SHUDDER ENROUTE. SAW SPARKS AT ROTOR. RETURNED. ENGINE COWLING SEPERATED. COWL NOT FASTENED.,COWL,Q1138219,https://www.wikidata.org/wiki/Q1138219,,,,,,,
19910710026989A,REPORTED PROBLEM ON CLIMBOUT. STALLED AND CRASHED. NO LOCKING PINS IN SEAT TRACK. SEAT PIN BENT. BELT NOT FASTENED,PROBLEM,Q621184,https://www.wikidata.org/wiki/Q621184,,,,,,,
19910710026989A,REPORTED PROBLEM ON CLIMBOUT. STALLED AND CRASHED. NO LOCKING PINS IN SEAT TRACK. SEAT PIN BENT. BELT NOT FASTENED,CLIMBOUT,Q1499786,https://www.wikidata.org/wiki/Q1499786,,,,,,,
19910710026989A,REPORTED PROBLEM ON CLIMBOUT. STALLED AND CRASHED. NO LOCKING PINS IN SEAT TRACK. SEAT PIN BENT. BELT NOT FASTENED,NO LOCKING PINS IN SEAT TRACK,,,,,,,,,
19910710026989A,REPORTED PROBLEM ON CLIMBOUT. STALLED AND CRASHED. NO LOCKING PINS IN SEAT TRACK. SEAT PIN BENT. BELT NOT FASTENED,SEAT TRACK,,,,,,,,,
19910710026989A,REPORTED PROBLEM ON CLIMBOUT. STALLED AND CRASHED. NO LOCKING PINS IN SEAT TRACK. SEAT PIN BENT. BELT NOT FASTENED,SEAT PIN,,,,,,,,,
19910710026989A,REPORTED PROBLEM ON CLIMBOUT. STALLED AND CRASHED. NO LOCKING PINS IN SEAT TRACK. SEAT PIN BENT. BELT NOT FASTENED,BELT,Q623755,https://www.wikidata.org/wiki/Q623755,,,,,,,
19780509032859I,FORCED LANDING AFTER POWER LOSS. FOUND WATER IN FUEL.,FORCED LANDING,Q1975745,https://www.wikidata.org/wiki/Q1975745,LANDING,Q844947,https://www.wikidata.org/wiki/Q844947,,,,
19780509032859I,FORCED LANDING AFTER POWER LOSS. FOUND WATER IN FUEL.,POWER LOSS,Q828827,https://www.wikidata.org/wiki/Q828827,LOSS,Q1121708,https://www.wikidata.org/wiki/Q1121708,,,,
19780509032859I,FORCED LANDING AFTER POWER LOSS. FOUND WATER IN FUEL.,POWER,Q25342,https://www.wikidata.org/wiki/Q25342,,,,,,,
19780509032859I,FORCED LANDING AFTER POWER LOSS. FOUND WATER IN FUEL.,WATER IN FUEL,,,WATER,Q283,https://www.wikidata.org/wiki/Q283,,,,
19780509032859I,FORCED LANDING AFTER POWER LOSS. FOUND WATER IN FUEL.,FUEL,Q5361665,https://www.wikidata.org/wiki/Q5361665,,,,,,,
19800506012169A,LOST CONTROL OF AIRPLANE ON TAKEOFF ROLL. FAILED TO REMOVE AILERON-ELEVATOR LOCK PIN.,AIRPLANE,Q197,https://www.wikidata.org/wiki/Q197,,,,,,,
19800506012169A,LOST CONTROL OF AIRPLANE ON TAKEOFF ROLL. FAILED TO REMOVE AILERON-ELEVATOR LOCK PIN.,TAKEOFF ROLL,Q21026829,https://www.wikidata.org/wiki/Q21026829,TAKEOFF,Q854248,https://www.wikidata.org/wiki/Q854248,,,,
19800506012169A,LOST CONTROL OF AIRPLANE ON TAKEOFF ROLL. FAILED TO REMOVE AILERON-ELEVATOR LOCK PIN.,AILERON-ELEVATOR LOCK PIN,,,,,,,,,
19791128035159A,"PILOT LANDED TO WAIT OUT RAIN SHOWER. ON CLIMBOUT, ENGINE RAN ROUGH. PILOT LANDED IN FIELD. CLAIMS WATER IN FUEL.",PILOT,Q2095549,https://www.wikidata.org/wiki/Q2095549,,,,,,,
19791128035159A,"PILOT LANDED TO WAIT OUT RAIN SHOWER. ON CLIMBOUT, ENGINE RAN ROUGH. PILOT LANDED IN FIELD. CLAIMS WATER IN FUEL.",RAIN SHOWER,Q1292121,https://www.wikidata.org/wiki/Q1292121,SHOWER,Q1292121,https://www.wikidata.org/wiki/Q1292121,,,,
19791128035159A,"PILOT LANDED TO WAIT OUT RAIN SHOWER. ON CLIMBOUT, ENGINE RAN ROUGH. PILOT LANDED IN FIELD. CLAIMS WATER IN FUEL.",CLIMBOUT,Q1499786,https://www.wikidata.org/wiki/Q1499786,,,,,,,
19791128035159A,"PILOT LANDED TO WAIT OUT RAIN SHOWER. ON CLIMBOUT, ENGINE RAN ROUGH. PILOT LANDED IN FIELD. CLAIMS WATER IN FUEL.",ENGINE,Q743004,https://www.wikidata.org/wiki/Q743004,,,,,,,
19791128035159A,"PILOT LANDED TO WAIT OUT RAIN SHOWER. ON CLIMBOUT, ENGINE RAN ROUGH. PILOT LANDED IN FIELD. CLAIMS WATER IN FUEL.",PILOT,Q2095549,https://www.wikidata.org/wiki/Q2095549,,,,,,,
19791128035159A,"PILOT LANDED TO WAIT OUT RAIN SHOWER. ON CLIMBOUT, ENGINE RAN ROUGH. PILOT LANDED IN FIELD. CLAIMS WATER IN FUEL.",FIELD,Q188869,https://www.wikidata.org/wiki/Q188869,,,,,,,
19791128035159A,"PILOT LANDED TO WAIT OUT RAIN SHOWER. ON CLIMBOUT, ENGINE RAN ROUGH. PILOT LANDED IN FIELD. CLAIMS WATER IN FUEL.",WATER IN FUEL,,,WATER,Q283,https://www.wikidata.org/wiki/Q283,,,,
19791128035159A,"PILOT LANDED TO WAIT OUT RAIN SHOWER. ON CLIMBOUT, ENGINE RAN ROUGH. PILOT LANDED IN FIELD. CLAIMS WATER IN FUEL.",FUEL,Q5361665,https://www.wikidata.org/wiki/Q5361665,,,,,,,
20060621012279A,"(-23) THE PILOT ^PRIVACY DA^ STATED THAT DURING TAKEOFF (AT ROTATION) HIS SEAT SLID BACK, CAUSING HIM TO OVERROTATE",PILOT,Q2095549,https://www.wikidata.org/wiki/Q2095549,,,,,,,
20060621012279A,"(-23) THE PILOT ^PRIVACY DA^ STATED THAT DURING TAKEOFF (AT ROTATION) HIS SEAT SLID BACK, CAUSING HIM TO OVERROTATE",TAKEOFF,Q854248,https://www.wikidata.org/wiki/Q854248,,,,,,,
20060621012279A,"(-23) THE PILOT ^PRIVACY DA^ STATED THAT DURING TAKEOFF (AT ROTATION) HIS SEAT SLID BACK, CAUSING HIM TO OVERROTATE",ROTATION,Q7370303,https://www.wikidata.org/wiki/Q7370303,,,,,,,
20060621012279A,"(-23) THE PILOT ^PRIVACY DA^ STATED THAT DURING TAKEOFF (AT ROTATION) HIS SEAT SLID BACK, CAUSING HIM TO OVERROTATE",SEAT,Q2207370,https://www.wikidata.org/wiki/Q2207370,,,,,,,
19950314029269I,"NARRATIVE: ON MARCH 14, 1995, N7016M, AN AMATEUR BUILT AIRCRAFT, MADE AN EMERGENCY OFF AIRPORT LANDING NEAR THE BLO","MARCH 14, 1995",Q69300510,https://www.wikidata.org/wiki/Q69300510,,,,,,,
19950314029269I,"NARRATIVE: ON MARCH 14, 1995, N7016M, AN AMATEUR BUILT AIRCRAFT, MADE AN EMERGENCY OFF AIRPORT LANDING NEAR THE BLO","N7016M, AN AMATEUR BUILT AIRCRAFT",Q2995267,https://www.wikidata.org/wiki/Q2995267,AIRCRAFT,Q11436,https://www.wikidata.org/wiki/Q11436,,,,
19950314029269I,"NARRATIVE: ON MARCH 14, 1995, N7016M, AN AMATEUR BUILT AIRCRAFT, MADE AN EMERGENCY OFF AIRPORT LANDING NEAR THE BLO",N7016M,,,,,,,,,
19950314029269I,"NARRATIVE: ON MARCH 14, 1995, N7016M, AN AMATEUR BUILT AIRCRAFT, MADE AN EMERGENCY OFF AIRPORT LANDING NEAR THE BLO",AMATEUR BUILT AIRCRAFT,Q2995267,https://www.wikidata.org/wiki/Q2995267,AIRCRAFT,Q11436,https://www.wikidata.org/wiki/Q11436,,,,
19950314029269I,"NARRATIVE: ON MARCH 14, 1995, N7016M, AN AMATEUR BUILT AIRCRAFT, MADE AN EMERGENCY OFF AIRPORT LANDING NEAR THE BLO",EMERGENCY OFF AIRPORT LANDING,Q1074121,https://www.wikidata.org/wiki/Q1074121,LANDING,Q844947,https://www.wikidata.org/wiki/Q844947,,,,
19950314029269I,"NARRATIVE: ON MARCH 14, 1995, N7016M, AN AMATEUR BUILT AIRCRAFT, MADE AN EMERGENCY OFF AIRPORT LANDING NEAR THE BLO",AIRPORT,Q1248784,https://www.wikidata.org/wiki/Q1248784,,,,,,,
19800804037399A,EARLY FUEL EXHAUSTION FROM FUEL SIPHONING FROM IMPROPERLY SECURED VENT CAP. OVERSHOT EMERGENCY LANDING AREA.,EARLY FUEL EXHAUSTION FROM FUEL SIPHONING,,,FUEL EXHAUSTION,Q5507172,https://www.wikidata.org/wiki/Q5507172,,,,
19800804037399A,EARLY FUEL EXHAUSTION FROM FUEL SIPHONING FROM IMPROPERLY SECURED VENT CAP. OVERSHOT EMERGENCY LANDING AREA.,FUEL,Q5361665,https://www.wikidata.org/wiki/Q5361665,,,,,,,
19800804037399A,EARLY FUEL EXHAUSTION FROM FUEL SIPHONING FROM IMPROPERLY SECURED VENT CAP. OVERSHOT EMERGENCY LANDING AREA.,FUEL SIPHONING,,,SIPHONING,Q1550470,https://www.wikidata.org/wiki/Q1550470,,,,
19800804037399A,EARLY FUEL EXHAUSTION FROM FUEL SIPHONING FROM IMPROPERLY SECURED VENT CAP. OVERSHOT EMERGENCY LANDING AREA.,FUEL,Q5361665,https://www.wikidata.org/wiki/Q5361665,,,,,,,
19800804037399A,EARLY FUEL EXHAUSTION FROM FUEL SIPHONING FROM IMPROPERLY SECURED VENT CAP. OVERSHOT EMERGENCY LANDING AREA.,IMPROPERLY SECURED VENT CAP,,,VENT CAP,,,CAP,Q2488579,https://www.wikidata.org/wiki/Q2488579,
19800804037399A,EARLY FUEL EXHAUSTION FROM FUEL SIPHONING FROM IMPROPERLY SECURED VENT CAP. OVERSHOT EMERGENCY LANDING AREA.,EMERGENCY LANDING AREA,Q122195985,https://www.wikidata.org/wiki/Q122195985,LANDING AREA,Q11821624,https://www.wikidata.org/wiki/Q11821624,,,,
19780402008409I,TAXIING AIRCRAFT STRUCK PARKED AIRCRAFT. FOUND WORN OUT & INEFFECTIVE BRAKES AS CAUSE.,TAXIING AIRCRAFT,,,AIRCRAFT,Q11436,https://www.wikidata.org/wiki/Q11436,,,,
19780402008409I,TAXIING AIRCRAFT STRUCK PARKED AIRCRAFT. FOUND WORN OUT & INEFFECTIVE BRAKES AS CAUSE.,PARKED AIRCRAFT,,,AIRCRAFT,Q11436,https://www.wikidata.org/wiki/Q11436,,,,
19780402008409I,TAXIING AIRCRAFT STRUCK PARKED AIRCRAFT. FOUND WORN OUT & INEFFECTIVE BRAKES AS CAUSE.,WORN OUT & INEFFECTIVE BRAKES,,,BRAKES,Q1534839,https://www.wikidata.org/wiki/Q1534839,,,,
19890725041869I,ON ENGINE START PILOTS SEAT WENT TO FULL AFT POSITION. PUSH THROTTLE IN FULL. AIRCRAFT COLLIDED WITH PARKED PLANE.,ENGINE START,,,,,,,,,
19890725041869I,ON ENGINE START PILOTS SEAT WENT TO FULL AFT POSITION. PUSH THROTTLE IN FULL. AIRCRAFT COLLIDED WITH PARKED PLANE.,ENGINE,Q743004,https://www.wikidata.org/wiki/Q743004,,,,,,,
19890725041869I,ON ENGINE START PILOTS SEAT WENT TO FULL AFT POSITION. PUSH THROTTLE IN FULL. AIRCRAFT COLLIDED WITH PARKED PLANE.,PILOTS SEAT,,,SEAT,Q2207370,https://www.wikidata.org/wiki/Q2207370,,,,
19890725041869I,ON ENGINE START PILOTS SEAT WENT TO FULL AFT POSITION. PUSH THROTTLE IN FULL. AIRCRAFT COLLIDED WITH PARKED PLANE.,PILOTS,Q2095549,https://www.wikidata.org/wiki/Q2095549,,,,,,,
19890725041869I,ON ENGINE START PILOTS SEAT WENT TO FULL AFT POSITION. PUSH THROTTLE IN FULL. AIRCRAFT COLLIDED WITH PARKED PLANE.,THROTTLE,Q961356,https://www.wikidata.org/wiki/Q961356,,,,,,,
19890725041869I,ON ENGINE START PILOTS SEAT WENT TO FULL AFT POSITION. PUSH THROTTLE IN FULL. AIRCRAFT COLLIDED WITH PARKED PLANE.,AIRCRAFT,Q11436,https://www.wikidata.org/wiki/Q11436,,,,,,,
19890725041869I,ON ENGINE START PILOTS SEAT WENT TO FULL AFT POSITION. PUSH THROTTLE IN FULL. AIRCRAFT COLLIDED WITH PARKED PLANE.,PARKED PLANE,,,PLANE,Q197,https://www.wikidata.org/wiki/Q197,,,,
19911222062669I,AFTER LIFTOFF PILOT NOTICED RIGHT FUEL CAP MISSING. ABORTED. LANDED ON SAME RUNWAY. RAN OFF SIDE OF RUNWAY.,LIFTOFF,Q854248,https://www.wikidata.org/wiki/Q854248,,,,,,,
19911222062669I,AFTER LIFTOFF PILOT NOTICED RIGHT FUEL CAP MISSING. ABORTED. LANDED ON SAME RUNWAY. RAN OFF SIDE OF RUNWAY.,PILOT,Q2095549,https://www.wikidata.org/wiki/Q2095549,,,,,,,
19911222062669I,AFTER LIFTOFF PILOT NOTICED RIGHT FUEL CAP MISSING. ABORTED. LANDED ON SAME RUNWAY. RAN OFF SIDE OF RUNWAY.,RIGHT FUEL CAP,Q123205535,https://www.wikidata.org/wiki/Q123205535,,,,,,,
19911222062669I,AFTER LIFTOFF PILOT NOTICED RIGHT FUEL CAP MISSING. ABORTED. LANDED ON SAME RUNWAY. RAN OFF SIDE OF RUNWAY.,RUNWAY,Q184590,https://www.wikidata.org/wiki/Q184590,,,,,,,
19911222062669I,AFTER LIFTOFF PILOT NOTICED RIGHT FUEL CAP MISSING. ABORTED. LANDED ON SAME RUNWAY. RAN OFF SIDE OF RUNWAY.,RUNWAY,Q184590,https://www.wikidata.org/wiki/Q184590,,,,,,,
20030607012509A,"(-23) THE AIRCRAFT DEPARTED BARTLESVILLE MUNICIPAL AIRPORT (BVO) BARTLESVILLE, OK AT 1147 AM LOCAL TIME FOR A LOCAL",AIRCRAFT,Q11436,https://www.wikidata.org/wiki/Q11436,,,,,,,
20030607012509A,"(-23) THE AIRCRAFT DEPARTED BARTLESVILLE MUNICIPAL AIRPORT (BVO) BARTLESVILLE, OK AT 1147 AM LOCAL TIME FOR A LOCAL",BARTLESVILLE MUNICIPAL AIRPORT (BVO),Q14708401,https://www.wikidata.org/wiki/Q14708401,AIRPORT,Q1248784,https://www.wikidata.org/wiki/Q1248784,,,,
20030607012509A,"(-23) THE AIRCRAFT DEPARTED BARTLESVILLE MUNICIPAL AIRPORT (BVO) BARTLESVILLE, OK AT 1147 AM LOCAL TIME FOR A LOCAL",BVO,Q14708401,https://www.wikidata.org/wiki/Q14708401,,,,,,,
20030607012509A,"(-23) THE AIRCRAFT DEPARTED BARTLESVILLE MUNICIPAL AIRPORT (BVO) BARTLESVILLE, OK AT 1147 AM LOCAL TIME FOR A LOCAL",BARTLESVILLE,Q809450,https://www.wikidata.org/wiki/Q809450,,,,,,,
20030607012509A,"(-23) THE AIRCRAFT DEPARTED BARTLESVILLE MUNICIPAL AIRPORT (BVO) BARTLESVILLE, OK AT 1147 AM LOCAL TIME FOR A LOCAL",OK,Q1649,https://www.wikidata.org/wiki/Q1649,,,,,,,
20030607012509A,"(-23) THE AIRCRAFT DEPARTED BARTLESVILLE MUNICIPAL AIRPORT (BVO) BARTLESVILLE, OK AT 1147 AM LOCAL TIME FOR A LOCAL",1147 AM LOCAL TIME,Q55811151,https://www.wikidata.org/wiki/Q55811151,1147 AM,Q55811151,https://www.wikidata.org/wiki/Q55811151,,,,
19801005072789I,PILOT RAN OFF END OF RUNWAY WHEN REMAINING BRAKE FAILED.,PILOT,Q2095549,https://www.wikidata.org/wiki/Q2095549,,,,,,,
19801005072789I,PILOT RAN OFF END OF RUNWAY WHEN REMAINING BRAKE FAILED.,RUNWAY,Q184590,https://www.wikidata.org/wiki/Q184590,,,,,,,
19801005072789I,PILOT RAN OFF END OF RUNWAY WHEN REMAINING BRAKE FAILED.,REMAINING BRAKE,,,BRAKE,Q1534839,https://www.wikidata.org/wiki/Q1534839,,,,
19781210024199I,WHEELS LOCKED UP AFTER SEVERAL TOUCH AND GO LANDINGS DUE TO SNOW PACKED IN THE WHEEL PANTS.,WHEELS,Q446,https://www.wikidata.org/wiki/Q446,,,,,,,
19781210024199I,WHEELS LOCKED UP AFTER SEVERAL TOUCH AND GO LANDINGS DUE TO SNOW PACKED IN THE WHEEL PANTS.,SEVERAL TOUCH AND GO LANDINGS,,,TOUCH AND GO LANDINGS,Q19803,https://www.wikidata.org/wiki/Q19803,LANDINGS,Q844947,https://www.wikidata.org/wiki/Q844947,
19781210024199I,WHEELS LOCKED UP AFTER SEVERAL TOUCH AND GO LANDINGS DUE TO SNOW PACKED IN THE WHEEL PANTS.,SNOW PACKED IN THE WHEEL PANTS,,,SNOW,Q7561,https://www.wikidata.org/wiki/Q7561,,,,
19781210024199I,WHEELS LOCKED UP AFTER SEVERAL TOUCH AND GO LANDINGS DUE TO SNOW PACKED IN THE WHEEL PANTS.,WHEEL,Q446,https://www.wikidata.org/wiki/Q446,,,,,,,
19950804028629A,LOST POWER LANDED HARD IN ROUGH WATER. DAMAGED FLOATS AND LONGERON. WATER IN FUEL. MISREAD WATER IN SUMP TO BE FUEL,POWER,Q25342,https://www.wikidata.org/wiki/Q25342,,,,,,,
19950804028629A,LOST POWER LANDED HARD IN ROUGH WATER. DAMAGED FLOATS AND LONGERON. WATER IN FUEL. MISREAD WATER IN SUMP TO BE FUEL,FLOATS,Q3373295,https://www.wikidata.org/wiki/Q3373295,,,,,,,
19950804028629A,LOST POWER LANDED HARD IN ROUGH WATER. DAMAGED FLOATS AND LONGERON. WATER IN FUEL. MISREAD WATER IN SUMP TO BE FUEL,LONGERON,Q1662372,https://www.wikidata.org/wiki/Q1662372,,,,,,,
19950804028629A,LOST POWER LANDED HARD IN ROUGH WATER. DAMAGED FLOATS AND LONGERON. WATER IN FUEL. MISREAD WATER IN SUMP TO BE FUEL,WATER IN FUEL,,,WATER,Q283,https://www.wikidata.org/wiki/Q283,,,,
19950804028629A,LOST POWER LANDED HARD IN ROUGH WATER. DAMAGED FLOATS AND LONGERON. WATER IN FUEL. MISREAD WATER IN SUMP TO BE FUEL,FUEL,Q5361665,https://www.wikidata.org/wiki/Q5361665,,,,,,,
19950804028629A,LOST POWER LANDED HARD IN ROUGH WATER. DAMAGED FLOATS AND LONGERON. WATER IN FUEL. MISREAD WATER IN SUMP TO BE FUEL,WATER IN SUMP,,,WATER,Q283,https://www.wikidata.org/wiki/Q283,,,,
19950804028629A,LOST POWER LANDED HARD IN ROUGH WATER. DAMAGED FLOATS AND LONGERON. WATER IN FUEL. MISREAD WATER IN SUMP TO BE FUEL,SUMP,Q1592793,https://www.wikidata.org/wiki/Q1592793,,,,,,,
19950804028629A,LOST POWER LANDED HARD IN ROUGH WATER. DAMAGED FLOATS AND LONGERON. WATER IN FUEL. MISREAD WATER IN SUMP TO BE FUEL,FUEL,Q5361665,https://www.wikidata.org/wiki/Q5361665,,,,,,,
20040304003309I,"(-23) AFTER NORMAL TOUCHDOWN THE AIRCRAFT STARTED SLIDING OR HYDROPLANING TOWARD LEFT SIDE OF RUNWAY, AIRCRAFT STRU",NORMAL TOUCHDOWN,,,TOUCHDOWN,Q844947,https://www.wikidata.org/wiki/Q844947,,,,
20040304003309I,"(-23) AFTER NORMAL TOUCHDOWN THE AIRCRAFT STARTED SLIDING OR HYDROPLANING TOWARD LEFT SIDE OF RUNWAY, AIRCRAFT STRU",AIRCRAFT,Q11436,https://www.wikidata.org/wiki/Q11436,,,,,,,
20040304003309I,"(-23) AFTER NORMAL TOUCHDOWN THE AIRCRAFT STARTED SLIDING OR HYDROPLANING TOWARD LEFT SIDE OF RUNWAY, AIRCRAFT STRU",RUNWAY,Q184590,https://www.wikidata.org/wiki/Q184590,,,,,,,
20040304003309I,"(-23) AFTER NORMAL TOUCHDOWN THE AIRCRAFT STARTED SLIDING OR HYDROPLANING TOWARD LEFT SIDE OF RUNWAY, AIRCRAFT STRU",AIRCRAFT,Q11436,https://www.wikidata.org/wiki/Q11436,,,,,,,
19780427013859I,ENGINE COWLING SEPARATED FROM ENGINE IN FLIGHT.,ENGINE COWLING,Q1138219,https://www.wikidata.org/wiki/Q1138219,COWLING,Q1138219,https://www.wikidata.org/wiki/Q1138219,,,,
19780427013859I,ENGINE COWLING SEPARATED FROM ENGINE IN FLIGHT.,ENGINE,Q743004,https://www.wikidata.org/wiki/Q743004,,,,,,,
19780427013859I,ENGINE COWLING SEPARATED FROM ENGINE IN FLIGHT.,FLIGHT,Q15921555,https://www.wikidata.org/wiki/Q15921555,,,,,,,
20070202001609A,"(-23) ON A FLIGHT FROM NOTH PLATTE, NE, TO IOWA CITY, IA, (487 STATUTE MILES) THE AIRCRAFT LOST POWER NEAR GRINNELL",NOTH PLATTE,Q989960,https://www.wikidata.org/wiki/Q989960,,,,,,,
20070202001609A,"(-23) ON A FLIGHT FROM NOTH PLATTE, NE, TO IOWA CITY, IA, (487 STATUTE MILES) THE AIRCRAFT LOST POWER NEAR GRINNELL",NE,Q1553,https://www.wikidata.org/wiki/Q1553,,,,,,,
20070202001609A,"(-23) ON A FLIGHT FROM NOTH PLATTE, NE, TO IOWA CITY, IA, (487 STATUTE MILES) THE AIRCRAFT LOST POWER NEAR GRINNELL",IOWA CITY,Q487977,https://www.wikidata.org/wiki/Q487977,,,,,,,
20070202001609A,"(-23) ON A FLIGHT FROM NOTH PLATTE, NE, TO IOWA CITY, IA, (487 STATUTE MILES) THE AIRCRAFT LOST POWER NEAR GRINNELL",IA,Q1546,https://www.wikidata.org/wiki/Q1546,,,,,,,
20070202001609A,"(-23) ON A FLIGHT FROM NOTH PLATTE, NE, TO IOWA CITY, IA, (487 STATUTE MILES) THE AIRCRAFT LOST POWER NEAR GRINNELL",487 STATUTE MILES,,,,,,,,,
20070202001609A,"(-23) ON A FLIGHT FROM NOTH PLATTE, NE, TO IOWA CITY, IA, (487 STATUTE MILES) THE AIRCRAFT LOST POWER NEAR GRINNELL",AIRCRAFT,Q11436,https://www.wikidata.org/wiki/Q11436,,,,,,,
20070202001609A,"(-23) ON A FLIGHT FROM NOTH PLATTE, NE, TO IOWA CITY, IA, (487 STATUTE MILES) THE AIRCRAFT LOST POWER NEAR GRINNELL",POWER,Q25342,https://www.wikidata.org/wiki/Q25342,,,,,,,
20070202001609A,"(-23) ON A FLIGHT FROM NOTH PLATTE, NE, TO IOWA CITY, IA, (487 STATUTE MILES) THE AIRCRAFT LOST POWER NEAR GRINNELL",NEAR GRINNELL,,,,,,,,,
20070202001609A,"(-23) ON A FLIGHT FROM NOTH PLATTE, NE, TO IOWA CITY, IA, (487 STATUTE MILES) THE AIRCRAFT LOST POWER NEAR GRINNELL",GRINNELL,Q1903250,https://www.wikidata.org/wiki/Q1903250,,,,,,,
19780916024019A,TIE DOWN STRAP ACROSS LEFT SKID CAUGHT ON TRAILER AND TETHERED HEPER.,TIE DOWN STRAP ACROSS LEFT SKID,,,TIE DOWN STRAP,Q1277336,https://www.wikidata.org/wiki/Q1277336,STRAP,Q3217573,https://www.wikidata.org/wiki/Q3217573,
19780916024019A,TIE DOWN STRAP ACROSS LEFT SKID CAUGHT ON TRAILER AND TETHERED HEPER.,LEFT SKID,,,,,,,,,
19780916024019A,TIE DOWN STRAP ACROSS LEFT SKID CAUGHT ON TRAILER AND TETHERED HEPER.,TRAILER,Q216146,https://www.wikidata.org/wiki/Q216146,,,,,,,
20060718018299I,(-23) THE PILOT IN COMMAND (PIC) FAILED TO ENSURE ALL FUEL TANK CAPS WERE SECURELY FASTENED PRIOR TO DEPARTURE. SUB,PILOT IN COMMAND (PIC),Q1146304,https://www.wikidata.org/wiki/Q1146304,PILOT,Q2095549,https://www.wikidata.org/wiki/Q2095549,,,,
20060718018299I,(-23) THE PILOT IN COMMAND (PIC) FAILED TO ENSURE ALL FUEL TANK CAPS WERE SECURELY FASTENED PRIOR TO DEPARTURE. SUB,PIC,Q1146304,https://www.wikidata.org/wiki/Q1146304,,,,,,,
20060718018299I,(-23) THE PILOT IN COMMAND (PIC) FAILED TO ENSURE ALL FUEL TANK CAPS WERE SECURELY FASTENED PRIOR TO DEPARTURE. SUB,ALL FUEL TANK CAPS,,,FUEL TANK CAPS,,,CAPS,Q2488579,https://www.wikidata.org/wiki/Q2488579,
20060718018299I,(-23) THE PILOT IN COMMAND (PIC) FAILED TO ENSURE ALL FUEL TANK CAPS WERE SECURELY FASTENED PRIOR TO DEPARTURE. SUB,DEPARTURE,Q21171241,https://www.wikidata.org/wiki/Q21171241,,,,,,,
20040925025079A,(-23) FUEL CONTAMINATION IN AIRFRAME FUEL FILTER AS WELL AS IN FUEL FILTER AND ENGINE DRIVEN FUEL PUMP FILTER. THE,FUEL CONTAMINATION IN AIRFRAME FUEL FILTER AS WELL AS IN FUEL FILTER AND ENGINE DRIVEN FUEL PUMP FILTER,,,FUEL CONTAMINATION,,,CONTAMINATION,Q60528603,https://www.wikidata.org/wiki/Q60528603,
20040925025079A,(-23) FUEL CONTAMINATION IN AIRFRAME FUEL FILTER AS WELL AS IN FUEL FILTER AND ENGINE DRIVEN FUEL PUMP FILTER. THE,FUEL,Q5361665,https://www.wikidata.org/wiki/Q5361665,,,,,,,
20040925025079A,(-23) FUEL CONTAMINATION IN AIRFRAME FUEL FILTER AS WELL AS IN FUEL FILTER AND ENGINE DRIVEN FUEL PUMP FILTER. THE,AIRFRAME FUEL FILTER,,,FUEL FILTER,Q603491,https://www.wikidata.org/wiki/Q603491,FILTER,Q736556,https://www.wikidata.org/wiki/Q736556,
20040925025079A,(-23) FUEL CONTAMINATION IN AIRFRAME FUEL FILTER AS WELL AS IN FUEL FILTER AND ENGINE DRIVEN FUEL PUMP FILTER. THE,AIRFRAME,Q222946,https://www.wikidata.org/wiki/Q222946,,,,,,,
20040925025079A,(-23) FUEL CONTAMINATION IN AIRFRAME FUEL FILTER AS WELL AS IN FUEL FILTER AND ENGINE DRIVEN FUEL PUMP FILTER. THE,FUEL,Q5361665,https://www.wikidata.org/wiki/Q5361665,,,,,,,
20040925025079A,(-23) FUEL CONTAMINATION IN AIRFRAME FUEL FILTER AS WELL AS IN FUEL FILTER AND ENGINE DRIVEN FUEL PUMP FILTER. THE,FUEL FILTER,Q603491,https://www.wikidata.org/wiki/Q603491,FILTER,Q736556,https://www.wikidata.org/wiki/Q736556,,,,
20040925025079A,(-23) FUEL CONTAMINATION IN AIRFRAME FUEL FILTER AS WELL AS IN FUEL FILTER AND ENGINE DRIVEN FUEL PUMP FILTER. THE,FUEL,Q5361665,https://www.wikidata.org/wiki/Q5361665,,,,,,,
20040925025079A,(-23) FUEL CONTAMINATION IN AIRFRAME FUEL FILTER AS WELL AS IN FUEL FILTER AND ENGINE DRIVEN FUEL PUMP FILTER. THE,ENGINE DRIVEN FUEL PUMP FILTER,,,FUEL PUMP FILTER,Q603491,https://www.wikidata.org/wiki/Q603491,FILTER,Q736556,https://www.wikidata.org/wiki/Q736556,
20040925025079A,(-23) FUEL CONTAMINATION IN AIRFRAME FUEL FILTER AS WELL AS IN FUEL FILTER AND ENGINE DRIVEN FUEL PUMP FILTER. THE,ENGINE,Q743004,https://www.wikidata.org/wiki/Q743004,,,,,,,
20040925025079A,(-23) FUEL CONTAMINATION IN AIRFRAME FUEL FILTER AS WELL AS IN FUEL FILTER AND ENGINE DRIVEN FUEL PUMP FILTER. THE,FUEL,Q5361665,https://www.wikidata.org/wiki/Q5361665,,,,,,,
19961027033759A,PRIOR DEMO FLIGHT. CONNECTING ROD BENT BY HYDRO LOCK IN NR5 CYL ON STARTUP. BROKE. HIT COUNTER WT. BROKE PORP SHAFT,DEMO FLIGHT,,,FLIGHT,Q15921555,https://www.wikidata.org/wiki/Q15921555,,,,"Several possiblities for ""demo flight"", we don't know which one"
19961027033759A,PRIOR DEMO FLIGHT. CONNECTING ROD BENT BY HYDRO LOCK IN NR5 CYL ON STARTUP. BROKE. HIT COUNTER WT. BROKE PORP SHAFT,CONNECTING ROD,,,ROD,Q111360956,https://www.wikidata.org/wiki/Q111360956,,,,
19961027033759A,PRIOR DEMO FLIGHT. CONNECTING ROD BENT BY HYDRO LOCK IN NR5 CYL ON STARTUP. BROKE. HIT COUNTER WT. BROKE PORP SHAFT,HYDRO LOCK IN NR5 CYL,,,HYDRO LOCK,,,LOCK,Q228039,https://www.wikidata.org/wiki/Q228039,
19961027033759A,PRIOR DEMO FLIGHT. CONNECTING ROD BENT BY HYDRO LOCK IN NR5 CYL ON STARTUP. BROKE. HIT COUNTER WT. BROKE PORP SHAFT,NR5 CYL,,,CYL,Q245656,https://www.wikidata.org/wiki/Q245656,,,,
19961027033759A,PRIOR DEMO FLIGHT. CONNECTING ROD BENT BY HYDRO LOCK IN NR5 CYL ON STARTUP. BROKE. HIT COUNTER WT. BROKE PORP SHAFT,STARTUP,,,,,,,,,
19961027033759A,PRIOR DEMO FLIGHT. CONNECTING ROD BENT BY HYDRO LOCK IN NR5 CYL ON STARTUP. BROKE. HIT COUNTER WT. BROKE PORP SHAFT,COUNTER WT,Q1324102,https://www.wikidata.org/wiki/Q1324102,WT,Q65088317,https://www.wikidata.org/wiki/Q65088317,,,,
19961027033759A,PRIOR DEMO FLIGHT. CONNECTING ROD BENT BY HYDRO LOCK IN NR5 CYL ON STARTUP. BROKE. HIT COUNTER WT. BROKE PORP SHAFT,PORP SHAFT,,,SHAFT,Q309383,https://www.wikidata.org/wiki/Q309383,,,,
19870309039779I,"WHILE TAXIING, THE AIRCRAFT STRUCK N106DA WHICH WAS PARKED. PILOT WAS UNAWARE OF BRAKE PROBLEMS ON THE AIRCRAFT.",AIRCRAFT,Q11436,https://www.wikidata.org/wiki/Q11436,,,,,,,
19870309039779I,"WHILE TAXIING, THE AIRCRAFT STRUCK N106DA WHICH WAS PARKED. PILOT WAS UNAWARE OF BRAKE PROBLEMS ON THE AIRCRAFT.",N106DA,,,,,,,,,
19870309039779I,"WHILE TAXIING, THE AIRCRAFT STRUCK N106DA WHICH WAS PARKED. PILOT WAS UNAWARE OF BRAKE PROBLEMS ON THE AIRCRAFT.",PILOT,Q2095549,https://www.wikidata.org/wiki/Q2095549,,,,,,,
19870309039779I,"WHILE TAXIING, THE AIRCRAFT STRUCK N106DA WHICH WAS PARKED. PILOT WAS UNAWARE OF BRAKE PROBLEMS ON THE AIRCRAFT.",BRAKE PROBLEMS ON THE AIRCRAFT,,,BRAKE PROBLEMS,,,PROBLEMS,Q621184,https://www.wikidata.org/wiki/Q621184,
19870309039779I,"WHILE TAXIING, THE AIRCRAFT STRUCK N106DA WHICH WAS PARKED. PILOT WAS UNAWARE OF BRAKE PROBLEMS ON THE AIRCRAFT.",BRAKE,Q1534839,https://www.wikidata.org/wiki/Q1534839,,,,,,,
19870309039779I,"WHILE TAXIING, THE AIRCRAFT STRUCK N106DA WHICH WAS PARKED. PILOT WAS UNAWARE OF BRAKE PROBLEMS ON THE AIRCRAFT.",AIRCRAFT,Q11436,https://www.wikidata.org/wiki/Q11436,,,,,,,
20020619014309A,"(-23) N759TY, CE-182 WAS EN ROUTE FROM HOT SPRINGS, ARKANSAS TO FAYETTEVILLE, TENNESSEE, WHEN THE AIRCRAFT ENGINE Q","N759TY, CE-182",Q686708,https://www.wikidata.org/wiki/Q686708,CE-182,Q686708,https://www.wikidata.org/wiki/Q686708,,,,
20020619014309A,"(-23) N759TY, CE-182 WAS EN ROUTE FROM HOT SPRINGS, ARKANSAS TO FAYETTEVILLE, TENNESSEE, WHEN THE AIRCRAFT ENGINE Q",N759TY,,,,,,,,,
20020619014309A,"(-23) N759TY, CE-182 WAS EN ROUTE FROM HOT SPRINGS, ARKANSAS TO FAYETTEVILLE, TENNESSEE, WHEN THE AIRCRAFT ENGINE Q",CE-182,Q686708,https://www.wikidata.org/wiki/Q686708,,,,,,,
20020619014309A,"(-23) N759TY, CE-182 WAS EN ROUTE FROM HOT SPRINGS, ARKANSAS TO FAYETTEVILLE, TENNESSEE, WHEN THE AIRCRAFT ENGINE Q",HOT SPRINGS,Q79924,https://www.wikidata.org/wiki/Q79924,,,,,,,
20020619014309A,"(-23) N759TY, CE-182 WAS EN ROUTE FROM HOT SPRINGS, ARKANSAS TO FAYETTEVILLE, TENNESSEE, WHEN THE AIRCRAFT ENGINE Q",ARKANSAS,Q1612,https://www.wikidata.org/wiki/Q1612,,,,,,,
20020619014309A,"(-23) N759TY, CE-182 WAS EN ROUTE FROM HOT SPRINGS, ARKANSAS TO FAYETTEVILLE, TENNESSEE, WHEN THE AIRCRAFT ENGINE Q",FAYETTEVILLE,Q588257,https://www.wikidata.org/wiki/Q588257,,,,,,,
20020619014309A,"(-23) N759TY, CE-182 WAS EN ROUTE FROM HOT SPRINGS, ARKANSAS TO FAYETTEVILLE, TENNESSEE, WHEN THE AIRCRAFT ENGINE Q",TENNESSEE,Q1509,https://www.wikidata.org/wiki/Q1509,,,,,,,
20020619014309A,"(-23) N759TY, CE-182 WAS EN ROUTE FROM HOT SPRINGS, ARKANSAS TO FAYETTEVILLE, TENNESSEE, WHEN THE AIRCRAFT ENGINE Q",AIRCRAFT,Q11436,https://www.wikidata.org/wiki/Q11436,,,,,,,
19951031041599A,ON CLIMBOUT NOSE BAGGAGE DOOR OPENED. REDUCED POWER. STALLED. ROLLED. DIVED INTO OCEAN. TEST FLIGHT FROM STORAGE.,CLIMBOUT,Q1499786,https://www.wikidata.org/wiki/Q1499786,,,,,,,
19951031041599A,ON CLIMBOUT NOSE BAGGAGE DOOR OPENED. REDUCED POWER. STALLED. ROLLED. DIVED INTO OCEAN. TEST FLIGHT FROM STORAGE.,NOSE BAGGAGE DOOR,,,BAGGAGE DOOR,,,DOOR,Q36794,https://www.wikidata.org/wiki/Q36794,
19951031041599A,ON CLIMBOUT NOSE BAGGAGE DOOR OPENED. REDUCED POWER. STALLED. ROLLED. DIVED INTO OCEAN. TEST FLIGHT FROM STORAGE.,REDUCED POWER,,,POWER,Q25342,https://www.wikidata.org/wiki/Q25342,,,,
19951031041599A,ON CLIMBOUT NOSE BAGGAGE DOOR OPENED. REDUCED POWER. STALLED. ROLLED. DIVED INTO OCEAN. TEST FLIGHT FROM STORAGE.,OCEAN,Q9430,https://www.wikidata.org/wiki/Q9430,,,,,,,
19951031041599A,ON CLIMBOUT NOSE BAGGAGE DOOR OPENED. REDUCED POWER. STALLED. ROLLED. DIVED INTO OCEAN. TEST FLIGHT FROM STORAGE.,TEST FLIGHT FROM STORAGE,,,TEST FLIGHT,Q15921693,https://www.wikidata.org/wiki/Q15921693,,,,
19850729066139I,ELEVATOR CONTROL JAMMED SHEN HARNESS CAUGHT ON ELEVATOR CABLE. STICK BOOT NOT FASTENED TO FLOOR. LANDED IN A FIELD.,ELEVATOR CONTROL,,,,,,,,,
19850729066139I,ELEVATOR CONTROL JAMMED SHEN HARNESS CAUGHT ON ELEVATOR CABLE. STICK BOOT NOT FASTENED TO FLOOR. LANDED IN A FIELD.,HARNESS,Q333518,https://www.wikidata.org/wiki/Q333518,,,,,,,
19850729066139I,ELEVATOR CONTROL JAMMED SHEN HARNESS CAUGHT ON ELEVATOR CABLE. STICK BOOT NOT FASTENED TO FLOOR. LANDED IN A FIELD.,ELEVATOR CABLE,,,,,,,,,
19850729066139I,ELEVATOR CONTROL JAMMED SHEN HARNESS CAUGHT ON ELEVATOR CABLE. STICK BOOT NOT FASTENED TO FLOOR. LANDED IN A FIELD.,STICK BOOT,,,,,,,,,
19850729066139I,ELEVATOR CONTROL JAMMED SHEN HARNESS CAUGHT ON ELEVATOR CABLE. STICK BOOT NOT FASTENED TO FLOOR. LANDED IN A FIELD.,FLOOR,Q217164,https://www.wikidata.org/wiki/Q217164,,,,,,,
19850729066139I,ELEVATOR CONTROL JAMMED SHEN HARNESS CAUGHT ON ELEVATOR CABLE. STICK BOOT NOT FASTENED TO FLOOR. LANDED IN A FIELD.,FIELD,Q188869,https://www.wikidata.org/wiki/Q188869,,,,,,,
19940226003029A,LOST POWER EN ROUTE. LANDED ON PRIVATE STRIP. NOSED OVER. LEFT FUEL CAP LEAKED. PREVENTED GRAVITY FUEL FLOW.,POWER,Q25342,https://www.wikidata.org/wiki/Q25342,,,,,,,
19940226003029A,LOST POWER EN ROUTE. LANDED ON PRIVATE STRIP. NOSED OVER. LEFT FUEL CAP LEAKED. PREVENTED GRAVITY FUEL FLOW.,PRIVATE STRIP,,,STRIP,Q184590,https://www.wikidata.org/wiki/Q184590,,,,
19940226003029A,LOST POWER EN ROUTE. LANDED ON PRIVATE STRIP. NOSED OVER. LEFT FUEL CAP LEAKED. PREVENTED GRAVITY FUEL FLOW.,LEFT FUEL CAP,,,FUEL CAP,,,CAP,Q2488579,https://www.wikidata.org/wiki/Q2488579,
19940226003029A,LOST POWER EN ROUTE. LANDED ON PRIVATE STRIP. NOSED OVER. LEFT FUEL CAP LEAKED. PREVENTED GRAVITY FUEL FLOW.,FUEL,Q5361665,https://www.wikidata.org/wiki/Q5361665,,,,,,,
19940226003029A,LOST POWER EN ROUTE. LANDED ON PRIVATE STRIP. NOSED OVER. LEFT FUEL CAP LEAKED. PREVENTED GRAVITY FUEL FLOW.,FUEL,Q5361665,https://www.wikidata.org/wiki/Q5361665,,,,,,,
19780111000459A,ACFT DISPATCHER HARRASSMENT OF PILOT. PILOT FORGOT TO REMOVE TIEDROPE.,ACFT DISPATCHER,,,DISPATCHER,Q570755,https://www.wikidata.org/wiki/Q570755,,,,
19780111000459A,ACFT DISPATCHER HARRASSMENT OF PILOT. PILOT FORGOT TO REMOVE TIEDROPE.,ACFT,Q11436,https://www.wikidata.org/wiki/Q11436,,,,,,,
19780111000459A,ACFT DISPATCHER HARRASSMENT OF PILOT. PILOT FORGOT TO REMOVE TIEDROPE.,PILOT,Q2095549,https://www.wikidata.org/wiki/Q2095549,,,,,,,
19780111000459A,ACFT DISPATCHER HARRASSMENT OF PILOT. PILOT FORGOT TO REMOVE TIEDROPE.,PILOT,Q2095549,https://www.wikidata.org/wiki/Q2095549,,,,,,,
19780111000459A,ACFT DISPATCHER HARRASSMENT OF PILOT. PILOT FORGOT TO REMOVE TIEDROPE.,TIEDROPE,Q1277336,https://www.wikidata.org/wiki/Q1277336,,,,,,,
20010411006739I,"(-23) THE HELICOPTER WAS IDLING ON THE HELIPAD, AND THE RPM CONTROL WAS BROUGHT UP TO FLY POSITION FOR THE TAKEOFF.",HELICOPTER,Q34486,https://www.wikidata.org/wiki/Q34486,,,,,,,
20010411006739I,"(-23) THE HELICOPTER WAS IDLING ON THE HELIPAD, AND THE RPM CONTROL WAS BROUGHT UP TO FLY POSITION FOR THE TAKEOFF.",HELIPAD,Q534159,https://www.wikidata.org/wiki/Q534159,,,,,,,
20010411006739I,"(-23) THE HELICOPTER WAS IDLING ON THE HELIPAD, AND THE RPM CONTROL WAS BROUGHT UP TO FLY POSITION FOR THE TAKEOFF.",RPM CONTROL,,,,,,,,,
20010411006739I,"(-23) THE HELICOPTER WAS IDLING ON THE HELIPAD, AND THE RPM CONTROL WAS BROUGHT UP TO FLY POSITION FOR THE TAKEOFF.",FLY POSITION,,,POSITION,Q17334923,https://www.wikidata.org/wiki/Q17334923,,,,
20010411006739I,"(-23) THE HELICOPTER WAS IDLING ON THE HELIPAD, AND THE RPM CONTROL WAS BROUGHT UP TO FLY POSITION FOR THE TAKEOFF.",TAKEOFF,Q854248,https://www.wikidata.org/wiki/Q854248,,,,,,,
19870816062719I,"A COPPER TUBE, USED TO HOLD AERIAL BANNERS, FELL THROUGH THE ROOF OF A HOUSE. LOCAL OPERATOR IS BEING MONITORED.","COPPER TUBE, USED TO HOLD AERIAL BANNERS",,,COPPER TUBE,,,TUBE,Q41551,https://www.wikidata.org/wiki/Q41551,
19870816062719I,"A COPPER TUBE, USED TO HOLD AERIAL BANNERS, FELL THROUGH THE ROOF OF A HOUSE. LOCAL OPERATOR IS BEING MONITORED.",AERIAL BANNERS,,,BANNERS,Q806880,https://www.wikidata.org/wiki/Q806880,,,,
19870816062719I,"A COPPER TUBE, USED TO HOLD AERIAL BANNERS, FELL THROUGH THE ROOF OF A HOUSE. LOCAL OPERATOR IS BEING MONITORED.",HOUSE,Q3947,https://www.wikidata.org/wiki/Q3947,,,,,,,
19870816062719I,"A COPPER TUBE, USED TO HOLD AERIAL BANNERS, FELL THROUGH THE ROOF OF A HOUSE. LOCAL OPERATOR IS BEING MONITORED.",LOCAL OPERATOR,,,OPERATOR,Q1970438,https://www.wikidata.org/wiki/Q1970438,,,,
19980620030289I,"MR. KADERA THEN ATTEMPTED TO LAND IN A FIELD BUT WAS FORCED TO LAND ON HIGHWAY 93. THREE MILES EAST OF SUNMER, IOWA",MR. KADERA,,,,,,,,,
19980620030289I,"MR. KADERA THEN ATTEMPTED TO LAND IN A FIELD BUT WAS FORCED TO LAND ON HIGHWAY 93. THREE MILES EAST OF SUNMER, IOWA",HIGHWAY 93,Q1427331,https://www.wikidata.org/wiki/Q1427331,,,,,,,
19980620030289I,"MR. KADERA THEN ATTEMPTED TO LAND IN A FIELD BUT WAS FORCED TO LAND ON HIGHWAY 93. THREE MILES EAST OF SUNMER, IOWA","THREE MILES EAST OF SUNMER, IOWA",,,,,,,,,
19980620030289I,"MR. KADERA THEN ATTEMPTED TO LAND IN A FIELD BUT WAS FORCED TO LAND ON HIGHWAY 93. THREE MILES EAST OF SUNMER, IOWA",THREE MILES,,,,,,,,,
19980620030289I,"MR. KADERA THEN ATTEMPTED TO LAND IN A FIELD BUT WAS FORCED TO LAND ON HIGHWAY 93. THREE MILES EAST OF SUNMER, IOWA",SUNMER,Q2239973,https://www.wikidata.org/wiki/Q2239973,,,,,,,
19980620030289I,"MR. KADERA THEN ATTEMPTED TO LAND IN A FIELD BUT WAS FORCED TO LAND ON HIGHWAY 93. THREE MILES EAST OF SUNMER, IOWA",IOWA,Q1546,https://www.wikidata.org/wiki/Q1546,,,,,,,
19990923027739A,"(.19) ON SEPTEMBER 23, 1999, AT 1900 HOURS PACIFIC DAYLIGHT TIME, A HOMEBUILT CIERNIA GLASAIR III, N153JC, EXPERIEN","SEPTEMBER 23, 1999",Q69302922,https://www.wikidata.org/wiki/Q69302922,,,,,,,
19990923027739A,"(.19) ON SEPTEMBER 23, 1999, AT 1900 HOURS PACIFIC DAYLIGHT TIME, A HOMEBUILT CIERNIA GLASAIR III, N153JC, EXPERIEN",1900 HOURS PACIFIC DAYLIGHT TIME,,,1900 HOURS,Q55812019,https://www.wikidata.org/wiki/Q55812019,1900,Q55812019,https://www.wikidata.org/wiki/Q55812019,
19990923027739A,"(.19) ON SEPTEMBER 23, 1999, AT 1900 HOURS PACIFIC DAYLIGHT TIME, A HOMEBUILT CIERNIA GLASAIR III, N153JC, EXPERIEN","A HOMEBUILT CIERNIA GLASAIR III, N153JC",,,GLASAIR III,Q16975140,https://www.wikidata.org/wiki/Q16975140,,,,
19990923027739A,"(.19) ON SEPTEMBER 23, 1999, AT 1900 HOURS PACIFIC DAYLIGHT TIME, A HOMEBUILT CIERNIA GLASAIR III, N153JC, EXPERIEN",HOMEBUILT CIERNIA GLASAIR III,,,GLASAIR III,Q16975140,https://www.wikidata.org/wiki/Q16975140,,,,
19990923027739A,"(.19) ON SEPTEMBER 23, 1999, AT 1900 HOURS PACIFIC DAYLIGHT TIME, A HOMEBUILT CIERNIA GLASAIR III, N153JC, EXPERIEN",CIERNIA,,,,,,,,,
19990923027739A,"(.19) ON SEPTEMBER 23, 1999, AT 1900 HOURS PACIFIC DAYLIGHT TIME, A HOMEBUILT CIERNIA GLASAIR III, N153JC, EXPERIEN",N153JC,,,,,,,,,
19980415037339I,(-5)NOSE BAGGAGE CARGO CONSISTING OF A WOODEN WHEEL CHOCK SHIFTED DURING FLIGHT AND JAMMED THE NOSE LANDING GEAR ME,NOSE BAGGAGE CARGO,,,CARGO,Q319224,https://www.wikidata.org/wiki/Q319224,,,,
19980415037339I,(-5)NOSE BAGGAGE CARGO CONSISTING OF A WOODEN WHEEL CHOCK SHIFTED DURING FLIGHT AND JAMMED THE NOSE LANDING GEAR ME,WOODEN WHEEL CHOCK,,,WHEEL CHOCK,Q458789,https://www.wikidata.org/wiki/Q458789,,,,
19980415037339I,(-5)NOSE BAGGAGE CARGO CONSISTING OF A WOODEN WHEEL CHOCK SHIFTED DURING FLIGHT AND JAMMED THE NOSE LANDING GEAR ME,FLIGHT,Q15921555,https://www.wikidata.org/wiki/Q15921555,,,,,,,
19980415037339I,(-5)NOSE BAGGAGE CARGO CONSISTING OF A WOODEN WHEEL CHOCK SHIFTED DURING FLIGHT AND JAMMED THE NOSE LANDING GEAR ME,NOSE LANDING GEAR,,,LANDING GEAR,Q263421,https://www.wikidata.org/wiki/Q263421,GEAR,Q263421,https://www.wikidata.org/wiki/Q263421,
19950826026019A,"EXPLOSION LIFTING LOGS. PITCHED UP, ROLLED. COMPRESSOR STALL NR1 ENGINE. FAILED RELEASE LOGS AND USE SE PROCEDURES.",EXPLOSION,Q179057,https://www.wikidata.org/wiki/Q179057,,,,,,,
19950826026019A,"EXPLOSION LIFTING LOGS. PITCHED UP, ROLLED. COMPRESSOR STALL NR1 ENGINE. FAILED RELEASE LOGS AND USE SE PROCEDURES.",LOGS,Q3737064,https://www.wikidata.org/wiki/Q3737064,,,,,,,
19950826026019A,"EXPLOSION LIFTING LOGS. PITCHED UP, ROLLED. COMPRESSOR STALL NR1 ENGINE. FAILED RELEASE LOGS AND USE SE PROCEDURES.",COMPRESSOR STALL,Q1938452,https://www.wikidata.org/wiki/Q1938452,,,,,,,
19950826026019A,"EXPLOSION LIFTING LOGS. PITCHED UP, ROLLED. COMPRESSOR STALL NR1 ENGINE. FAILED RELEASE LOGS AND USE SE PROCEDURES.",NR1 ENGINE,,,,,,,,,
19950826026019A,"EXPLOSION LIFTING LOGS. PITCHED UP, ROLLED. COMPRESSOR STALL NR1 ENGINE. FAILED RELEASE LOGS AND USE SE PROCEDURES.",LOGS,Q3737064,https://www.wikidata.org/wiki/Q3737064,,,,,,,
19950826026019A,"EXPLOSION LIFTING LOGS. PITCHED UP, ROLLED. COMPRESSOR STALL NR1 ENGINE. FAILED RELEASE LOGS AND USE SE PROCEDURES.",SE PROCEDURES,,,,,,,,,
20000215041409A,"(.19) ON FEBRUARY 19, 2000, AT 1825 EASTERN STANDARD TIME, A BEECH 1900D, N81SK, OPERATED AS SKYWAY AIRLINE FLIGHT","FEBRUARY 19, 2000",Q69303157,https://www.wikidata.org/wiki/Q69303157,,,,,,,
20000215041409A,"(.19) ON FEBRUARY 19, 2000, AT 1825 EASTERN STANDARD TIME, A BEECH 1900D, N81SK, OPERATED AS SKYWAY AIRLINE FLIGHT",1825 EASTERN STANDARD TIME,,,1825,Q55813033,https://www.wikidata.org/wiki/Q55813033,,,,
20000215041409A,"(.19) ON FEBRUARY 19, 2000, AT 1825 EASTERN STANDARD TIME, A BEECH 1900D, N81SK, OPERATED AS SKYWAY AIRLINE FLIGHT","BEECH 1900D, N81SK",Q17489495,https://www.wikidata.org/wiki/Q17489495,,,,,,,
20000215041409A,"(.19) ON FEBRUARY 19, 2000, AT 1825 EASTERN STANDARD TIME, A BEECH 1900D, N81SK, OPERATED AS SKYWAY AIRLINE FLIGHT",BEECH 1900D,Q17489495,https://www.wikidata.org/wiki/Q17489495,,,,,,,
20000215041409A,"(.19) ON FEBRUARY 19, 2000, AT 1825 EASTERN STANDARD TIME, A BEECH 1900D, N81SK, OPERATED AS SKYWAY AIRLINE FLIGHT",BEECH,Q634227,https://www.wikidata.org/wiki/Q634227,,,,,,,
20000215041409A,"(.19) ON FEBRUARY 19, 2000, AT 1825 EASTERN STANDARD TIME, A BEECH 1900D, N81SK, OPERATED AS SKYWAY AIRLINE FLIGHT",N81SK,,,,,,,,,
20000215041409A,"(.19) ON FEBRUARY 19, 2000, AT 1825 EASTERN STANDARD TIME, A BEECH 1900D, N81SK, OPERATED AS SKYWAY AIRLINE FLIGHT",SKYWAY AIRLINE FLIGHT,,,FLIGHT,Q15921555,https://www.wikidata.org/wiki/Q15921555,,,,
20000215041409A,"(.19) ON FEBRUARY 19, 2000, AT 1825 EASTERN STANDARD TIME, A BEECH 1900D, N81SK, OPERATED AS SKYWAY AIRLINE FLIGHT",SKYWAY AIRLINE,Q2293467,https://www.wikidata.org/wiki/Q2293467,,,,,,,
19860514036219I,GROUND LOOPED ON LANDING. TAILWHEEL WAS FOUND JAMMED FAR RIGHT.,LANDING,Q844947,https://www.wikidata.org/wiki/Q844947,,,,,,,
19860514036219I,GROUND LOOPED ON LANDING. TAILWHEEL WAS FOUND JAMMED FAR RIGHT.,TAILWHEEL,Q126122596,https://www.wikidata.org/wiki/Q126122596,,,,,,,
19880527016939A,ENGINE QUIT ON INITIAL CLIMBOUT. CRASH LANDED AVOIDING TREES. FOUND SELECTED FUEL TANK EMPTY. TRIP WAS TO GET FUEL.,ENGINE,Q743004,https://www.wikidata.org/wiki/Q743004,,,,,,,
19880527016939A,ENGINE QUIT ON INITIAL CLIMBOUT. CRASH LANDED AVOIDING TREES. FOUND SELECTED FUEL TANK EMPTY. TRIP WAS TO GET FUEL.,INITIAL CLIMBOUT,,,CLIMBOUT,Q1499786,https://www.wikidata.org/wiki/Q1499786,,,,
19880527016939A,ENGINE QUIT ON INITIAL CLIMBOUT. CRASH LANDED AVOIDING TREES. FOUND SELECTED FUEL TANK EMPTY. TRIP WAS TO GET FUEL.,SELECTED FUEL TANK,,,FUEL TANK,Q1411232,https://www.wikidata.org/wiki/Q1411232,TANK,Q1047832,https://www.wikidata.org/wiki/Q1047832,
19880527016939A,ENGINE QUIT ON INITIAL CLIMBOUT. CRASH LANDED AVOIDING TREES. FOUND SELECTED FUEL TANK EMPTY. TRIP WAS TO GET FUEL.,FUEL,Q5361665,https://www.wikidata.org/wiki/Q5361665,,,,,,,
19880527016939A,ENGINE QUIT ON INITIAL CLIMBOUT. CRASH LANDED AVOIDING TREES. FOUND SELECTED FUEL TANK EMPTY. TRIP WAS TO GET FUEL.,TRIP,Q778483,https://www.wikidata.org/wiki/Q778483,,,,,,,
19880527016939A,ENGINE QUIT ON INITIAL CLIMBOUT. CRASH LANDED AVOIDING TREES. FOUND SELECTED FUEL TANK EMPTY. TRIP WAS TO GET FUEL.,FUEL,Q5361665,https://www.wikidata.org/wiki/Q5361665,,,,,,,
19960418007829A,CRASHED AND BURNED. (.4)WITNESSES REPORTED THAT AFTER DEPARTURE FROM A GRASS RUNWAY. THE AIRPLANE REACHED AN ALTITU,WITNESSES,Q196939,https://www.wikidata.org/wiki/Q196939,,,,,,,
19960418007829A,CRASHED AND BURNED. (.4)WITNESSES REPORTED THAT AFTER DEPARTURE FROM A GRASS RUNWAY. THE AIRPLANE REACHED AN ALTITU,DEPARTURE FROM A GRASS RUNWAY,,,DEPARTURE,Q21171241,https://www.wikidata.org/wiki/Q21171241,,,,
19960418007829A,CRASHED AND BURNED. (.4)WITNESSES REPORTED THAT AFTER DEPARTURE FROM A GRASS RUNWAY. THE AIRPLANE REACHED AN ALTITU,GRASS RUNWAY,,,RUNWAY,Q184590,https://www.wikidata.org/wiki/Q184590,,,,
19960418007829A,CRASHED AND BURNED. (.4)WITNESSES REPORTED THAT AFTER DEPARTURE FROM A GRASS RUNWAY. THE AIRPLANE REACHED AN ALTITU,AIRPLANE,Q197,https://www.wikidata.org/wiki/Q197,,,,,,,
19970828026989A,LOUD POP ON TAKEOFF ROLL. LOST RUDDER CONTROL. EXITED RWY INTO CORNFIELD. HAD FAILED TO LOCK THE TAILWHEEL. (-23) M,LOUD POP ON TAKEOFF ROLL,,,,,,,,,
19970828026989A,LOUD POP ON TAKEOFF ROLL. LOST RUDDER CONTROL. EXITED RWY INTO CORNFIELD. HAD FAILED TO LOCK THE TAILWHEEL. (-23) M,TAKEOFF ROLL,Q21026829,https://www.wikidata.org/wiki/Q21026829,TAKEOFF,Q854248,https://www.wikidata.org/wiki/Q854248,,,,
19970828026989A,LOUD POP ON TAKEOFF ROLL. LOST RUDDER CONTROL. EXITED RWY INTO CORNFIELD. HAD FAILED TO LOCK THE TAILWHEEL. (-23) M,RUDDER CONTROL,,,CONTROL,Q29017603,https://www.wikidata.org/wiki/Q29017603,,,,
19970828026989A,LOUD POP ON TAKEOFF ROLL. LOST RUDDER CONTROL. EXITED RWY INTO CORNFIELD. HAD FAILED TO LOCK THE TAILWHEEL. (-23) M,RUDDER,Q209760,https://www.wikidata.org/wiki/Q209760,,,,,,,
19970828026989A,LOUD POP ON TAKEOFF ROLL. LOST RUDDER CONTROL. EXITED RWY INTO CORNFIELD. HAD FAILED TO LOCK THE TAILWHEEL. (-23) M,RWY,Q184590,https://www.wikidata.org/wiki/Q184590,,,,,,,
19970828026989A,LOUD POP ON TAKEOFF ROLL. LOST RUDDER CONTROL. EXITED RWY INTO CORNFIELD. HAD FAILED TO LOCK THE TAILWHEEL. (-23) M,CORNFIELD,Q1735182,https://www.wikidata.org/wiki/Q1735182,,,,,,,
19970828026989A,LOUD POP ON TAKEOFF ROLL. LOST RUDDER CONTROL. EXITED RWY INTO CORNFIELD. HAD FAILED TO LOCK THE TAILWHEEL. (-23) M,TAILWHEEL,Q126122596,https://www.wikidata.org/wiki/Q126122596,,,,,,,
19870523018729A,"CANOPY CAME OPEN ON CLIMBOUT CAUSING AN UNCONTROLLED GROUND COLLISION, NO DEFECTS REPORTED. APPEARS PILOT ERROR.",CANOPY,Q2736751,https://www.wikidata.org/wiki/Q2736751,,,,,,,
19870523018729A,"CANOPY CAME OPEN ON CLIMBOUT CAUSING AN UNCONTROLLED GROUND COLLISION, NO DEFECTS REPORTED. APPEARS PILOT ERROR.",CLIMBOUT,Q1499786,https://www.wikidata.org/wiki/Q1499786,,,,,,,
19870523018729A,"CANOPY CAME OPEN ON CLIMBOUT CAUSING AN UNCONTROLLED GROUND COLLISION, NO DEFECTS REPORTED. APPEARS PILOT ERROR.",UNCONTROLLED GROUND COLLISION,,,GROUND COLLISION,Q116673853,https://www.wikidata.org/wiki/Q116673853,COLLISION,Q238053,https://www.wikidata.org/wiki/Q238053,
19870523018729A,"CANOPY CAME OPEN ON CLIMBOUT CAUSING AN UNCONTROLLED GROUND COLLISION, NO DEFECTS REPORTED. APPEARS PILOT ERROR.",GROUND,Q1349417,https://www.wikidata.org/wiki/Q1349417,,,,,,,
19870523018729A,"CANOPY CAME OPEN ON CLIMBOUT CAUSING AN UNCONTROLLED GROUND COLLISION, NO DEFECTS REPORTED. APPEARS PILOT ERROR.",NO DEFECTS,,,DEFECTS,Q1138598,https://www.wikidata.org/wiki/Q1138598,,,,
19870523018729A,"CANOPY CAME OPEN ON CLIMBOUT CAUSING AN UNCONTROLLED GROUND COLLISION, NO DEFECTS REPORTED. APPEARS PILOT ERROR.",PILOT ERROR,Q3057459,https://www.wikidata.org/wiki/Q3057459,ERROR,Q29485,https://www.wikidata.org/wiki/Q29485,,,,
19870523018729A,"CANOPY CAME OPEN ON CLIMBOUT CAUSING AN UNCONTROLLED GROUND COLLISION, NO DEFECTS REPORTED. APPEARS PILOT ERROR.",PILOT,Q2095549,https://www.wikidata.org/wiki/Q2095549,,,,,,,
20030620012809I,(-23) PILOT FAILED TO ASSURE THE OIL FILLER CAP WAS SECURE AND TOOK OFF. OIL WAS OBSERVED COMING OUT OF THE ENGINE,PILOT,Q2095549,https://www.wikidata.org/wiki/Q2095549,,,,,,,
20030620012809I,(-23) PILOT FAILED TO ASSURE THE OIL FILLER CAP WAS SECURE AND TOOK OFF. OIL WAS OBSERVED COMING OUT OF THE ENGINE,OIL FILLER CAP,,,CAP,Q2488579,https://www.wikidata.org/wiki/Q2488579,,,,
20030620012809I,(-23) PILOT FAILED TO ASSURE THE OIL FILLER CAP WAS SECURE AND TOOK OFF. OIL WAS OBSERVED COMING OUT OF THE ENGINE,OIL,Q42962,https://www.wikidata.org/wiki/Q42962,,,,,,,
20030620012809I,(-23) PILOT FAILED TO ASSURE THE OIL FILLER CAP WAS SECURE AND TOOK OFF. OIL WAS OBSERVED COMING OUT OF THE ENGINE,OIL,Q42962,https://www.wikidata.org/wiki/Q42962,,,,,,,
20030620012809I,(-23) PILOT FAILED TO ASSURE THE OIL FILLER CAP WAS SECURE AND TOOK OFF. OIL WAS OBSERVED COMING OUT OF THE ENGINE,ENGINE,Q743004,https://www.wikidata.org/wiki/Q743004,,,,,,,