,c5_id,doc_idx,sent_idx,c119_input,sentence,head,relation,tail
0,19780115003139I,46,0,NEW AIRCRAFT OWNER NOT AWARE OF PURPOSE OR OPERATION OF QUICK DRAIN. PARTIALLY OPENED ON PREFLIGHT.                ,new aircraft owner not aware of purpose or operation of quick drain .,owner,ART,aircraft
1,19780307014069I,60,0,PILOT STRUCK AN UNLIGHTED BARRICADE DURING TAXI FROM LANDING.                                                      ,pilot struck an unlighted barricade during taxi from landing .,pilot,PHYS,barricade
2,19780316008589I,67,0,PILOT OVER RAN RUNWAY INTO A DITCH DUE TO BRAKE FAILURE. SYSTEM NEEDED TO BE PURGED OF AIR.                        ,pilot over ran runway into a ditch due to brake failure .,pilot,PHYS,runway
3,19780504031959I,91,0,"DOOR POPPED OPEN ON TAKEOFF, PILOT LOST CONTROL WHILE TRYING TO LATCH DOOR, RAN OFF SIDE OF RUNWAY.                ","door popped open on takeoff , pilot lost control while trying to latch door , ran off side of runway .",pilot,PHYS,runway
4,19780623036259I,116,0,PILOT LANDED ON BEACH AFTER NOTING SMOKE AND FUMES IN COCKPIT CAUSED BY GRASS AND DIRT IN ENGINE COMPARTMENT       ,pilot landed on beach after noting smoke and fumes in cockpit caused by grass and dirt in engine compartment,pilot,PHYS,beach
5,19780921019829I,149,0,"WHILE TAXIING TO MAINTENANCE HANGAR, PILOT LOST NOSE WHEEL STEERING. WINGTIP HIT HANGAR, CAUGHT ON FIRE.           ","while taxiing to maintenance hangar , pilot lost nose wheel steering .",pilot,PHYS,hangar
6,19790410008789A,209,1,FORCED LANDING DUE TO ENGINE FAILURE. THE PILOT SAID WATER FOUND IN FUEL AND IN COMPANY OWNED FUEL TANKER.         ,the pilot said water found in fuel and in company owned fuel tanker .,company,ART,tanker
7,19790321010439A,211,0,INSTRUCTOR CHECKING OUT PILOT IN MULTIENGINE AIRPLANE. STUDENT FEATHERED WRONG ENGINE. EMERGENCY LANDING.          ,instructor checking out pilot in multiengine airplane .,pilot,ART,airplane
8,19790321010439A,211,0,INSTRUCTOR CHECKING OUT PILOT IN MULTIENGINE AIRPLANE. STUDENT FEATHERED WRONG ENGINE. EMERGENCY LANDING.          ,instructor checking out pilot in multiengine airplane .,instructor,ART,airplane
9,19790508100289I,237,0,PILOT FLEW AIRCRAFT NOT SIGNED OFF AFTER INSPECTION. LOST UPPER ENGINE COWLING IN FLIGHT. HAD NOT BEEN FASTENED.   ,pilot flew aircraft not signed off after inspection .,pilot,ART,aircraft
10,19790623014019A,250,0,RUDDER TRIM WAS SET FOR FULL NOSE LEFT TRIM. PILOT RAN OFF LEFT SIDE OF RUNWAY ON TAKEOFF.                         ,pilot ran off left side of runway on takeoff .,pilot,PHYS,runway
11,19790605014429I,251,0,"PILOT ATTEMPTED TAKEOFF WITH FAULTY ENGINE, LANDED IN STREET, DAMAGED SPEED LIMIT SIGN DURING TAXI BACK TO FIELD   ","pilot attempted takeoff with faulty engine , landed in street , damaged speed limit sign during taxi back to field",pilot,PHYS,street
12,19790605014429I,251,0,"PILOT ATTEMPTED TAKEOFF WITH FAULTY ENGINE, LANDED IN STREET, DAMAGED SPEED LIMIT SIGN DURING TAXI BACK TO FIELD   ","pilot attempted takeoff with faulty engine , landed in street , damaged speed limit sign during taxi back to field",pilot,PHYS,field
13,19790610014749I,254,0,PILOT TOOK OFF WITH TANKS NEARLY EMPTY. ENGINE QUIT AFTER LIFT OFF.                                                ,pilot took off with tanks nearly empty .,pilot,ART,tanks
14,19790622017199I,256,1,STUDENT PILOT HAD TOPPED HIS TANKS AND GOT WATER IN THE FUEL. ENGINE QUIT TWICE BUT HE GOT IT ON THE RUNWAY AT HOME,engine quit twice but he got it on the runway at home,he,PHYS,runway
15,19790602009889A,268,0,ENGINE FAILED ENROUTE. PILOT DITCHED IN THE OCEAN. PILOT CLAIMED FUEL CONTAMINATION WAS CAUSE OF ACCIDENT.         ,pilot ditched in the ocean .,pilot,PHYS,ocean
16,19790726019139A,274,1,ENGINE ACCESS DOOR CAME LOSE AND ENGINE SPUTTERED AFTER TAKE OFF. INSTRUCTOR ATTEMPED 180 BACK TO RUNWAY. UNABLE.  ,instructor attemped 180 back to runway .,instructor,PHYS,runway
17,19790808027309A,295,0,ENGINE FAILED DURING TAKEOFF. PILOT ATTEMPTED RETURN TO RUNWAY. INSUFFICIENT ALTITUDE. WATER IN FUEL.              ,pilot attempted return to runway .,pilot,PHYS,runway
18,19791014005659A,314,0,STUDENT PILOT CARRYING PASSENGERS CRASHED SHORTLY AFTER TAKEOFF. WATER FOUND IN STRAINER. AIRCRAFT OUT OF LICENSE  ,student pilot carrying passengers crashed shortly after takeoff .,passengers,ART,pilot
19,19791128035159A,334,1,"PILOT LANDED TO WAIT OUT RAIN SHOWER. ON CLIMBOUT, ENGINE RAN ROUGH. PILOT LANDED IN FIELD. CLAIMS WATER IN FUEL.  ",pilot landed in field .,pilot,PHYS,field
20,19800216026099I,352,0,"PILOT INDICATED ENGINE RUNNING ROUGH AFTER TAKEOFF, SO HE MADE EMERGENCY LANDING IN A FIELD.                       ","pilot indicated engine running rough after takeoff , so he made emergency landing in a field .",he,PHYS,field
21,19800604051679I,381,0,"STUDENT PREFLIGHTED PLANE. STATED GAS TANKS FULL. AFTER 1.2 HOURS, RAN OUT OF GAS. LANDED IN FIELD.                ",student preflighted plane .,student,ART,plane
22,19800611054319I,383,1,PILOT ACCUSTOMED TO USING PORTABLE FUEL CANS. USED CANS TO REFUEL HIS AIRPLANE FROM CANS. QUIT ON WATER TAKEOFF    ,used cans to refuel his airplane from cans .,his,ART,airplane
23,19800707059709I,411,0,NOSEGEAR COLLAPSED ON TAKEOFF. PILOT HAD MADE PREVIOUS LANDING ON ROUGH PRIVATE RUNWAY.                            ,pilot had made previous landing on rough private runway .,pilot,PHYS,runway
24,19800712077549I,414,1,ENGINE RAN ROUGH THEN QUIT. LANDED SHORT OF RUNWAY. WATER IN FUEL TANK. WATER FOUND IN GAS STORAGE TANK NAVY BASE. ,water found in gas storage tank navy base .,navy,ART,base
25,19801105078969I,442,0,PILOT TOOK OFF WITH THE ELEVATOR STUCK IN THE FULL NOSE UP POSITION. WAS ABLE TO BREAK IT LOOSE AND LAND.          ,pilot took off with the elevator stuck in the full nose up position .,pilot,ART,elevator
26,19800901067929I,460,0,"OIL PRESSURE BEGAN TO RISE. PILOT NOTIFIED CENTER. DIP STICK LOOSE, LOW OIL QUANTITY.                              ",pilot notified center .,pilot,PHYS,center
27,19810207003009A,493,0,ENGINE QUIT ON TAKEOFF. CRASH-LANDED IN ROUGH FIELD OFF AIRPORT. FUEL VENT CAPS INCORRECTLY INSTALLED.             ,crash-landed in rough field off airport .,field,PHYS,airport
28,19810203002549A,496,0,ENGINE STOPPED ON FINAL APPROACH. AIRCRAFT CRASHED WHEN PILOT ATTEMPTED EMERGENCY LANDING. FUEL CONTAMINATION.     ,aircraft crashed when pilot attempted emergency landing .,pilot,ART,aircraft
29,19810315025039I,508,0,ENROUTE PILOT SMELLED SMOKE AND SAW FIRE IN AFT PART OF AIRCRAFT. EMERGENCY LANDING. BATTERY BURNED. NO BATTERY LID,enroute pilot smelled smoke and saw fire in aft part of aircraft .,part,PART-WHOLE,aircraft
30,19810424018779A,518,1,SPOILERS WERE DEPLOYED ON CLIMBOUT ON GLIDER. TOW PILOT RELEASED GLIDER TO CLEAR WIRES. GLIDER CRASHED.            ,tow pilot released glider to clear wires .,pilot,ART,glider
31,19810622037779A,534,0,PILOT ENGROSSED IN RETRACTING ENGINE ON MOTORIZED GLIDER LOST EXCESS ALTITUDE AND CRASHED ON RIDGE.                ,pilot engrossed in retracting engine on motorized glider lost excess altitude and crashed on ridge .,pilot,PHYS,ridge
32,19810622037779A,534,0,PILOT ENGROSSED IN RETRACTING ENGINE ON MOTORIZED GLIDER LOST EXCESS ALTITUDE AND CRASHED ON RIDGE.                ,pilot engrossed in retracting engine on motorized glider lost excess altitude and crashed on ridge .,pilot,ART,glider
33,19811217000399A,575,0,"PILOT ATTEMPTED TAKEOFF WITH HEAVY FROST ON AIRCRAFT. AIRCRAFT CLIMBED BRIEFLY, THEN CRASHED.                      ",pilot attempted takeoff with heavy frost on aircraft .,pilot,ART,aircraft
34,19820415019009I,593,0,ENGINE FAILED TO PRODUCE POWER AND PILOT AUTOROTATED INTO A FIELD. FAILURE WAS THE RESULT OF FUEL STARVATION.      ,engine failed to produce power and pilot autorotated into a field .,pilot,PHYS,field
35,19820311007049I,611,0,PILOT REPORTED LOSS OF OIL IN ENGINE AND DIVERTED TO MEMPHIS. FOUND OIL TANK CAP MISSING. OIL CAP 315510704.       ,pilot reported loss of oil in engine and diverted to memphis .,pilot,PHYS,memphis
36,19820405009239A,617,0,PILOT FORGOT TO REMOVE CONTROL LOCK ON AILERON AND COULN'T CONTROL AIRCRAFT DURING LANDING.                        ,pilot forgot to remove control lock on aileron and coul n't control aircraft during landing .,pilot,ART,aircraft
37,19820618024699A,628,0,STUDENT GLIDER PILOT FAILED TO LATCH SPOILERS PRIOR TO TAKEOFF. MISUNDERSTOOD TOW PILOT SIGNAL. RELEASED TOW.      ,student glider pilot failed to latch spoilers prior to takeoff .,pilot,ART,glider
38,19821025065459I,650,0,PILOT SWERVED OFF RUNWAY ON TAKEOFF ROLL WHEN SEAT HEIGHT RETAINING PIN SLIPPED FROM RETAINING HOLE. SEAT DROPPED. ,pilot swerved off runway on takeoff roll when seat height retaining pin slipped from retaining hole .,pilot,PHYS,runway
39,19821015055799A,653,1,GROUND CREW FAILED TO UNFASTEN A SKID TIEDOWN. PILOT LOST  CONTROL ON LIFT OFF FROM A TRAILER AS THE CHAIN FAILED  ,pilot lost control on lift off from a trailer as the chain failed,pilot,ART,trailer
40,19820912057439I,661,0,"AFTER UNLOADING PASSENGERS, PILOT DEPARTED WITH A STEEL METER BOX ON A FLOAT. BOX FELL AND WENT THROUGH A ROOF.    ","after unloading passengers , pilot departed with a steel meter box on a float .",pilot,ART,float
41,19821105060779A,667,0,PILOT FORGOT TO CONNECT ELEVATOR CONTROLS WHEN HE ASSEMBLED GLIDER FOR THE FLIGHT. CRASH OCCURRED DURING TAKEOFF.  ,pilot forgot to connect elevator controls when he assembled glider for the flight .,he,ART,glider
42,19830120021189I,668,1,TAXING FOR TAKEOFF AIRCRAFT SLID OFF TAXIWAY. PASSENGERS DEPLANED BY PORTABLE STAIRS. TAXIWAY NOT SANDED.          ,passengers deplaned by portable stairs .,passengers,PHYS,stairs
43,19830506025439A,676,0,"PILOT WAS ATTEMPTING NIGHT LANDING ON UNLIGHTED STRIP. CARLIGHTS DIRECTED WRONG WAY, AIRCRAFT LANDED SHORT.        ",pilot was attempting night landing on unlighted strip .,pilot,PHYS,strip
44,19830630028079A,702,1,TOW ROPE RELEASED GLIDER AT 75 FEET DURING TAKEOFF. GLIDER CRASHED WHEN PILOT TRIED 180 DEGREE TURN BACK TO RUNWAY.,glider crashed when pilot tried 180 degree turn back to runway .,pilot,PHYS,runway
45,19831127058759A,717,0,GROUND CREW PUT SLING ON HOOK INSTEAD OF IN HELICOPTER AS PILOT INDICATED. FOULED TAIL ROTOR. CAUSED A CRASH.      ,ground crew put sling on hook instead of in helicopter as pilot indicated .,crew,ART,helicopter
46,19840212003519A,741,0,CRASH OCCURRED DURING PRECAUTIONARY LANDING WHEN PILOT ATTEMPTED TO LAND ON ROAD TO SECURE OIL ACCESS COVER.       ,crash occurred during precautionary landing when pilot attempted to land on road to secure oil access cover .,pilot,PHYS,road
47,19840717046169I,759,1,ROTORS BLADES STRUCK ROTORS OF A PARKED HELICOPTER AFTER START UP. PILOT OF PARKED CRAFT FAILED TO SECURE ROTORS.  ,pilot of parked craft failed to secure rotors .,pilot,ART,craft
48,19840618035239I,762,0,LOW OIL PRESSURE. WARNING LIGHT ON. FOUND LOOSE OIL CAP AND LARGE AMOUNTS OF OIL ON ENGINE COWLING.                ,found loose oil cap and large amounts of oil on engine cowling .,cowling,PART-WHOLE,engine
49,19841023066839I,803,1,DURING PREFLIGHT PILOT FAILED TO ENSURE NOSE BAGGAGE DOOR WAS LOCKED. SUITCASE FELL FROM AIRCRAFT ON CLIMB.        ,suitcase fell from aircraft on climb .,suitcase,PART-WHOLE,aircraft
50,19840828044039A,807,1,AIRCRAFT SANK IN BAY BECAUSE OF LEAKING FLOAT. TWO PASSENGERS DID NOT MAKE SHORE BECAUSE OF COLD WATER.            ,two passengers did not make shore because of cold water .,passengers,PHYS,shore
51,19841112062819A,811,0,STUDENT PILOT FAILED TO CONTROL AIRCRAFT DURING GO AROUND FROM A BOUNCED LANDING. FLAPS WERE RETRACTED EARLY.      ,student pilot failed to control aircraft during go around from a bounced landing .,pilot,ART,aircraft
52,19841031065119I,814,1,PART OF ENGINE COWLING SEPARATED DUE TO IMPROPER LATCHING. PILOT RETURNED TO AIRPORT FOR EMERGENCY LANDING.        ,pilot returned to airport for emergency landing .,pilot,PHYS,airport
53,19850329017489I,862,0,PILOT ELECTED TO LAND ON DIRT ROAD AFTER FUEL EXHAUSTION  . NO INJURIES OR DAMAGE.                                 ,pilot elected to land on dirt road after fuel exhaustion .,pilot,PHYS,road
54,19850517067579A,869,0,"OPERATOR DISPATCHED AIRPLANE WITH HSI SLAVE INOP. SHOT APPROACH OFF COURSE AND PAST AIRPORT, STRUCK TREES.         ",operator dispatched airplane with hsi slave inop .,operator,ART,airplane
55,19850702029069A,915,0,"MUD NESTS BLOCKED FUEL CAP VENTS, FUEL STARVATION. STALLED ON TURN TO FIELD 4 MILES WEST OF GREENBRIER VALLEY ARPT.",stalled on turn to field 4 miles west of greenbrier valley arpt .,field,PHYS,greenbrier valley
56,19850805040409A,935,0,IMPACTED IN BACKYARDS OF RESIDENCES AFTER FUEL EXHAUSTION. FUEL GAUGES COMPLETELY UNRELIABLE. ANNUAL EXPIRED IN 84.,impacted in backyards of residences after fuel exhaustion .,backyards,PART-WHOLE,residences
57,19860222005049A,1019,0,ATTEMPTED TAKEOFF WITH SKID TIED TO TRAILER. DYNAMIC ROLLOVER AND RESULTANT ROTOR BLADE DAMAGE.                    ,attempted takeoff with skid tied to trailer .,skid,PART-WHOLE,trailer
58,19860801062349I,1048,0,DOOR POPPED OPEN DURING CLIMB. PILOT RETURNED TO AIRPORT TO CLOSE DOOR. IFR FLIGHT PLAN NOT CLOSED.                ,pilot returned to airport to close door .,pilot,PHYS,airport
59,19860625027739A,1080,0,PILOT LOST CONTROL OF AIRCRAFT DURING GO AROUND DUE TO LOSS OF AILERON CONTROL.PILOT FAILED TO REMOVE CONTROL LOCK.,pilot lost control of aircraft during go around due to loss of aileron control .,pilot,ART,aircraft
60,19861125077099I,1102,0,PILOT REPORTED SMOKE IN THE COCKPIT. OIL QUANTITY FOUND LOW. NO LEAKS EXCEPT TURBOCHARGER THROWING A LITTLE OIL.   ,pilot reported smoke in the cockpit .,pilot,ART,cockpit
61,19860923078739I,1103,0,DOOR CAME OPEN ON TAKEOFF ROLL. PILOT ABORTED BUT RAN OFF RUNWAY INTO A FENCE. TAKEOFF WAS MADE DOWNWIND.          ,pilot aborted but ran off runway into a fence .,pilot,PHYS,runway
62,19860912051699I,1121,1,AIRCRAFT WENT OFF RUNWAY WHILE TURNING ONTO TAXIWAY AT NIGHT. AIRPORT MAINTENANCE HAD REMOVED SEVEN TAXIWAY LIGHTS.,airport maintenance had removed seven taxiway lights .,maintenance,ORG-AFF,airport
63,19861005052929I,1122,0,NEW CREW ATTEMPTED A START ON PLACARDED APU. SMOKE FROM APU EXHAUST.DISCHARGED EXTINGUISHER AND EVACUATED AIRCRAFT.,new crew attempted a start on placarded apu .,crew,ART,apu
64,19861206086419A,1141,0,THE PILOT REPORTED HE LOST CONTROL OF THE AIRCRAFT ON TAKEOFF DUE TO ENGAGED AUTOPILOT. NO MALFUNCTIONS NOTED.     ,the pilot reported he lost control of the aircraft on takeoff due to engaged autopilot .,he,ART,aircraft
65,19870226003479A,1150,2,THE PLANE NOSED OVER DURING A WATER LANDING.  THE STUDENT INADVERTENTLY LOWERED THE GEAR.  INSTRUCTOR WAS IN PLANE.,instructor was in plane .,instructor,ART,plane
66,19870309039779I,1151,1,"WHILE TAXIING, THE AIRCRAFT STRUCK N106DA WHICH WAS PARKED.  PILOT WAS UNAWARE OF BRAKE PROBLEMS ON THE AIRCRAFT.  ",pilot was unaware of brake problems on the aircraft .,pilot,ART,aircraft
67,19870401031839A,1158,0,THE PILOT LOST CONTROL OF THE AIRCRAFT AT ROTATION.  THE CONTROL COLUMN GUST LOCK HAD NOT BEEN REMOVED.            ,the pilot lost control of the aircraft at rotation .,pilot,ART,aircraft
68,19870125046099A,1165,0,THE ENGINE FAILED FROM FUEL EXHAUSTION ON LANDING APPROACH. THE PILOT FAILED TO ADEQUATELY PREFLIGHT AIRCRAFT.     ,the pilot failed to adequately preflight aircraft .,pilot,ART,aircraft
69,19870401039749I,1181,1,FRONT BAGGAGE DOOR CAME OPEN. A SUITCASE FLEW OUT AND BENT THE RIGHT PROPELLER.  PILOT DITCHED AIRCRAFT IN OCEAN.  ,pilot ditched aircraft in ocean .,pilot,ART,aircraft
70,19870401039749I,1181,1,FRONT BAGGAGE DOOR CAME OPEN. A SUITCASE FLEW OUT AND BENT THE RIGHT PROPELLER.  PILOT DITCHED AIRCRAFT IN OCEAN.  ,pilot ditched aircraft in ocean .,pilot,PHYS,ocean
71,19870826056929I,1252,0,PILOT TAXIED OVER A PLASTIC MARKER CONE THAT WAS IN FRONT  OF HIS AIRCRAFT. FAILED TO MAKE WALK AROUND PREFLIGHT.  ,pilot taxied over a plastic marker cone that was in front of his aircraft .,his,ART,aircraft
72,19870816062719I,1263,0,"A COPPER TUBE, USED TO HOLD AERIAL BANNERS, FELL THROUGH THE ROOF OF A HOUSE. LOCAL OPERATOR IS BEING MONITORED.   ","a copper tube , used to hold aerial banners , fell through the roof of a house .",roof,PART-WHOLE,house
73,19880221033719A,1270,1,ENGINE QUIT ON TAKEOFF. CRASH LANDED OFF END OF RUNWAY. PILOT ACCIDENTALLY HIT KILLSWITCH PLACED CLOSE TO THE YOKE.,pilot accidentally hit killswitch placed close to the yoke .,pilot,ART,killswitch
74,19880104000179A,1295,0,LOST CONTROL ON CLIMB-OUT AND IMPACTED NEAR VERTICAL.INDICATES PILOT FAILED TO TURN ON GYRO HORIZON PRIOR DEPARTURE,indicates pilot failed to turn on gyro horizon prior departure,pilot,ART,gyro horizon
75,19880420048059I,1318,0,DOOR OPENED IN FLIGHT. PILOT REQUESTED NEAREST AIRPORT WHERE HE LANDED WITHOUT INCIDENT.                           ,pilot requested nearest airport where he landed without incident .,pilot,PHYS,airport
76,19880420048059I,1318,0,DOOR OPENED IN FLIGHT. PILOT REQUESTED NEAREST AIRPORT WHERE HE LANDED WITHOUT INCIDENT.                           ,pilot requested nearest airport where he landed without incident .,he,PHYS,where
77,19890715028739A,1392,0,CANOPY CAME OPEN ON TOW. ROPE BROKE FROM DRAG. PILOT MADE 180 AND LANDED HARD ON SAME RUNWAY. NO LATCH DEFECTS.    ,pilot made 180 and landed hard on same runway .,pilot,PHYS,runway
78,19891227064179I,1438,0,TOWER ADVISED PILOT FUEL VENTING FROM TANK AFTER DEPARTURE. RETURNED. SPRING LOADED FUEL CAP HAD POPPED OPEN.      ,tower advised pilot fuel venting from tank after departure .,pilot,ART,tank
79,19900323014919I,1454,2,ON CLIMB PILOT STARTED TO DESCEND DUE TO ICING PROBLEMS. RETURNED TO AIRPORT. COPILOT UNQUALIFIED IN AIRCRAFT.     ,copilot unqualified in aircraft .,copilot,ART,aircraft
80,19901019064929I,1493,0,NOSE GEAR COLLAPSED WHEN PILOT ENTERED TAXIWAY UNDER CONSTRUCTION. POORLY LIGHTED AND NO WARNING SIGNS.            ,nose gear collapsed when pilot entered taxiway under construction .,pilot,PHYS,taxiway
81,19900926042499A,1504,1,ROUGH ENGINE POWER LOSS AND BLACK SMOKE. HIT TREE IN YARD OF RESIDENCE. PRIMER UNLOCKED AND DEPARTED ON ONE MAGNETO,hit tree in yard of residence .,yard,PART-WHOLE,residence
82,19910313026919I,1508,0,ATC SYSTEM ERROR CAUSED CONFLICTION BETWEEN AN EN ROUTE AIRCRAFT AND A LANDING MILITARY AIRCRAFT.                  ,atc system error caused confliction between an en route aircraft and a landing military aircraft .,military,ART,aircraft
83,19910705026439A,1537,0,ENGINE QUIT ON DOWNWIND. STRUCK DIRT BANK SHORT OF RUNWAY. FUEL TANKS HAD LARGE AMOUNTS WATER INCLUDING CARB BOWL. ,struck dirt bank short of runway .,bank,PHYS,runway
84,19910609032899I,1544,0,PILOT MADE EMERGENCY GEAR UP LANDING IN FIELD AFTER TAKEOFF. WATER IN FUEL AND INJECTOR NOZZLES FOULED.            ,pilot made emergency gear up landing in field after takeoff .,pilot,PHYS,field
85,19911128053639A,1573,1,ENGINES LOST POWER ON CLIMBOUT. CRASH LANDED OFF END RUNWAY. LINEMAN HAD FUELED CONVAIR WITH JET FUEL INSTEAD AVGAS,lineman had fueled convair with jet fuel instead avgas,lineman,ART,convair
86,19920305005079A,1591,0,ON LOADING TAIL HIT RAMP. ON TAKEOFF REPORTED JAMMED ELEVATORS WANTED RETURN. TRAFFIC ON RUNWAY. LOST CONTROL.     ,traffic on runway .,traffic,PHYS,runway
87,19920308005309A,1592,0,LEFT ENGINE SHUT DOWN FOR TRAINING. RESTART UNSUCCESSFUL. NO SAFE GEAR INDICATION. LANDED IN FIELD NEXT TO AIRPORT.,landed in field next to airport .,field,PHYS,airport
88,19920805029139A,1651,0,FAILED TO UNTIE FRONT SKID. ROLLED OVER ON ATTEMPTED LIFTOFF. MAIN ROTORS STRUCK FISHING VESSELS DECK.             ,main rotors struck fishing vessels deck .,deck,PART-WHOLE,vessels
89,19930530020029I,1693,0,PILOT LOST CONTROL OF AIRCRAFT ON TAKEOFF ROLL. PILOTS SEAT WAS NOT LOCKED IN POSITION AND SLID AFT ON ACCELARATION,pilot lost control of aircraft on takeoff roll .,pilot,ART,aircraft
90,19940118004159I,1725,0,"NARRATIVE: ON 1/18/94, RYAN 205, A B-727-21, N356QS, DEPARTED NASHVILLE, TN (BNA), FOR DAYTON, OH. AFTER TAKEOFF, R","narrative : on 1/18/94 , ryan 205 , a b-727-21 , n356qs , departed nashville , tn ( bna ) , for dayton , oh .",nashville,PART-WHOLE,tn
91,19940118004159I,1725,0,"NARRATIVE: ON 1/18/94, RYAN 205, A B-727-21, N356QS, DEPARTED NASHVILLE, TN (BNA), FOR DAYTON, OH. AFTER TAKEOFF, R","narrative : on 1/18/94 , ryan 205 , a b-727-21 , n356qs , departed nashville , tn ( bna ) , for dayton , oh .",dayton,PART-WHOLE,oh
92,19940209001909I,1733,0,"NARRATIVE: AIRMAN/AIR AGENCY COMPETENCE: PRIOR TO DEPARTURE OF FLIGHT 381, FROM NEWARD, NEW JERSEY, THE AIRCRAFT WA","narrative : airman/air agency competence : prior to departure of flight 381 , from neward , new jersey , the aircraft wa",neward,PART-WHOLE,new jersey
93,19950112008339I,1826,0,"NARRATIVE: DURING DESCENT INTO WILLISTON AIRPORT (ISN), ND THE FLIGHT CREW EXPERIENCED THE LOSS OF THE ELEVATOR TRI","narrative : during descent into williston airport ( isn ) , nd the flight crew experienced the loss of the elevator tri",crew,ART,elevator
94,19950112008339I,1826,0,"NARRATIVE: DURING DESCENT INTO WILLISTON AIRPORT (ISN), ND THE FLIGHT CREW EXPERIENCED THE LOSS OF THE ELEVATOR TRI","narrative : during descent into williston airport ( isn ) , nd the flight crew experienced the loss of the elevator tri",crew,PHYS,williston airport
95,19950118003799I,1830,0,"NARRATIVE: ON JANUARY 18, 1995, DELTA AIRLINES FLIGHT #1691, AFTER LANDING ON RUNWAY 20 AT IDAHO FALLS, ID (FANNING","narrative : on january 18 , 1995 , delta airlines flight # 1691 , after landing on runway 20 at idaho falls , id ( fanning",idaho falls,PART-WHOLE,id
96,19950420011449I,1852,0,"NARRATIVE: ON MARCH 20, 1995, A PITTS, PIS-1, OWNED AND OPERATED BY ROBERT HIGBEE WHILE ON A PLEASURE FLIGHT, LANDE","narrative : on march 20 , 1995 , a pitts , pis-1 , owned and operated by robert higbee while on a pleasure flight , lande",robert higbee,ART,pitts
97,19950129005889I,1857,0,"NARRATIVE: COMA #4280, DEPARTED CINCINNATI/NORTHERN KENTUCKY INTERNATIONAL AIRPORT, COVINGTON, KENTUCKY, 1000 LOCAL","narrative : coma # 4280 , departed cincinnati/northern kentucky international airport , covington , kentucky , 1000 local",covington,PART-WHOLE,kentucky
98,19950408010139I,1862,1,NARRATIVE: PILOT PERFORMED PREFLIGHT AND TAXIED TO RUN UP AREA. FLAPS WOULD NOT OPERATE. PILOT TAXIED BACK TO HANGA,pilot taxied back to hanga,pilot,PHYS,hanga
99,19950429009899A,1869,0,FAILED ACCELERATE ON TOW. PILOT RELEASED GLIDER. ABORTED TAKEOFF. GLIDER GROUND LOOPED. SPEED BRAKES WERE STILL ON.,pilot released glider .,pilot,ART,glider
100,19950718019642A,1874,1,"GLIDER COLLIDED WITH GROUND AFTER TOW, LOST POWER ON TAKEOFF. (.4)THE GLIDER PILOT STATED THAT AFTER HE COMPLETED H",( .4 ) the glider pilot stated that after he completed h,pilot,ART,glider
101,19950718019641A,1876,1,"TOWING GLIDER, COLLIDED WITH GROUND AFTER TOW AIRCRAFT LOST POWER ON TAKEOFF. (.4)THE GLIDER PILOT STATED THAT AFTE",( .4 ) the glider pilot stated that afte,pilot,ART,glider
102,19950216008379I,1887,0,"NARRATIVE: THE PILOT OF CESSNA 207, N1549U STATED THAT AFTER TAKEOFF FROM THE BETHEL AIRPORT, THE ENGINE STOPPED RU","narrative : the pilot of cessna 207 , n1549u stated that after takeoff from the bethel airport , the engine stopped ru",pilot,ART,cessna 207
103,19950216008379I,1887,0,"NARRATIVE: THE PILOT OF CESSNA 207, N1549U STATED THAT AFTER TAKEOFF FROM THE BETHEL AIRPORT, THE ENGINE STOPPED RU","narrative : the pilot of cessna 207 , n1549u stated that after takeoff from the bethel airport , the engine stopped ru",pilot,PHYS,bethel airport
104,19950903042959I,1922,0,"NARRATIVE: THE PILOT REPORTED HE PULLED ONTO THE RUNWAY, APPLIED POWER, WHEN ONE PROPELLER BLADE SEPARATED FROM THE","narrative : the pilot reported he pulled onto the runway , applied power , when one propeller blade separated from the",he,PHYS,runway
105,19960209004139I,1933,0,NARRATIVE: TWO KC FSDO INSPECTORS WERE ON THE EXECUTIVE BEECH FBO RAMP INSPECTING AN AIRPLANE WHEN N4517T WAS OBSER,narrative : two kc fsdo inspectors were on the executive beech fbo ramp inspecting an airplane when n4517t was obser,inspectors,ORG-AFF,kc
106,19960501031129A,1946,0,USDA AIRCRAFT. ABORTED TAKEOFF DUE LOUD NOISE. FLEW TIRES. LEFT RUNWAY. OVER DEFLICTED UNDER INFLATED TIRES. (-23) ,usda aircraft .,usda,ART,aircraft
107,19960512044299I,1947,0,"NARRATIVE: ON 05-12-96, WHILE ENROUTE AT 33,000 FEET FROM CHICAGO, IL (MDW) TO ST. PETERSBURG, FL (PIE), AMERICAN T","narrative : on 05-12-96 , while enroute at 33,000 feet from chicago , il ( mdw ) to st. petersburg , fl ( pie ) , american t",chicago,PART-WHOLE,il
108,19960512044299I,1947,0,"NARRATIVE: ON 05-12-96, WHILE ENROUTE AT 33,000 FEET FROM CHICAGO, IL (MDW) TO ST. PETERSBURG, FL (PIE), AMERICAN T","narrative : on 05-12-96 , while enroute at 33,000 feet from chicago , il ( mdw ) to st. petersburg , fl ( pie ) , american t",st. petersburg,PART-WHOLE,fl
109,19960603016879I,1953,0,"NARRATIVE: PILOT DEPARTED OLIVE BRANCH, MS AND DURING CLIMB OUT THE LEFT DOOR POPPED OPEN. A PRECAUTIONARY LANDING ","narrative : pilot departed olive branch , ms and during climb out the left door popped open .",pilot,PHYS,olive branch
110,19960714025059I,1965,0,NARRATIVE: PILOT WAS SPRAYING A MILLET FIELD. EXPERIENCED POWER LOSS ON LAST PASS. MADE A FORCED LANDING IN A CORN ,narrative : pilot was spraying a millet field .,pilot,PHYS,field
111,19960817029279I,1975,0,"NARRATIVE: MOONEY N253TM, A MOONEY 020M, DEPARTED BOZEMAN, MONTANA, GALLATIN FIELD, AND RETURNED FOR LANDING IMMEDI","narrative : mooney n253tm , a mooney 020m , departed bozeman , montana , gallatin field , and returned for landing immedi",bozeman,PART-WHOLE,montana
112,19961015037589I,1985,0,NARRATIVE: AT APPROX. 1700 CST MR. FRYE TAXIED HIS CHALLENGER II FOR AN INTERSECTION TAKEOFF ON A PRIVATE GRASS STR,1700 cst mr. frye taxied his challenger ii for an intersection takeoff on a private grass str,his,ART,challenger ii
113,19961104034789A,1987,0,"VFR PILOT FLYING INTO IFR CONDITIONS, UNABLE TO LAND DUE TO WEATHER, VECTORED TO TEA AIRPORT, CRASHED. (.4)THE NONI","vfr pilot flying into ifr conditions , unable to land due to weather , vectored to tea airport , crashed .",pilot,PHYS,tea airport
114,19961104034789A,1987,0,"VFR PILOT FLYING INTO IFR CONDITIONS, UNABLE TO LAND DUE TO WEATHER, VECTORED TO TEA AIRPORT, CRASHED. (.4)THE NONI","vfr pilot flying into ifr conditions , unable to land due to weather , vectored to tea airport , crashed .",pilot,ORG-AFF,vfr
115,19961120040099I,1993,0,"NARRATIVE: DURING A CROSS COUNTRY FLIGHT FROM SIOUX FALLS, SD TO OMAHA, NE THE TOP ENTRANCE DOOR HALF CAME OPEN AT ","narrative : during a cross country flight from sioux falls , sd to omaha , ne the top entrance door half came open at",sioux falls,PART-WHOLE,sd
116,19961222039699A,2000,1,FAILED TO STOW SPOILERS FOR GLIDER TOW. THEY DEPLOYED. GLIDER PILOT CUT LOSE FROM TOW BUT HIT TREES SHORT RUNWAY.  ,glider pilot cut lose from tow but hit trees short runway .,pilot,ART,glider
117,19970116005549I,2002,0,"NARRATIVE: ON JANUARY 16, 1997, A BEECH 99, OWNED AND OPERATED BY ALPINE AIR OF PROVO, UTAH, HAD DEPARTED BILLINGS,","narrative : on january 16 , 1997 , a beech 99 , owned and operated by alpine air of provo , utah , had departed billings ,",provo,PART-WHOLE,utah
118,19970309007699I,2011,0,"NARRATIVE: 3-9-97 1300LCL. DURING CLIMB AFTER TAKE OFF FROM HECTOR MUNICIPAL AIRPORT, HECTOR, MN. BOTH ENGINES LOST","during climb after take off from hector municipal airport , hector , mn .",hector municipal airport,PART-WHOLE,hector
119,19970309007699I,2011,0,"NARRATIVE: 3-9-97 1300LCL. DURING CLIMB AFTER TAKE OFF FROM HECTOR MUNICIPAL AIRPORT, HECTOR, MN. BOTH ENGINES LOST","during climb after take off from hector municipal airport , hector , mn .",hector,PART-WHOLE,mn
120,19970407005459A,2018,0,THE PILOT EXITED THE AIRCRAFT IN ORDER TO ESCORT A DEPLANING PASSENGER. THE STUDENT PILOT RATED PASSENGER WAS LEFT ,the pilot exited the aircraft in order to escort a deplaning passenger .,pilot,ART,aircraft
121,19961030044759I,2020,0,"NARRATIVE: PRIVATE PILOT, IN A SINGLE ENGINE CESSNA, ON A VFR FLIGHT WITH ONE PASSENGER, MADE AN EMERGENCY LANDING ","narrative : private pilot , in a single engine cessna , on a vfr flight with one passenger , made an emergency landing",pilot,ART,cessna
122,19970501015019I,2021,0,"NARRATIVE: AIRCRAFT DEPARTED BIRCHWOOD, AK AIRPORT ON A SHORT PLEASURE FLIGHT. THE LEFT MAIN GEAR FAILED TO EXTEND ","narrative : aircraft departed birchwood , ak airport on a short pleasure flight .",birchwood,PART-WHOLE,ak airport
123,19970427014569I,2025,0,"NARRATIVE: ON 04/27/97 AT 6:25 A CESSNA CARAVAN, N303GV, DEPARTED KOTZEBUE, ALASKA WITH THE TAIL STAND ATTACHED.   ","narrative : on 04/27/97 at 6:25 a cessna caravan , n303gv , departed kotzebue , alaska with the tail stand attached .",kotzebue,PART-WHOLE,alaska
124,19970826028809I,2043,0,"NARRATIVE: AFTER DEPARTURE FROM MARLBORO AIRPORT, MARLBORO, NJ UNDER VISUAL METEOROLOGICAL CONDITION (VMC), THE PIL","narrative : after departure from marlboro airport , marlboro , nj under visual meteorological condition ( vmc ) , the pil",marlboro,PART-WHOLE,nj
125,19970826028809I,2043,0,"NARRATIVE: AFTER DEPARTURE FROM MARLBORO AIRPORT, MARLBORO, NJ UNDER VISUAL METEOROLOGICAL CONDITION (VMC), THE PIL","narrative : after departure from marlboro airport , marlboro , nj under visual meteorological condition ( vmc ) , the pil",marlboro airport,PART-WHOLE,marlboro
126,19970908038069A,2051,1,TIRED TAXI WITH TIEDOWN CHAINS ATTACHE. ROLLED OVER. PILOT FAILED NOTE RAMP PERSON TIED SKIDS DUE HIGH WIND.       ,pilot failed note ramp person tied skids due high wind .,person,ART,skids
127,19970921027739A,2055,0,"CRASHED ON TAKEOFF, OTHER CIRCUMSTANCES ARE UNKNOWN. (.4)THE PILOT WAS PLANNING TO FERRY HIS AIRPLANE FROM A PRIVAT",( .4 ) the pilot was planning to ferry his airplane from a privat,his,ART,airplane
128,19971226042729I,2064,0,NR2 ENGINE FIRE WHILE LOADING PASSENGERS AT GATE. EVACUATED. FUEL LEVER WAS IN FLIGHT IDLE. CUT OFF. SMOKE CLEARED.,nr2 engine fire while loading passengers at gate .,passengers,PHYS,gate
129,19970810027479I,2079,0,NARRATIVE: PILOT FUELED AIRCRAFT AND PLACED FUEL SELECTOR ON LEFT TANK. PILOT BOARDED HIS TWO DOGS AND UPON HIS ENT,narrative : pilot fueled aircraft and placed fuel selector on left tank .,pilot,ART,aircraft
130,19980409012039I,2080,0,NARRATIVE: UPON LANDING AIRCRAFT PILOT LOST CONTROL (UNKNOWN REASON) AND RECOVERY POSITIONED AIRCRAFT PERPENDICULAR,narrative : upon landing aircraft pilot lost control ( unknown reason ) and recovery positioned aircraft perpendicular,pilot,ART,aircraft
131,19980409012039I,2080,0,NARRATIVE: UPON LANDING AIRCRAFT PILOT LOST CONTROL (UNKNOWN REASON) AND RECOVERY POSITIONED AIRCRAFT PERPENDICULAR,narrative : upon landing aircraft pilot lost control ( unknown reason ) and recovery positioned aircraft perpendicular,pilot,ART,aircraft
132,19970813034319I,2084,0,"NARRATIVE: PILOT REPORTED ENGINE SPUTTERED AND QUIT ON APPROACH TO ANOKA, MN AIRPORT. TRIED RESTARTING WITH NO EFFE","narrative : pilot reported engine sputtered and quit on approach to anoka , mn airport .",airport,PART-WHOLE,anoka
133,19980620030289I,2099,0,"MR. KADERA THEN ATTEMPTED TO LAND IN A FIELD BUT WAS FORCED TO LAND ON HIGHWAY 93. THREE MILES EAST OF SUNMER, IOWA","mr. kadera then attempted to land in a field but was forced to land on highway 93. three miles east of sunmer , iowa",kadera,PHYS,field
134,19980620030289I,2099,0,"MR. KADERA THEN ATTEMPTED TO LAND IN A FIELD BUT WAS FORCED TO LAND ON HIGHWAY 93. THREE MILES EAST OF SUNMER, IOWA","mr. kadera then attempted to land in a field but was forced to land on highway 93. three miles east of sunmer , iowa",sunmer,PART-WHOLE,iowa
135,19980620030289I,2099,0,"MR. KADERA THEN ATTEMPTED TO LAND IN A FIELD BUT WAS FORCED TO LAND ON HIGHWAY 93. THREE MILES EAST OF SUNMER, IOWA","mr. kadera then attempted to land in a field but was forced to land on highway 93. three miles east of sunmer , iowa",kadera,PHYS,sunmer
136,19980702015809A,2103,0,"ACFT CRASHED AFTER TAKEOFF, BLISSFIELD, MI (.19)ON JULY 2, 1998, AT 0800 EASTER DAYLIGHT TIME (EDT), W WICKS FLY BA","acft crashed after takeoff , blissfield , mi ( .19 ) on july 2 , 1998 , at 0800 easter daylight time ( edt ) , w wicks fly ba",blissfield,PART-WHOLE,mi
137,19971008030469I,2104,0,"NARRATIVE: ON OCTOBER 7, 1997 AT APPROXIMATELY 1800 EDT A BEECHCRAFT BE58, N18BZ DEPARTED FROM GAYLORD, MI (GLR) WI","narrative : on october 7 , 1997 at approximately 1800 edt a beechcraft be58 , n18bz departed from gaylord , mi ( glr ) wi",gaylord,PART-WHOLE,mi
138,19980712030299I,2105,0,THE PILOT WAS TAXIING THE AIRCRAFT INTO THE WIND WITH THE CONTROLS TIED BACK WITH THE SEAT BELT. THE AIRCRAFT WENT ,the pilot was taxiing the aircraft into the wind with the controls tied back with the seat belt .,pilot,ART,aircraft
139,19980714024869A,2107,0,(-23)A/C TRIED TO RETURN TO THE AIRPORT AFTER TAKEOFF DUE TO OIL ON THE WINDSHIELDS. INSTALLATION OF THE AIRCRAFT S,( -23 ) a/c tried to return to the airport after takeoff due to oil on the windshields .,a/c,PHYS,airport
140,19980823038089I,2114,0,"(-5)IFR FLIGHT, REXBURG, IDAHO TO GUNNISON, CO., PILOT REQUESTED DIVERSION TO IDAHO FALLS (IDA) AFTER HAVING SMOKE ","( -5 ) ifr flight , rexburg , idaho to gunnison , co. , pilot requested diversion to idaho falls ( ida ) after having smoke",rexburg,PART-WHOLE,idaho
141,19980823038089I,2114,0,"(-5)IFR FLIGHT, REXBURG, IDAHO TO GUNNISON, CO., PILOT REQUESTED DIVERSION TO IDAHO FALLS (IDA) AFTER HAVING SMOKE ","( -5 ) ifr flight , rexburg , idaho to gunnison , co. , pilot requested diversion to idaho falls ( ida ) after having smoke",pilot,PHYS,idaho falls
142,19981030031049A,2122,1,"ON DEPARTURE FROM AVA, MO., ACFT SWERVED TO RIGHT AND PILOT COULD NOT RECOVER, CRASHED ON AIRPORT PROPERTY OFF RWY.",", acft swerved to right and pilot could not recover , crashed on airport property off rwy .",pilot,PHYS,property
143,19981030031049A,2122,1,"ON DEPARTURE FROM AVA, MO., ACFT SWERVED TO RIGHT AND PILOT COULD NOT RECOVER, CRASHED ON AIRPORT PROPERTY OFF RWY.",", acft swerved to right and pilot could not recover , crashed on airport property off rwy .",property,PART-WHOLE,airport
144,19981003041069I,2133,0,"(-5)AIRCRAFT PARKED ON GRASS BY GROUND CREW. ON DEPARTURE WHILE TAXIING TO THE PAVED TAXIWAY, THE NOSE GEAR FELL IN",( -5 ) aircraft parked on grass by ground crew .,crew,PHYS,grass
145,19981003041069I,2133,0,"(-5)AIRCRAFT PARKED ON GRASS BY GROUND CREW. ON DEPARTURE WHILE TAXIING TO THE PAVED TAXIWAY, THE NOSE GEAR FELL IN",( -5 ) aircraft parked on grass by ground crew .,crew,ART,aircraft
146,19980313008779I,2139,0,"NARRATIVE: THE PILOT FUELED THE AIRCRAFT AT SALINAS, CA. HE SAID HE VISUALLY CHECKED THE FUEL CAPS. HE STATED HE DE","narrative : the pilot fueled the aircraft at salinas , ca .",salinas,PART-WHOLE,ca
147,19980313008779I,2139,0,"NARRATIVE: THE PILOT FUELED THE AIRCRAFT AT SALINAS, CA. HE SAID HE VISUALLY CHECKED THE FUEL CAPS. HE STATED HE DE","narrative : the pilot fueled the aircraft at salinas , ca .",pilot,PHYS,salinas
148,19980313008779I,2139,0,"NARRATIVE: THE PILOT FUELED THE AIRCRAFT AT SALINAS, CA. HE SAID HE VISUALLY CHECKED THE FUEL CAPS. HE STATED HE DE","narrative : the pilot fueled the aircraft at salinas , ca .",pilot,ART,aircraft
149,19981122032029A,2143,0,"(-23) MR. HICKS WAS FLYING FROM SAUK CENTER, MN. (D39) TO CARROLL, IA (CIN). AT ABOUT 1530 LOCAL TIME HE REPORTED T","( -23 ) mr. hicks was flying from sauk center , mn .",sauk center,PART-WHOLE,mn
150,19981122032029A,2143,0,"(-23) MR. HICKS WAS FLYING FROM SAUK CENTER, MN. (D39) TO CARROLL, IA (CIN). AT ABOUT 1530 LOCAL TIME HE REPORTED T","( -23 ) mr. hicks was flying from sauk center , mn .",hicks,PHYS,sauk center
151,19981122032029A,2143,1,"(-23) MR. HICKS WAS FLYING FROM SAUK CENTER, MN. (D39) TO CARROLL, IA (CIN). AT ABOUT 1530 LOCAL TIME HE REPORTED T","( d39 ) to carroll , ia ( cin ) .",carroll,PART-WHOLE,ia
152,19990130042099A,2147,0,"(.4)THE PILOT STATED HE WAS FLYING THE EXPERIMENTAL AIRPLANE ON A FRIEND'S PRIVATE AIRSTRIP NEAR PLEASANT VIEW, TEN","( .4 ) the pilot stated he was flying the experimental airplane on a friend 's private airstrip near pleasant view , ten",he,ART,airplane
153,19990130042099A,2147,0,"(.4)THE PILOT STATED HE WAS FLYING THE EXPERIMENTAL AIRPLANE ON A FRIEND'S PRIVATE AIRSTRIP NEAR PLEASANT VIEW, TEN","( .4 ) the pilot stated he was flying the experimental airplane on a friend 's private airstrip near pleasant view , ten",airstrip,PHYS,pleasant view
154,19990130042099A,2147,0,"(.4)THE PILOT STATED HE WAS FLYING THE EXPERIMENTAL AIRPLANE ON A FRIEND'S PRIVATE AIRSTRIP NEAR PLEASANT VIEW, TEN","( .4 ) the pilot stated he was flying the experimental airplane on a friend 's private airstrip near pleasant view , ten",friend,ART,airstrip
155,19990415020099I,2154,0,"TWA, FLIGHT 580 DEPARTED RUNWAY 32 AT LINCOLN, NE. DURING CLIMB CABIN FAILED TO PRESSURIZE.  AIRCRAFT RETURNED TO L","twa , flight 580 departed runway 32 at lincoln , ne .",lincoln,PART-WHOLE,ne
156,19980617028129I,2161,0,"ON JUNE 17, 1998, AN AS-350-BA HELICOPTER DEPARTED LIHUE AIRPORT ON THE ISLAND OF KAUAI, HAWAII, THE PILOT HAD NEGL","on june 17 , 1998 , an as-350-ba helicopter departed lihue airport on the island of kauai , hawaii , the pilot had negl",lihue airport,PART-WHOLE,island
157,19990511020019I,2166,0,AIRCRAFT LANDED GEAR UP ON RUNWAY #1 AT ALBANY INTERNATIONAL AIRPORT. PILOT WAS IN THE PROCESS OF PERFORMING AN EME,aircraft landed gear up on runway # 1 at albany international airport .,runway,PART-WHOLE,albany international airport
158,19990613006919A,2168,0,"ACFT CRASHED INTO A SWAMP UNDER UNKNOWN CIRCUMSTANCES, AND THE PILOT WAS TAKEN TO THE HOSPITAL WITH UNKNOWN INJURIE","acft crashed into a swamp under unknown circumstances , and the pilot was taken to the hospital with unknown injurie",pilot,PHYS,hospital
159,19990526022619I,2171,0,"(-5) ON MAY 26, 1999, AT APPROXIMATELY 7:05 AM MDT MESA AIRLINES FLIGHT 105, A BE-1900D, TAXIED FROM THE MESA RAMP ","( -5 ) on may 26 , 1999 , at approximately 7:05 am mdt mesa airlines flight 105 , a be-1900d , taxied from the mesa ramp",mesa airlines,ART,flight 105
160,19980817031319I,2177,0,"AIRCRAFT DEPARTED OSAGE BEACH (K15) ON RUNWAY 14 ENROUTE TO KANSAS CITY, MISSOURI. UPON CLIMBOUT AT APPROXIMATELY 3","aircraft departed osage beach ( k15 ) on runway 14 enroute to kansas city , missouri .",kansas city,PART-WHOLE,missouri
161,19990701022969I,2178,0,"(-23) APPROX. 8 MILES NORTH EAST OF BUNTING FIELD (DEPARTURE POINT) AT 800 FEET, THE PILOT EXPERIENCED LIGHT-MODERA","8 miles north east of bunting field ( departure point ) at 800 feet , the pilot experienced light-modera",pilot,PHYS,bunting field
162,19990722047379A,2184,0,"(.4) WAITING ON THE RAMP FOR TAXI INSTRUCTIONS, THE COPILOT BROUGHT TO THE CAPTAIN'S ATTENTION THAT THE GEAR LOCK H","( .4 ) waiting on the ramp for taxi instructions , the copilot brought to the captain 's attention that the gear lock h",copilot,PHYS,ramp
163,19991105036659A,2189,0,"(-23) MR. KARUP WAS PROVIDING SUPERVISION TO A STUDENT PILOT ON A CROSS COUNTRY FLIGHT FROM JACKSONVILLE, NC (OAJ),","( -23 ) mr. karup was providing supervision to a student pilot on a cross country flight from jacksonville , nc ( oaj ) ,",jacksonville,PART-WHOLE,nc
164,19981115045229I,2190,0,(-5) WHILE TAXIING FROM THE HANGER 6 WEST AT THE PURDUE AIRPORT (LAF) THE STUDENT PILOT LOST CONTROL OF THE AIRCRAF,( -5 ) while taxiing from the hanger 6 west at the purdue airport ( laf ) the student pilot lost control of the aircraf,pilot,ART,aircraf
165,19981115045229I,2190,0,(-5) WHILE TAXIING FROM THE HANGER 6 WEST AT THE PURDUE AIRPORT (LAF) THE STUDENT PILOT LOST CONTROL OF THE AIRCRAF,( -5 ) while taxiing from the hanger 6 west at the purdue airport ( laf ) the student pilot lost control of the aircraf,pilot,PHYS,purdue airport
166,19991217045189A,2193,0,"(.4) ON DECEMBER 17, 1999, AT 1024 HOURS PACIFIC STANDARD TIME, A CESSNA 172N, N738UA, OPERATED BY THE PILOT WAS SU","( .4 ) on december 17 , 1999 , at 1024 hours pacific standard time , a cessna 172n , n738ua , operated by the pilot was su",pilot,ART,172n
167,19991210035729I,2199,0,"(-23) THE PILOT IN COMMAND OF N789SL HAD FILED AN IFR FLIGHT PLAN FROM PALM SPRINGS (PSP), CA, TO OCEANSIDE (CRQ), ","( -23 ) the pilot in command of n789sl had filed an ifr flight plan from palm springs ( psp ) , ca , to oceanside ( crq ) ,",palm springs,PART-WHOLE,ca
168,19991210035729I,2199,0,"(-23) THE PILOT IN COMMAND OF N789SL HAD FILED AN IFR FLIGHT PLAN FROM PALM SPRINGS (PSP), CA, TO OCEANSIDE (CRQ), ","( -23 ) the pilot in command of n789sl had filed an ifr flight plan from palm springs ( psp ) , ca , to oceanside ( crq ) ,",pilot,PHYS,oceanside
169,19991210035729I,2199,0,"(-23) THE PILOT IN COMMAND OF N789SL HAD FILED AN IFR FLIGHT PLAN FROM PALM SPRINGS (PSP), CA, TO OCEANSIDE (CRQ), ","( -23 ) the pilot in command of n789sl had filed an ifr flight plan from palm springs ( psp ) , ca , to oceanside ( crq ) ,",pilot,ART,n789sl
170,19990714022959I,2210,0,(-23) ACCORDING TO THE PILOT HE DEPARTED FRONT RANGE AIRPORT DURING THE HOURS OF DARKNESS. DURING THE START AND RUN,( -23 ) according to the pilot he departed front range airport during the hours of darkness .,he,PHYS,front range airport
171,19990717035079A,2213,1,(.4) THE HELICOPTER LOST ENGINE POWER DURING TAKEOFF DUE TO CONTAMINATED FUEL. THE COMMERCIAL HELICOPTER PILOT STAT,the commercial helicopter pilot stat,pilot,ART,helicopter
172,19990802033029I,2214,0,"(-23) ON AUG. 2, 1999, N711BN, A BE-90, DEPARTED FROM WEST PALM BEACH INT'L WITH PILOT DUANE CRITHFIELD, CERTIFICAT","( -23 ) on aug. 2 , 1999 , n711bn , a be-90 , departed from west palm beach int ' l with pilot duane crithfield , certificat",duane crithfield,PHYS,west palm beach int ' l
173,19990928027529I,2219,1,(-23) OPERATOR EXPERIENCED LOW OIL PRESSURE INDICATION ON CLIMB. OPERATOR RETURNED TO AIRPORT AND MADE A NORMAL LAN,operator returned to airport and made a normal lan,operator,PHYS,airport
174,19950823036769I,2227,1,POSITIONING FLIGHT LOST CABIN DOOR OFF AIRCRAFT. CABIN CREWMAN APPARENTLY FAILED LATCH DOOR. WARNING LIGHT INOP.   ,cabin crewman apparently failed latch door .,crewman,ART,cabin
175,19950921032619A,2229,0,HOPPER FIRE INFLIGHT. PILOT LANDED ON ROAD BETWEEN TREES. SULPHUR DUST A FACTOR. NON COMPLIANCE WITH ADS ON SUBJECT,pilot landed on road between trees .,pilot,PHYS,road
176,19960307003679I,2241,0,"NARRATIVE: AIRCRAFT DEPARTED FORT SMITH, ARKANSAS. DURING GEAR RETRACTION, THE LANDING GEAR CIRCUIT BREAKER POPPED.","narrative : aircraft departed fort smith , arkansas .",fort smith,PART-WHOLE,arkansas
177,19960603025369I,2251,0,"NARRATIVE: ON AN IFR FLIGHT PLAN FROM CHICAGO, IL TO SAN ANTONIO, TX N898CB, A CESSNA 560, EXPERIENCED A RAPID LOSS","narrative : on an ifr flight plan from chicago , il to san antonio , tx n898cb , a cessna 560 , experienced a rapid loss",chicago,PART-WHOLE,il
178,19960603025369I,2251,0,"NARRATIVE: ON AN IFR FLIGHT PLAN FROM CHICAGO, IL TO SAN ANTONIO, TX N898CB, A CESSNA 560, EXPERIENCED A RAPID LOSS","narrative : on an ifr flight plan from chicago , il to san antonio , tx n898cb , a cessna 560 , experienced a rapid loss",san antonio,PART-WHOLE,tx
179,19961016038619I,2262,0,"NARRATIVE: ON OCTOBER 16, 1996, MR. CARL N. LEWIS, PILOT-IN-COMMAND OF MOONEY, N9266V, TOOK OFF FROM MONTGOMERY AIR","narrative : on october 16 , 1996 , mr. carl n. lewis , pilot-in-command of mooney , n9266v , took off from montgomery air",carl n. lewis,PHYS,montgomery air
180,19970405045919A,2270,0,(.4) THE PILOT FUELED HIS AIRPLANE AND FLEW A CROSS COUNTRY FLIGHT FOR A TOTAL DURATION OF 4 HOURS. AFTER LANDING B,( .4 ) the pilot fueled his airplane and flew a cross country flight for a total duration of 4 hours .,his,ART,airplane
181,19970405045919A,2270,0,(.4) THE PILOT FUELED HIS AIRPLANE AND FLEW A CROSS COUNTRY FLIGHT FOR A TOTAL DURATION OF 4 HOURS. AFTER LANDING B,( .4 ) the pilot fueled his airplane and flew a cross country flight for a total duration of 4 hours .,pilot,ART,airplane
182,19970629018519A,2281,0,DEPARTED ENGINE NOT HEATHY CONTINUED. MORE POWER LOSS. HIT WIRES LDG ON 135. (-23) THE PILOT DEPARTED PAULS VALLEY ,( -23 ) the pilot departed pauls valley,pilot,PHYS,pauls valley
183,19970830044119I,2286,0,NARRATIVE: AIRCRAFT LOST POWER AND LANDED IN CORN FIELD APPROXIMATELY ONE MILE SHORT OF SHANNON AIRPORT. MINOR DAMA,narrative : aircraft lost power and landed in corn field approximately one mile short of shannon airport .,corn field,PHYS,shannon airport
184,19970914032469I,2287,0,"NARRATIVE: MS. LUNKEN DEPARTED NASHUA, NH ENROUTE TO ALTOONA, PA. IN THE VICINITY OF WILKES-BARRE, PA SHE OBSERVED ","narrative : ms. lunken departed nashua , nh enroute to altoona , pa. in the vicinity of wilkes-barre , pa she observed",lunken,PHYS,nashua
185,19970914032469I,2287,0,"NARRATIVE: MS. LUNKEN DEPARTED NASHUA, NH ENROUTE TO ALTOONA, PA. IN THE VICINITY OF WILKES-BARRE, PA SHE OBSERVED ","narrative : ms. lunken departed nashua , nh enroute to altoona , pa. in the vicinity of wilkes-barre , pa she observed",nashua,PART-WHOLE,nh
186,19970914032469I,2287,0,"NARRATIVE: MS. LUNKEN DEPARTED NASHUA, NH ENROUTE TO ALTOONA, PA. IN THE VICINITY OF WILKES-BARRE, PA SHE OBSERVED ","narrative : ms. lunken departed nashua , nh enroute to altoona , pa. in the vicinity of wilkes-barre , pa she observed",lunken,PHYS,altoona
187,19971230039709A,2290,0,"(.4)THE PILOT LANDED AT WATERTOWN, LOADED AND OFF-LOADED CARGO, AND DEPARTED WITHOUT GETTING OUT OF THE AIRPLANE. A","( .4 ) the pilot landed at watertown , loaded and off-loaded cargo , and departed without getting out of the airplane .",pilot,PHYS,watertown
188,19980130003679I,2291,0,"NARRATIVE: ON FEBRUARY 11, 1998, AT APPROXIMATELY 1615 MST, A BIG SKY AIRLINES SA-227, FLIGHT 1204, BEING OPERATED ","narrative : on february 11 , 1998 , at approximately 1615 mst , a big sky airlines sa-227 , flight 1204 , being operated",big sky airlines,ART,sa-227
189,19981001042209A,2311,0,"(.19) ON OCTOBER 1, 1998, AT 1230 CENTRAL DAYLIGHT TIME, A DIAMOND AIRCRAFT INDUSTRIES DA 20-A1 AIRPLANE, N527SS, W","( .19 ) on october 1 , 1998 , at 1230 central daylight time , a diamond aircraft industries da 20-a1 airplane , n527ss , w",diamond aircraft industries,ART,airplane
190,19981008045999A,2312,0,"(.4) THE CERTIFICATED AIRLINE TRANSPORT PILOT, WITH ONE PASSENGER, WAS DEPARTING FOR ANOTHER AIRPORT ABOUT 5 MILES ","( .4 ) the certificated airline transport pilot , with one passenger , was departing for another airport about 5 miles",pilot,PHYS,airport
191,19981008045999A,2312,0,"(.4) THE CERTIFICATED AIRLINE TRANSPORT PILOT, WITH ONE PASSENGER, WAS DEPARTING FOR ANOTHER AIRPORT ABOUT 5 MILES ","( .4 ) the certificated airline transport pilot , with one passenger , was departing for another airport about 5 miles",pilot,ORG-AFF,airline
192,19990126015169I,2316,0,"ENROUTE TO PICK UP PATIENT AT HOSPITAL, PILOT FELT WHAT HE THOUGHT WAS TURBULENCE FOLLOWED BY A RUSHING AIR NOISE. ","enroute to pick up patient at hospital , pilot felt what he thought was turbulence followed by a rushing air noise .",patient,PHYS,hospital
193,19990506015529I,2321,0,"ON 5/6/99 AT APPROXIMATELY 1608C, DELTA 789 DEPARTED RUNWAY 36 BOUND FOR SAN FRANCISCO, CA. SHORTLY AFTER TAKEOFF T","on 5/6/99 at approximately 1608c , delta 789 departed runway 36 bound for san francisco , ca .",san francisco,PART-WHOLE,ca
194,19990816019439I,2322,0,"(-23)AFTER LANDING, TAXIED ON TAXIWAY PAPA WAS MARCHALLED BY GROUP PERSONNEL INTO THE ATLANTIC FBO RAMP, HIT A RECE","( -23 ) after landing , taxied on taxiway papa was marchalled by group personnel into the atlantic fbo ramp , hit a rece",personnel,PHYS,ramp
195,19990816019439I,2322,0,"(-23)AFTER LANDING, TAXIED ON TAXIWAY PAPA WAS MARCHALLED BY GROUP PERSONNEL INTO THE ATLANTIC FBO RAMP, HIT A RECE","( -23 ) after landing , taxied on taxiway papa was marchalled by group personnel into the atlantic fbo ramp , hit a rece",personnel,ORG-AFF,group
196,19990904035409I,2323,0,(-23) PILOT DEPARTED A PRIVATE RANCH FOR A FOUR (4) MILE ENROUTE TRIP TO ANOTHER RANCH. AFTER TAKEOFF PILOT REALIZE,( -23 ) pilot departed a private ranch for a four ( 4 ) mile enroute trip to another ranch .,pilot,PHYS,ranch
197,19990904035409I,2323,0,(-23) PILOT DEPARTED A PRIVATE RANCH FOR A FOUR (4) MILE ENROUTE TRIP TO ANOTHER RANCH. AFTER TAKEOFF PILOT REALIZE,( -23 ) pilot departed a private ranch for a four ( 4 ) mile enroute trip to another ranch .,pilot,PHYS,ranch
198,19991109047809A,2329,0,"(-23) ON TUESDAY, NOVEMBER 9, 1999 AT 1500 HOURS LOCAL, PILOT T. O'CONNELL ATTEMPTED A TAKE-OFF FROM CANANDAIGUA AI","( -23 ) on tuesday , november 9 , 1999 at 1500 hours local , pilot t. o'connell attempted a take-off from canandaigua ai",t. o'connell,PHYS,canandaigua
199,19991223042329I,2330,0,"(-23)^PRIVACY DATA ^ A PRIVATE PILOT WHILE FLYING N9023Q, A BEECH BE-58-58, ENROUTE AT 12,000 TO KMSN HAD THE FRONT","( -23 ) ^privacy data ^ a private pilot while flying n9023q , a beech be-58-58 , enroute at 12,000 to kmsn had the front",pilot,ART,n9023q
200,20000526035169I,2343,0,"(-23)ON MAY 26, 2000, N4628C DEPARTED RUNWAY 22, CULPEPER, VA (W49) ON A PERSONAL FLIGHT SUBSEQUENT TO MAINTENANCE ","( -23 ) on may 26 , 2000 , n4628c departed runway 22 , culpeper , va ( w49 ) on a personal flight subsequent to maintenance",culpeper,PART-WHOLE,va
201,20000604033149I,2344,0,"(-23)PILOT TAXIED AIRCRAFT TO RUNWAY 31 AT READING AIRPORT (RDG), READING, PA, THEN STOPPED AND SET BRAKES. PILOT W","( -23 ) pilot taxied aircraft to runway 31 at reading airport ( rdg ) , reading , pa , then stopped and set brakes .",reading airport,PART-WHOLE,reading
202,20000604033149I,2344,0,"(-23)PILOT TAXIED AIRCRAFT TO RUNWAY 31 AT READING AIRPORT (RDG), READING, PA, THEN STOPPED AND SET BRAKES. PILOT W","( -23 ) pilot taxied aircraft to runway 31 at reading airport ( rdg ) , reading , pa , then stopped and set brakes .",reading,PART-WHOLE,pa
203,20000604033149I,2344,0,"(-23)PILOT TAXIED AIRCRAFT TO RUNWAY 31 AT READING AIRPORT (RDG), READING, PA, THEN STOPPED AND SET BRAKES. PILOT W","( -23 ) pilot taxied aircraft to runway 31 at reading airport ( rdg ) , reading , pa , then stopped and set brakes .",reading airport,PART-WHOLE,pa
204,20000604033149I,2344,0,"(-23)PILOT TAXIED AIRCRAFT TO RUNWAY 31 AT READING AIRPORT (RDG), READING, PA, THEN STOPPED AND SET BRAKES. PILOT W","( -23 ) pilot taxied aircraft to runway 31 at reading airport ( rdg ) , reading , pa , then stopped and set brakes .",pilot,ART,aircraft
205,20000625032189I,2352,0,(-23)NORTHWEST AIRLINES DC-10 BOEING PUSHED BACK FOR REPOSITIONING OFF OF GATE B-52 STRUCK A CONTINENTAL AIRLINES D,( -23 ) northwest airlines dc-10 boeing pushed back for repositioning off of gate b-52 struck a continental airlines d,northwest airlines,ART,boeing
206,20000426010729A,2356,0,"(-23) THE PILOT WAS ON A CROSS COUNTRY FLIGHT FROM JUSTIN, TX. TO DES MOINES, IOWA. HE STATED THAT THE ENGINE LOST ","( -23 ) the pilot was on a cross country flight from justin , tx .",justin,PART-WHOLE,tx
207,20000426010729A,2356,1,"(-23) THE PILOT WAS ON A CROSS COUNTRY FLIGHT FROM JUSTIN, TX. TO DES MOINES, IOWA. HE STATED THAT THE ENGINE LOST ","to des moines , iowa .",des moines,PART-WHOLE,iowa
208,20000816042639A,2358,0,"(-23) THE PILOT TOOK OFF FROM MERRILL FIELD RUNWAY 24, DURING CLIMB OUT THE ENGINE CEASED TO DEVELOP POWER. THE PIL","( -23 ) the pilot took off from merrill field runway 24 , during climb out the engine ceased to develop power .",pilot,PHYS,runway
209,20000709034939I,2362,0,(-23) DELTA AIRLINES BOEING 737 N947WP WAS PARKED AT SPOT 11 ON THE NORTH RAMP WAITING FOR THUNDERSTORMS TO MOVE OU,( -23 ) delta airlines boeing 737 n947wp was parked at spot 11 on the north ramp waiting for thunderstorms to move ou,delta airlines,ART,737
210,20000628028249I,2368,0,"(-23)ON JUNE 28, 2000 AT APPROXIMATELY 1140 AM AN INTERNATIONAL AIR HANDLERS BAGGAGE CART #T-2 BECAME UNHITCHED AND","( -23 ) on june 28 , 2000 at approximately 1140 am an international air handlers baggage cart # t-2 became unhitched and",handlers,ART,cart
211,20001022016149A,2374,0,"(-23) DURING DEPARTURE FROM A PRIVATE AIRSTRIP AT LUCEDALE, MS. WHILE CLIMBING THROUGH APPROX. 150 FEET AGL., THE A","( -23 ) during departure from a private airstrip at lucedale , ms. while climbing through approx .",airstrip,PART-WHOLE,lucedale
212,20001027030999I,2378,0,"(-23)ON FRIDAY OCTOBER 27, 2000, A DC-10 WAS BEING MARSHALLED TO A PARKING SPOT BY PERSONNEL OF PATHFINDER, A FREIG","( -23 ) on friday october 27 , 2000 , a dc-10 was being marshalled to a parking spot by personnel of pathfinder , a freig",personnel,ORG-AFF,pathfinder
213,20000929029309I,2379,0,"(-23) AIRMAN STATED THAT AFTER HE PREFLIGHTED A/C, HE WENT INTO THE OPS HANGER TO FILE HIS FLIGHT PLAN. WHEN HE RET","( -23 ) airman stated that after he preflighted a/c , he went into the ops hanger to file his flight plan .",he,PHYS,ops hanger
214,20000929029309I,2379,0,"(-23) AIRMAN STATED THAT AFTER HE PREFLIGHTED A/C, HE WENT INTO THE OPS HANGER TO FILE HIS FLIGHT PLAN. WHEN HE RET","( -23 ) airman stated that after he preflighted a/c , he went into the ops hanger to file his flight plan .",he,ART,a/c
215,20000912027579I,2380,0,"(-23)DEPARTED TITUSVILLE, FLORIDA (TIX). AIRCRAFT WAS CRUISING AT 8500 FT. WITH ENGINE MAINTAINING 2400 RPM.  ENGIN","( -23 ) departed titusville , florida ( tix ) .",titusville,PART-WHOLE,florida
216,20001118043779A,2385,0,"(-23) ON NOVEMBER 18, 2000, AIRCRAFT 8181L ATTEMPTED A NORMAL LANDING ON A GRASS AIRSTRIP LOCATED AT WHITE POST, VA","( -23 ) on november 18 , 2000 , aircraft 8181l attempted a normal landing on a grass airstrip located at white post , va",airstrip,PART-WHOLE,white post
217,20010523008789I,2400,0,"(-23)SOMETIME DURING THE NIGHT, AN UNMANNED, UNCONTROLLED US AIRWAYS LAVATORY TRUCK ROLLED ACROSS TAXIWAYS ""G"" AND ","( -23 ) sometime during the night , an unmanned , uncontrolled us airways lavatory truck rolled across taxiways `` g '' and",us airways,ART,truck
218,20010505011289I,2404,0,"(-23)PILOT DEPARTED MATHER FIELD, CALIFORNIA ENROUTE TO RANCHO MURIETA, CALIFORNIA. SHORTLY AFTER LEVEL OFF, THE EN","( -23 ) pilot departed mather field , california enroute to rancho murieta , california .",rancho murieta,PART-WHOLE,california
219,20010505011289I,2404,0,"(-23)PILOT DEPARTED MATHER FIELD, CALIFORNIA ENROUTE TO RANCHO MURIETA, CALIFORNIA. SHORTLY AFTER LEVEL OFF, THE EN","( -23 ) pilot departed mather field , california enroute to rancho murieta , california .",mather field,PART-WHOLE,california
220,20010505011289I,2404,0,"(-23)PILOT DEPARTED MATHER FIELD, CALIFORNIA ENROUTE TO RANCHO MURIETA, CALIFORNIA. SHORTLY AFTER LEVEL OFF, THE EN","( -23 ) pilot departed mather field , california enroute to rancho murieta , california .",pilot,PHYS,mather field
221,20010505011289I,2404,0,"(-23)PILOT DEPARTED MATHER FIELD, CALIFORNIA ENROUTE TO RANCHO MURIETA, CALIFORNIA. SHORTLY AFTER LEVEL OFF, THE EN","( -23 ) pilot departed mather field , california enroute to rancho murieta , california .",pilot,PHYS,rancho murieta
222,20010407005699A,2411,0,"(-23) ^PRIVACY DAT^ AND ONE PASSENGER WERE ENROUTE FROM PETERSBURGH, VA. (PTV) TO ORANGEBURGH, SC (OGB) IN N8084K A","( -23 ) ^privacy dat^ and one passenger were enroute from petersburgh , va. ( ptv ) to orangeburgh , sc ( ogb ) in n8084k a",orangeburgh,PART-WHOLE,sc
223,20010407005699A,2411,0,"(-23) ^PRIVACY DAT^ AND ONE PASSENGER WERE ENROUTE FROM PETERSBURGH, VA. (PTV) TO ORANGEBURGH, SC (OGB) IN N8084K A","( -23 ) ^privacy dat^ and one passenger were enroute from petersburgh , va. ( ptv ) to orangeburgh , sc ( ogb ) in n8084k a",passenger,PHYS,orangeburgh
224,20010723017949A,2416,0,"(-23) PILOT WAS ON A VFR FLIGHT FROM AUBURN/LEWISTON, ME (LEW) TO BUFFALO, NY (BUF). APPROXIMATELY 15 MILES SOUTHWE","( -23 ) pilot was on a vfr flight from auburn/lewiston , me ( lew ) to buffalo , ny ( buf ) .",buffalo,PART-WHOLE,ny
225,20010723017949A,2416,0,"(-23) PILOT WAS ON A VFR FLIGHT FROM AUBURN/LEWISTON, ME (LEW) TO BUFFALO, NY (BUF). APPROXIMATELY 15 MILES SOUTHWE","( -23 ) pilot was on a vfr flight from auburn/lewiston , me ( lew ) to buffalo , ny ( buf ) .",pilot,PHYS,buffalo
226,20010802021609I,2419,0,"(-23) PILOT STATED THAT JUST BEFORE TAKE OFF AT YUMA INTERNATIONAL AIRPORT, HE ADJUSTED HIS SEAT FORWARD BECAUSE HE","( -23 ) pilot stated that just before take off at yuma international airport , he adjusted his seat forward because he",pilot,PHYS,yuma international airport
227,20010711020939I,2421,0,(-23) ON 07/11/01 FEDEX FLIGHT 1611 INBOUND TO IND REPORTED HEARING A LOUD NOISE FROM THE REAR OF THE AIRCRAFT. THE,( -23 ) on 07/11/01 fedex flight 1611 inbound to ind reported hearing a loud noise from the rear of the aircraft .,rear,PART-WHOLE,aircraft
228,20011030034599I,2423,0,(-23) ON 10/30/2001 MR. HATTER PURCHASED 44.3 GALLONS OF FUEL FROM THE FUEL TRUCK AT MOORE COUNTY AIRPORT IN DUMAS ,( -23 ) on 10/30/2001 mr. hatter purchased 44.3 gallons of fuel from the fuel truck at moore county airport in dumas,moore county airport,PART-WHOLE,dumas
229,20010907028149I,2426,0,"(-23) THE AIRMAN PERFORMED A NORMAL TAKEOFF FROM THE CAMBRIDGE AIRPORT. IMMEDIATELY AFTER LIFT OFF, THE PILOT HEARD",( -23 ) the airman performed a normal takeoff from the cambridge airport .,airman,PHYS,cambridge airport
230,20011019029729I,2427,0,"(-23) PILOT STATEMENT: ON FRIDAY, OCTOBER 19, 2001, AT 6:45 AM, AT LOVE AIRFIELD IN PRESCOTT, ARIZONA, THE PLANE A ","( -23 ) pilot statement : on friday , october 19 , 2001 , at 6:45 am , at love airfield in prescott , arizona , the plane a",prescott,PART-WHOLE,arizona
231,20011019029729I,2427,0,"(-23) PILOT STATEMENT: ON FRIDAY, OCTOBER 19, 2001, AT 6:45 AM, AT LOVE AIRFIELD IN PRESCOTT, ARIZONA, THE PLANE A ","( -23 ) pilot statement : on friday , october 19 , 2001 , at 6:45 am , at love airfield in prescott , arizona , the plane a",love airfield,PART-WHOLE,prescott
232,20010822023659I,2431,0,"(-23) ON A FLIGHT FROM GARDEN VALLEY AIRPORT TO BOISE, IDAHO, THE ENGINE QUIT SUDDENLY. THE PILOT MADE AN ENGINE OU","( -23 ) on a flight from garden valley airport to boise , idaho , the engine quit suddenly .",boise,PART-WHOLE,idaho
233,20011013029489I,2433,0,"(-23) ON OCTOBER 13, 2001, A CESSNA CE-172, N2529L, MADE AN EMERGENCY LANDING ON A FROZEN LAKE NEAR THE VILLAGE OF ","( -23 ) on october 13 , 2001 , a cessna ce-172 , n2529l , made an emergency landing on a frozen lake near the village of",lake,PHYS,village
234,20011020029559I,2436,0,(-23) PILOT ATTEMPTED TO LAND AT KODIAK MUNICIPAL AIRPORT. HE GOT A NOSE GEAR UNSAFE INDICATION. HE NOTIFIED TOWER ,( -23 ) pilot attempted to land at kodiak municipal airport .,pilot,PHYS,kodiak municipal airport
235,20011111035809I,2439,1,(-23) AFTER TAKE OFF ACFT HAD POWER FAILURE. PILOT FLEW BY TOWER AND CONFIRMED ALL GEAR DOWN. ACFT LANDED AND NOSE ,pilot flew by tower and confirmed all gear down .,pilot,PHYS,tower
236,20020527020899I,2450,0,"(-23) DURING FLIGHT TRANSITIONING FROM CLIMB TO CRUISE, THE ENGINE COWLING SEPARATED FROM THE ENGINE COMPARTMENT AN","( -23 ) during flight transitioning from climb to cruise , the engine cowling separated from the engine compartment an",compartment,PART-WHOLE,engine
237,20020324004129I,2452,0,"(-23) THE PILOT DEPARTED MOWATA AIRPORT IN EUNICE, LOUISIANA AND ARRIVED IN MIDLAND, TEXAS (MAF) WITHOUT ANY KNOWN ","( -23 ) the pilot departed mowata airport in eunice , louisiana and arrived in midland , texas ( maf ) without any known",midland,PART-WHOLE,texas
238,20020324004129I,2452,0,"(-23) THE PILOT DEPARTED MOWATA AIRPORT IN EUNICE, LOUISIANA AND ARRIVED IN MIDLAND, TEXAS (MAF) WITHOUT ANY KNOWN ","( -23 ) the pilot departed mowata airport in eunice , louisiana and arrived in midland , texas ( maf ) without any known",eunice,PART-WHOLE,louisiana
239,20020324004129I,2452,0,"(-23) THE PILOT DEPARTED MOWATA AIRPORT IN EUNICE, LOUISIANA AND ARRIVED IN MIDLAND, TEXAS (MAF) WITHOUT ANY KNOWN ","( -23 ) the pilot departed mowata airport in eunice , louisiana and arrived in midland , texas ( maf ) without any known",mowata airport,PART-WHOLE,eunice
240,20020324004129I,2452,0,"(-23) THE PILOT DEPARTED MOWATA AIRPORT IN EUNICE, LOUISIANA AND ARRIVED IN MIDLAND, TEXAS (MAF) WITHOUT ANY KNOWN ","( -23 ) the pilot departed mowata airport in eunice , louisiana and arrived in midland , texas ( maf ) without any known",pilot,PHYS,midland
241,20020324004129I,2452,0,"(-23) THE PILOT DEPARTED MOWATA AIRPORT IN EUNICE, LOUISIANA AND ARRIVED IN MIDLAND, TEXAS (MAF) WITHOUT ANY KNOWN ","( -23 ) the pilot departed mowata airport in eunice , louisiana and arrived in midland , texas ( maf ) without any known",pilot,PHYS,mowata airport
242,20020815036819I,2453,0,"(-23) AIRCRAFT DEPARTED KN68 WITH PILOT AND THREE PARACHUTE JUMPERS ON AUGUST 15, 2002 AT 0945 HRS. AIRCRAFT CLIMBE","( -23 ) aircraft departed kn68 with pilot and three parachute jumpers on august 15 , 2002 at 0945 hrs .",jumpers,ART,aircraft
243,20020815036819I,2453,0,"(-23) AIRCRAFT DEPARTED KN68 WITH PILOT AND THREE PARACHUTE JUMPERS ON AUGUST 15, 2002 AT 0945 HRS. AIRCRAFT CLIMBE","( -23 ) aircraft departed kn68 with pilot and three parachute jumpers on august 15 , 2002 at 0945 hrs .",pilot,ART,aircraft
244,20020619014309A,2458,0,"(-23) N759TY, CE-182 WAS EN ROUTE FROM HOT SPRINGS, ARKANSAS TO FAYETTEVILLE, TENNESSEE, WHEN THE AIRCRAFT ENGINE Q","( -23 ) n759ty , ce-182 was en route from hot springs , arkansas to fayetteville , tennessee , when the aircraft engine q",hot springs,PART-WHOLE,arkansas
245,20020619014309A,2458,0,"(-23) N759TY, CE-182 WAS EN ROUTE FROM HOT SPRINGS, ARKANSAS TO FAYETTEVILLE, TENNESSEE, WHEN THE AIRCRAFT ENGINE Q","( -23 ) n759ty , ce-182 was en route from hot springs , arkansas to fayetteville , tennessee , when the aircraft engine q",fayetteville,PART-WHOLE,tennessee
246,20020905024699I,2460,0,(-23) ^PRIVACY DATA OMITTED^ THE PILOT REFUELED THE AIRCRAFT AT HIS DESTINATION FROM TWO FIVE GALLON CONTAINERS HE ,( -23 ) ^privacy data omitted^ the pilot refueled the aircraft at his destination from two five gallon containers he,pilot,ART,aircraft
247,20021024033449I,2468,0,(-23) CREW FAILED TO SWITCH ON THE WING AND ENGINE ANTI-ICE WHEN GROUND ICING CONDITIONS EXISTED. CORRECTED ON THE ,( -23 ) crew failed to switch on the wing and engine anti-ice when ground icing conditions existed .,crew,ART,engine
248,20021002026869A,2469,0,"(.19) ON OCTOBER 2, 2002, ABOUT 1540 EASTERN DAYLIGHT TIME, A BEAGLE AIRCRAFT B.206 BASSET, N72KB, WAS DESTROYED AF","( .19 ) on october 2 , 2002 , about 1540 eastern daylight time , a beagle aircraft b.206 basset , n72kb , was destroyed af",beagle,ART,aircraft
249,20030225003209A,2471,0,(-23) WITNESSES AT THE DEPARTURE AIRPORT STATED THAT PILOT HAD SIGNIFICANT DIFFICULTY STARTING THE AIRCRAFT IMMEDIA,( -23 ) witnesses at the departure airport stated that pilot had significant difficulty starting the aircraft immedia,witnesses,PHYS,airport
250,20030225003209A,2471,0,(-23) WITNESSES AT THE DEPARTURE AIRPORT STATED THAT PILOT HAD SIGNIFICANT DIFFICULTY STARTING THE AIRCRAFT IMMEDIA,( -23 ) witnesses at the departure airport stated that pilot had significant difficulty starting the aircraft immedia,pilot,ART,aircraft
251,20030317008009A,2472,0,(-23) MS BOMBERGER LANDED AT CTJ AFTER A SECOND NO FLAP APPROACH AND RAN OFF THE END OF THE RUNWAY CAUSING THE NOSE,( -23 ) ms bomberger landed at ctj after a second no flap approach and ran off the end of the runway causing the nose,end,PART-WHOLE,runway
252,20030208002149I,2481,0,"(-23) ON 02/08/2003 AT APPROXIMATELY 22:30, A LEAR JET OPERATED BY FS AIR, ON A MEDEVAC OPERATION, SLID OFF THE END","( -23 ) on 02/08/2003 at approximately 22:30 , a lear jet operated by fs air , on a medevac operation , slid off the end",fs air,ART,jet
253,20030611018109A,2484,0,"(-23) ON JUNE 11, 2003 AT APPROXIMATELY 1242 EDT, A STEVEN D. AYERS EXPERIMENTAL RV-6A AIRCRAFT CRASHED DURING TAKE","( -23 ) on june 11 , 2003 at approximately 1242 edt , a steven d. ayers experimental rv-6a aircraft crashed during take",steven d. ayers,ART,aircraft
254,20030607012509A,2494,0,"(-23) THE AIRCRAFT DEPARTED BARTLESVILLE MUNICIPAL AIRPORT (BVO) BARTLESVILLE, OK AT 1147 AM LOCAL TIME FOR A LOCAL","( -23 ) the aircraft departed bartlesville municipal airport ( bvo ) bartlesville , ok at 1147 am local time for a local",bartlesville,PART-WHOLE,ok
255,20030605015579I,2496,0,(-23) MR. CAMPBELL FLEW HIS AIRCRAFT AFTER THE VACUUM PUMP WAS REMOVED FOR REPLACEMENT. THE MECHANIC (IA) WHO REMOV,( -23 ) mr. campbell flew his aircraft after the vacuum pump was removed for replacement .,his,ART,aircraft
256,20030605015579I,2496,0,(-23) MR. CAMPBELL FLEW HIS AIRCRAFT AFTER THE VACUUM PUMP WAS REMOVED FOR REPLACEMENT. THE MECHANIC (IA) WHO REMOV,( -23 ) mr. campbell flew his aircraft after the vacuum pump was removed for replacement .,campbell,ART,aircraft
257,20030603012019I,2499,0,"(-23) DATE: JUNE 3, 2003 LOGAN INTERNATIONAL AIRPORT BOSTON MA (BOS) 12:35 EDT ASI: DONALD E. SMALL N452FJ DORNIER ","( -23 ) date : june 3 , 2003 logan international airport boston ma ( bos ) 12:35 edt asi : donald e. small n452fj dornier",logan international airport,PART-WHOLE,boston ma
258,20030720036259A,2506,0,"(-23) ^PRIVACY DATA OMITTED^ PILOT STATED THAT AFTER TAKEOFF FROM RUNWAY 26 AT DAHL CREEK, ALASKA HIS AIRCRAFT ENGI","( -23 ) ^privacy data omitted^ pilot stated that after takeoff from runway 26 at dahl creek , alaska his aircraft engi",dahl creek,PART-WHOLE,alaska
259,20030720036259A,2506,0,"(-23) ^PRIVACY DATA OMITTED^ PILOT STATED THAT AFTER TAKEOFF FROM RUNWAY 26 AT DAHL CREEK, ALASKA HIS AIRCRAFT ENGI","( -23 ) ^privacy data omitted^ pilot stated that after takeoff from runway 26 at dahl creek , alaska his aircraft engi",his,ART,aircraft
260,20030810020329A,2508,0,"(-23) N4975B WHEN LANDING ON RUNWAY 22, AVON PARK, FL, AIRCRAFT RAN INTO APPROX. (1) FOOT OF STANDING WATER ON THE ","( -23 ) n4975b when landing on runway 22 , avon park , fl , aircraft ran into approx .",avon park,PART-WHOLE,fl
261,20030706013569I,2512,0,"(-23) AT ABOUT 5 PM SUNDAY JULY 6, 2003 THE PILOT DEPARTED TRIDENT BASIN NORTHBOUND WITH ONE PASSENGER. AFTER TAKEO","( -23 ) at about 5 pm sunday july 6 , 2003 the pilot departed trident basin northbound with one passenger .",pilot,PHYS,trident basin
262,20030706013569I,2512,0,"(-23) AT ABOUT 5 PM SUNDAY JULY 6, 2003 THE PILOT DEPARTED TRIDENT BASIN NORTHBOUND WITH ONE PASSENGER. AFTER TAKEO","( -23 ) at about 5 pm sunday july 6 , 2003 the pilot departed trident basin northbound with one passenger .",passenger,PHYS,trident basin
263,20030622012009I,2513,0,(-23) THE PILOT OF N17655 BE-55 DECLARED AN EMERGENCY ON TAKEOFF WHEN PASSENGER NOTICED OIL STREAKS ON THE LEFT ENG,( -23 ) the pilot of n17655 be-55 declared an emergency on takeoff when passenger noticed oil streaks on the left eng,pilot,ART,be-55
264,20030901026139A,2516,0,"(-23) ON SEPTEMBER 1, 2003, AT APPROXIMATELY 1130(LCL), A CESSNA MODEL 172-F N8578U CRASHED ON A FIELD NEAR THE FAJ","( -23 ) on september 1 , 2003 , at approximately 1130 ( lcl ) , a cessna model 172-f n8578u crashed on a field near the faj",field,PHYS,faj
265,20031003030279A,2517,0,"(-23) PILOT DEPARTED DANVILLE, IL (KDNV) WITH INOPERATIVE FUEL GAUGES ENROUTE TO MORGANTOWN, WV (MGW). THE AIRCRAFT","( -23 ) pilot departed danville , il ( kdnv ) with inoperative fuel gauges enroute to morgantown , wv ( mgw ) .",morgantown,PART-WHOLE,wv
266,20031003030279A,2517,0,"(-23) PILOT DEPARTED DANVILLE, IL (KDNV) WITH INOPERATIVE FUEL GAUGES ENROUTE TO MORGANTOWN, WV (MGW). THE AIRCRAFT","( -23 ) pilot departed danville , il ( kdnv ) with inoperative fuel gauges enroute to morgantown , wv ( mgw ) .",danville,PART-WHOLE,il
267,20031003030279A,2517,0,"(-23) PILOT DEPARTED DANVILLE, IL (KDNV) WITH INOPERATIVE FUEL GAUGES ENROUTE TO MORGANTOWN, WV (MGW). THE AIRCRAFT","( -23 ) pilot departed danville , il ( kdnv ) with inoperative fuel gauges enroute to morgantown , wv ( mgw ) .",pilot,PHYS,danville
268,20031003030279A,2517,0,"(-23) PILOT DEPARTED DANVILLE, IL (KDNV) WITH INOPERATIVE FUEL GAUGES ENROUTE TO MORGANTOWN, WV (MGW). THE AIRCRAFT","( -23 ) pilot departed danville , il ( kdnv ) with inoperative fuel gauges enroute to morgantown , wv ( mgw ) .",pilot,PHYS,morgantown
269,20031019027459A,2518,0,(-23) ACCORDING TO VERBAL AND WRITTEN STATEMENTS FROM THE PILOT ROBERT WOLVERTON AND AIRPORT MANAGER ELDIN NIMMO: O,( -23 ) according to verbal and written statements from the pilot robert wolverton and airport manager eldin nimmo : o,manager,ORG-AFF,airport
270,20031005037479A,2522,0,"(-23) PILOT STATEMENT: ON OCT. 5, 2003 AT APPROXIMATELY 0715Z, MY CESSNA 182H (N1919X) RAN OUT OF FUEL AND CRASHED ","( -23 ) pilot statement : on oct. 5 , 2003 at approximately 0715z , my cessna 182h ( n1919x ) ran out of fuel and crashed",my,ART,182h
271,20031114036279I,2526,0,"(-23) AFTER LANDING AT RENO, NEVADA ON 11/13/2003 AND BLOWING OUT THE MAIN TIRES DUE TO A WOW SWITCH RIGGING PROBLE","( -23 ) after landing at reno , nevada on 11/13/2003 and blowing out the main tires due to a wow switch rigging proble",reno,PART-WHOLE,nevada
272,20031111034609A,2527,0,"(-23) ON NOVEMBER 11, 2003 ATP RATED PIC AND SIC DEPARTED PALWAUKEE AIRPORT (PWK), WHEELING, IL ON A 14 CFR 135 - O","( -23 ) on november 11 , 2003 atp rated pic and sic departed palwaukee airport ( pwk ) , wheeling , il on a 14 cfr 135 - o",wheeling,PART-WHOLE,il
273,20031111034609A,2527,0,"(-23) ON NOVEMBER 11, 2003 ATP RATED PIC AND SIC DEPARTED PALWAUKEE AIRPORT (PWK), WHEELING, IL ON A 14 CFR 135 - O","( -23 ) on november 11 , 2003 atp rated pic and sic departed palwaukee airport ( pwk ) , wheeling , il on a 14 cfr 135 - o",palwaukee airport,PART-WHOLE,wheeling
274,20031004024399A,2528,0,"(-23) AMERICAN AIRLINES FLIGHT #847, B-737-823, N972AN, WHILE PARKED AT BOSTON TERMINAL B, GATE 26, WAS STRUCK BY A","( -23 ) american airlines flight # 847 , b-737-823 , n972an , while parked at boston terminal b , gate 26 , was struck by a",terminal b,PART-WHOLE,boston
275,20040410005949A,2535,0,"(-23) PILOT T.O. FROM HIS PRIVATE STRIP, CLIMBED TO 6000FT AND WENT INVERTED DURING AN ACROBATIC MANEUVER (AEROBATI","( -23 ) pilot t. o. from his private strip , climbed to 6000ft and went inverted during an acrobatic maneuver ( aerobati",his,ART,strip
276,20040322015809I,2537,0,"(-23) PILOT DEPARTED WINNIE, TX AIRPORT WITH TOW BAR ATTACHED TO NOSE GEAR. MINOR DAMAGE TO NOSE GEAR DOORS ON LAND","( -23 ) pilot departed winnie , tx airport with tow bar attached to nose gear .",pilot,PHYS,airport
277,20040428022659A,2551,0,(-23) PILOT DEPARTED FREDERICKSBURG SHANNON AIRPORT (EZF) WITH THE AIRCRAFT TOW BAR ATTACHED. IMMEDIATELY AFTER DEP,( -23 ) pilot departed fredericksburg shannon airport ( ezf ) with the aircraft tow bar attached .,pilot,PHYS,fredericksburg shannon airport
278,20040420009309I,2553,0,(-23) THE PILOT REQUESTED A LONG LANDING ON 13L AT DALLAS LOVEFIELD AND THE REQUEST WAS APPROVED. N3217Q LANDED RUN,( -23 ) the pilot requested a long landing on 13l at dallas lovefield and the request was approved .,pilot,PHYS,dallas lovefield
279,20040823021189A,2565,0,"(-23) THE PILOT DEPARTED DANVILLE, IL ENROUTE TO CRYSTAL LAKE, IL IN CESSNA 182, N92848, ON AUGUST 23, 2004. THE EN","( -23 ) the pilot departed danville , il enroute to crystal lake , il in cessna 182 , n92848 , on august 23 , 2004. the en",crystal lake,PART-WHOLE,il
280,20040823021189A,2565,0,"(-23) THE PILOT DEPARTED DANVILLE, IL ENROUTE TO CRYSTAL LAKE, IL IN CESSNA 182, N92848, ON AUGUST 23, 2004. THE EN","( -23 ) the pilot departed danville , il enroute to crystal lake , il in cessna 182 , n92848 , on august 23 , 2004. the en",pilot,PHYS,danville
281,20040823021189A,2565,0,"(-23) THE PILOT DEPARTED DANVILLE, IL ENROUTE TO CRYSTAL LAKE, IL IN CESSNA 182, N92848, ON AUGUST 23, 2004. THE EN","( -23 ) the pilot departed danville , il enroute to crystal lake , il in cessna 182 , n92848 , on august 23 , 2004. the en",pilot,ART,cessna 182
282,20040823021189A,2565,0,"(-23) THE PILOT DEPARTED DANVILLE, IL ENROUTE TO CRYSTAL LAKE, IL IN CESSNA 182, N92848, ON AUGUST 23, 2004. THE EN","( -23 ) the pilot departed danville , il enroute to crystal lake , il in cessna 182 , n92848 , on august 23 , 2004. the en",pilot,PHYS,crystal lake
283,20041202032849I,2573,0,"(-23) PILOT DEPARTED AURORA MUNICIPAL AIRPORT (2H2), AURORA, MISSOURI, VFR ENROUTE TO AIR PARK SOUTH AIRPORT (2K2),","( -23 ) pilot departed aurora municipal airport ( 2h2 ) , aurora , missouri , vfr enroute to air park south airport ( 2k2 ) ,",aurora,PART-WHOLE,missouri
284,20041202032849I,2573,0,"(-23) PILOT DEPARTED AURORA MUNICIPAL AIRPORT (2H2), AURORA, MISSOURI, VFR ENROUTE TO AIR PARK SOUTH AIRPORT (2K2),","( -23 ) pilot departed aurora municipal airport ( 2h2 ) , aurora , missouri , vfr enroute to air park south airport ( 2k2 ) ,",aurora municipal airport,PART-WHOLE,aurora
285,20041202032849I,2573,0,"(-23) PILOT DEPARTED AURORA MUNICIPAL AIRPORT (2H2), AURORA, MISSOURI, VFR ENROUTE TO AIR PARK SOUTH AIRPORT (2K2),","( -23 ) pilot departed aurora municipal airport ( 2h2 ) , aurora , missouri , vfr enroute to air park south airport ( 2k2 ) ,",pilot,PHYS,aurora municipal airport
286,20041010029579A,2576,0,(-23) THE PILOT OF THE FLOAT EQUIPPED AIRPLANE AND HIS 3 PASSENGERS DEPARTED A FISHING LODGE SHORTLY AFTER DAWN. TH,( -23 ) the pilot of the float equipped airplane and his 3 passengers departed a fishing lodge shortly after dawn .,his,PER-SOC,passengers
287,20041010029579A,2576,0,(-23) THE PILOT OF THE FLOAT EQUIPPED AIRPLANE AND HIS 3 PASSENGERS DEPARTED A FISHING LODGE SHORTLY AFTER DAWN. TH,( -23 ) the pilot of the float equipped airplane and his 3 passengers departed a fishing lodge shortly after dawn .,pilot,ART,airplane
288,20041010029579A,2576,0,(-23) THE PILOT OF THE FLOAT EQUIPPED AIRPLANE AND HIS 3 PASSENGERS DEPARTED A FISHING LODGE SHORTLY AFTER DAWN. TH,( -23 ) the pilot of the float equipped airplane and his 3 passengers departed a fishing lodge shortly after dawn .,pilot,PHYS,lodge
289,20041010029579A,2576,0,(-23) THE PILOT OF THE FLOAT EQUIPPED AIRPLANE AND HIS 3 PASSENGERS DEPARTED A FISHING LODGE SHORTLY AFTER DAWN. TH,( -23 ) the pilot of the float equipped airplane and his 3 passengers departed a fishing lodge shortly after dawn .,passengers,PHYS,lodge
290,20041013027419I,2578,1,(-23) AIRCRAFT WAS STOPPED ON TAXIWAY ECHO IN LINE FOR TAKEOFF. AN AMERICAN AIRLINES BAGGAGE CART BROKE AWAY FROM T,an american airlines baggage cart broke away from t,american airlines,ART,cart
291,20050315003489I,2585,0,(-23) PILOT STARTED ENGINES AT OGG AIRPORT WITH 8 PASSENGERS ON-BOARD. THERE WAS A METAL OBJECT LEFT IN FRONT OF TH,( -23 ) pilot started engines at ogg airport with 8 passengers on-board .,pilot,PHYS,ogg airport
292,20050314006859A,2587,0,"(-23) ^PRIVACY DATA OMITTED^ AIRCRAFT ENROUTE FROM CMH TO OTTAWA, CANADA. AT APPROX 7,500 FT. AIRCRAFT EXPERIENCED ","( -23 ) ^privacy data omitted^ aircraft enroute from cmh to ottawa , canada .",ottawa,PART-WHOLE,canada
293,20050529015389I,2593,0,"(-23) AIRCRAFT DEPARTED NEW RICHMOND, WI WITH ONE OF THE GAS CAPS NOT ATTACHED. THE ENGINE QUIT AND THE PILOT MADE ","( -23 ) aircraft departed new richmond , wi with one of the gas caps not attached .",new richmond,PART-WHOLE,wi
294,20050427006199A,2599,0,"(-23) AT APPROXIMATELY 0830 CST ON APRIL 27, 2005, A ROBINSON R22 HELICOPTER WITH A COMMERCIAL PILOT AND PASSENGER ","( -23 ) at approximately 0830 cst on april 27 , 2005 , a robinson r22 helicopter with a commercial pilot and passenger",passenger,ART,helicopter
295,20050427006199A,2599,0,"(-23) AT APPROXIMATELY 0830 CST ON APRIL 27, 2005, A ROBINSON R22 HELICOPTER WITH A COMMERCIAL PILOT AND PASSENGER ","( -23 ) at approximately 0830 cst on april 27 , 2005 , a robinson r22 helicopter with a commercial pilot and passenger",pilot,ART,helicopter
296,20050803017169A,2601,0,(-23) PILOT LANDED ON AN AIRSTRIP CREATED OUT OF THE BARROW PIT ALONG A COUNTRY ROAD. WEEDS HAD GROWN ALONGSIDE THE,( -23 ) pilot landed on an airstrip created out of the barrow pit along a country road .,pilot,PHYS,airstrip
297,20051113029379A,2617,0,(-23) THE PILOT DEPARTED MARICOPA/PHOENIX REGIONAL AIRPORT (A39) AND WAS ENROUTE TO CHANDLER AIRPORT (CHD) WHEN AT ,( -23 ) the pilot departed maricopa/phoenix regional airport ( a39 ) and was enroute to chandler airport ( chd ) when at,pilot,PHYS,chandler airport
298,20051230029429A,2618,0,"(-23) PIC OF N5435L ATTEMPTED TO DEPART RUNWAY 27L AT THE BOULDER CITY AIRPORT (61B), FAILING TO REMOVE THE FLIGHT ","( -23 ) pic of n5435l attempted to depart runway 27l at the boulder city airport ( 61b ) , failing to remove the flight",pic,PHYS,boulder city airport
299,20060422007479I,2622,0,"(-23) THE PILOT STATED THAT HE TOPPED OFF ALL FUEL TANKS PRIOR TO DEPARTING GALVESTON, TEXAS (GLS). WHILE ENROUTE T","( -23 ) the pilot stated that he topped off all fuel tanks prior to departing galveston , texas ( gls ) .",galveston,PART-WHOLE,texas
300,20060422007479I,2622,0,"(-23) THE PILOT STATED THAT HE TOPPED OFF ALL FUEL TANKS PRIOR TO DEPARTING GALVESTON, TEXAS (GLS). WHILE ENROUTE T","( -23 ) the pilot stated that he topped off all fuel tanks prior to departing galveston , texas ( gls ) .",pilot,PHYS,galveston
301,20060302003989I,2627,0,"(-23) ASH 6351, CRJ 2, RETURNED TO ONTARIO, CA AT 0723PST WITH A NOSE GEAR ISSUE. (THE ""REMOVE BEFORE FLIGHT"" RED S","( -23 ) ash 6351 , crj 2 , returned to ontario , ca at 0723pst with a nose gear issue .",ontario,PART-WHOLE,ca
302,20051102032739I,2628,0,"(-23) THE PILOT ^PRIVACY DATA^ STATED THAT ON 11/02/05, HE STARTED HIS AIRPLANE AND SHUT IT DOWN BEFORE ENTERING RU","( -23 ) the pilot ^privacy data^ stated that on 11/02/05 , he started his airplane and shut it down before entering ru",his,ART,airplane
303,20060209010299I,2631,0,(-23) AIRTRAN AIRWAYS FLT 851 DEPARTED FROM MSP AT 1330Z HOURS ENROUTE TO ATL AND EXPERIENCED A LEFT GEAR DOOR UNSA,( -23 ) airtran airways flt 851 departed from msp at 1330z hours enroute to atl and experienced a left gear door unsa,airtran airways,ART,flt 851
304,20051228030699A,2632,0,(-23) THE PILOT ^PRIVACY DA^ WAS ATTEMPTING TO TAKEOFF ON RUNWAY 32 AT HIS 2300 FT PRIVATE DIRT STRIP. AFTER LIFT-O,( -23 ) the pilot ^privacy da^ was attempting to takeoff on runway 32 at his 2300 ft private dirt strip .,his,ART,strip
305,20051228030699A,2632,0,(-23) THE PILOT ^PRIVACY DA^ WAS ATTEMPTING TO TAKEOFF ON RUNWAY 32 AT HIS 2300 FT PRIVATE DIRT STRIP. AFTER LIFT-O,( -23 ) the pilot ^privacy da^ was attempting to takeoff on runway 32 at his 2300 ft private dirt strip .,pilot,PHYS,strip
306,20060922028919I,2640,0,"(-23) AIR TRAN FLIGHT 895, A BOEING 717 AIRCRAFT ON A FLIGHT FROM BOSTON, MA TO CHICAGO, IL DIVERTED TO TO CHAMPAIG","( -23 ) air tran flight 895 , a boeing 717 aircraft on a flight from boston , ma to chicago , il diverted to to champaig",boston,PART-WHOLE,ma
307,20060922028919I,2640,0,"(-23) AIR TRAN FLIGHT 895, A BOEING 717 AIRCRAFT ON A FLIGHT FROM BOSTON, MA TO CHICAGO, IL DIVERTED TO TO CHAMPAIG","( -23 ) air tran flight 895 , a boeing 717 aircraft on a flight from boston , ma to chicago , il diverted to to champaig",chicago,PART-WHOLE,il
308,20060930025049A,2643,0,(-23) THE PILOT ^PRIVACY D^ WAS OPERATING HIS AIRCRAFT IN AN UNAIRWORTHY CONDITION WHEN HE BECAME DISORIENTED AND D,( -23 ) the pilot ^privacy d^ was operating his aircraft in an unairworthy condition when he became disoriented and d,his,ART,aircraft
309,20060730020309A,2649,0,"(-23) PILOTS DEPARTED OSHKOSH, WI ENROUTE TO AN AIRPORT SOUTH OF GARY, IN. THE PILOTS ELECTED TO FLY OVER LAKE MICH","( -23 ) pilots departed oshkosh , wi enroute to an airport south of gary , in .",pilots,PHYS,oshkosh
310,20060730020309A,2649,0,"(-23) PILOTS DEPARTED OSHKOSH, WI ENROUTE TO AN AIRPORT SOUTH OF GARY, IN. THE PILOTS ELECTED TO FLY OVER LAKE MICH","( -23 ) pilots departed oshkosh , wi enroute to an airport south of gary , in .",pilots,PHYS,airport
311,20060730020309A,2649,0,"(-23) PILOTS DEPARTED OSHKOSH, WI ENROUTE TO AN AIRPORT SOUTH OF GARY, IN. THE PILOTS ELECTED TO FLY OVER LAKE MICH","( -23 ) pilots departed oshkosh , wi enroute to an airport south of gary , in .",airport,PHYS,gary
312,20060730020309A,2649,0,"(-23) PILOTS DEPARTED OSHKOSH, WI ENROUTE TO AN AIRPORT SOUTH OF GARY, IN. THE PILOTS ELECTED TO FLY OVER LAKE MICH","( -23 ) pilots departed oshkosh , wi enroute to an airport south of gary , in .",gary,PART-WHOLE,in
313,20060620030979A,2652,0,"(-23) ON JUNE 20, 2006, AMERICAN AIRLINES AIRCRAFT, N961TW A DC-9-82, ON A FLIGHT FROM LOS ANGELES, CA (LAX) TO O'H","( -23 ) on june 20 , 2006 , american airlines aircraft , n961tw a dc-9-82 , on a flight from los angeles , ca ( lax ) to o ' h",los angeles,PART-WHOLE,ca
314,20060620030979A,2652,0,"(-23) ON JUNE 20, 2006, AMERICAN AIRLINES AIRCRAFT, N961TW A DC-9-82, ON A FLIGHT FROM LOS ANGELES, CA (LAX) TO O'H","( -23 ) on june 20 , 2006 , american airlines aircraft , n961tw a dc-9-82 , on a flight from los angeles , ca ( lax ) to o ' h",american airlines,ART,aircraft
315,20060516012689I,2658,0,"(-23) DURING THE TAKE-OFF ROLL, THE TOW AIRCRAFT STOPPED DUE TO A WINDOW OPENING AND CAUSED THE GLIDER PILOT TO DIS","( -23 ) during the take-off roll , the tow aircraft stopped due to a window opening and caused the glider pilot to dis",pilot,ART,glider
316,20060925028519I,2659,0,(-23) THE AIRCRAFT MADE A FORCED LANDING IN A FARMING FIELD 1/4 MILES SOUTH OF THE AIRPORT AFTER CONDUCTING A TOUCH,( -23 ) the aircraft made a forced landing in a farming field 1/4 miles south of the airport after conducting a touch,field,PHYS,airport
317,20060626014029A,2661,0,"(-23) ON FINAL APPROACH TO MINONG, WI, THE PILOT DECIDED HE WAS OUT OF POSITION AND INITIATED A GO AROUND. PILOT ST","( -23 ) on final approach to minong , wi , the pilot decided he was out of position and initiated a go around .",minong,PART-WHOLE,wi
318,20060626014029A,2661,0,"(-23) ON FINAL APPROACH TO MINONG, WI, THE PILOT DECIDED HE WAS OUT OF POSITION AND INITIATED A GO AROUND. PILOT ST","( -23 ) on final approach to minong , wi , the pilot decided he was out of position and initiated a go around .",pilot,PHYS,minong
319,20060725015959A,2662,0,"(-23) THE PILOT STATED HE WAS OVER LAKE HUGHES WHEN THE ENGINE ""SPUTTERED."" HE THOUGHT THE LEFT TANK WAS EMPTY, AND",( -23 ) the pilot stated he was over lake hughes when the engine `` sputtered. ``,he,PHYS,lake hughes
320,20070203001149I,2666,0,"(-23) N694T CRASHED ON LANDING IN PADUCAH, KENTUCKY ON 02-03-07. 14:45 LOCAL TIME, PADUCAH TOWER: TOWER CLEARED N69","( -23 ) n694t crashed on landing in paducah , kentucky on 02-03-07 .",paducah,PART-WHOLE,kentucky
321,20070203001149I,2666,1,"(-23) N694T CRASHED ON LANDING IN PADUCAH, KENTUCKY ON 02-03-07. 14:45 LOCAL TIME, PADUCAH TOWER: TOWER CLEARED N69","14:45 local time , paducah tower : tower cleared n69",tower,PART-WHOLE,paducah
322,20070218007209I,2667,0,"(-23) ON FEBRUARY 18, 2007, N7235K, BE-58-P, TOOK OFF FROM ABERDEEN, SD. WHEN THE PILOT RETRACTED THE GEAR, HE HEAR","( -23 ) on february 18 , 2007 , n7235k , be-58-p , took off from aberdeen , sd .",aberdeen,PART-WHOLE,sd
323,20070327004739I,2670,0,"(-23) THE FLIGHT DEPARTED ADDISON, TEXAS ON MARCH 27, 2007 FOR A BUSINESS TRIP TO IDAHO FALLS, IDAHO UNDER 14 CFR P","( -23 ) the flight departed addison , texas on march 27 , 2007 for a business trip to idaho falls , idaho under 14 cfr p",idaho falls,PART-WHOLE,idaho
324,20070327004739I,2670,0,"(-23) THE FLIGHT DEPARTED ADDISON, TEXAS ON MARCH 27, 2007 FOR A BUSINESS TRIP TO IDAHO FALLS, IDAHO UNDER 14 CFR P","( -23 ) the flight departed addison , texas on march 27 , 2007 for a business trip to idaho falls , idaho under 14 cfr p",addison,PART-WHOLE,texas
325,20061226027279A,2671,0,"(-23) THIS FLIGHT ORIGINATED AT 3SQ, ST. CHARLES MUNICIPAL (ST. CHARLES, MO) AND CONTINUED TO KLIT (LITTLE ROCK, AR","( -23 ) this flight originated at 3sq , st. charles municipal ( st. charles , mo ) and continued to klit ( little rock , ar",st. charles,PART-WHOLE,mo
326,20061226027279A,2671,0,"(-23) THIS FLIGHT ORIGINATED AT 3SQ, ST. CHARLES MUNICIPAL (ST. CHARLES, MO) AND CONTINUED TO KLIT (LITTLE ROCK, AR","( -23 ) this flight originated at 3sq , st. charles municipal ( st. charles , mo ) and continued to klit ( little rock , ar",3sq,PART-WHOLE,st. charles municipal
327,20070428007859A,2673,0,"(-23) PILOT DEPARTED HOLBROOK, AZ TO SHOW LOW, AZ WITH 6 GALLONS OF FUEL ON BOARD. HIS FLIGHT REQUIRED ABOUT 3 TO 3","( -23 ) pilot departed holbrook , az to show low , az with 6 gallons of fuel on board .",pilot,PHYS,holbrook
328,20070428007859A,2673,0,"(-23) PILOT DEPARTED HOLBROOK, AZ TO SHOW LOW, AZ WITH 6 GALLONS OF FUEL ON BOARD. HIS FLIGHT REQUIRED ABOUT 3 TO 3","( -23 ) pilot departed holbrook , az to show low , az with 6 gallons of fuel on board .",holbrook,PART-WHOLE,az
329,20070202001609A,2676,0,"(-23) ON A FLIGHT FROM NOTH PLATTE, NE, TO IOWA CITY, IA, (487 STATUTE MILES) THE AIRCRAFT LOST POWER NEAR GRINNELL","( -23 ) on a flight from noth platte , ne , to iowa city , ia , ( 487 statute miles ) the aircraft lost power near grinnell",iowa city,PART-WHOLE,ia
330,20070202001609A,2676,0,"(-23) ON A FLIGHT FROM NOTH PLATTE, NE, TO IOWA CITY, IA, (487 STATUTE MILES) THE AIRCRAFT LOST POWER NEAR GRINNELL","( -23 ) on a flight from noth platte , ne , to iowa city , ia , ( 487 statute miles ) the aircraft lost power near grinnell",noth platte,PART-WHOLE,ne
331,20070705014169A,2678,0,(-23) THE PILOT ^PRIVACY DATA OMITTED^ REQUESTED TO BE FUELED AT THE CHANDLER AIRPORT PRIOR TO HIS DEPARTURE ON JUL,( -23 ) the pilot ^privacy data omitted^ requested to be fueled at the chandler airport prior to his departure on jul,pilot,PHYS,chandler airport
332,20070525009559A,2679,0,"(-23) SHORTLY AFTER TAKE OFF, THE AIRCRAFT CRASHED ON AIRPORT PROPERTY. THE AIRCRAFT TOOK OFF FROM CNO RWY 26R FOR ","( -23 ) shortly after take off , the aircraft crashed on airport property .",property,PART-WHOLE,airport
333,20070412015929A,2680,0,(-23) PILOT WAS PERFORMING A TOUCH & GO AT GEU AS PART OF A NIGHT CURRENCY FLIGHT WHEN THE AFT CARGO DOOR ON THE RI,( -23 ) pilot was performing a touch & go at geu as part of a night currency flight when the aft cargo door on the ri,pilot,PHYS,geu
334,20070711013499I,2684,0,"(-23) STUDENT PILOT DEPARTED KSEP AT APPROX. 10:00 AM, ENROUTE TO KGKY. AT APPROX. 1 NM NORTHWEST OF KGDJ PILOT NOT",( -23 ) student pilot departed ksep at approx .,pilot,PHYS,ksep
335,20070706012019I,2688,0,"(-23) 07/06/2007, CREST AIRPARK KENT WASHINGTON AT 8PM N756SE, HAD A GEAR UP EVENT WITH MINOR DAMAGE TO THE AIRCRAF","( -23 ) 07/06/2007 , crest airpark kent washington at 8pm n756se , had a gear up event with minor damage to the aircraf",crest airpark,PART-WHOLE,kent washington
336,20070709017229A,2692,0,"(-23) 07/09/07 AIRCRAFT DEPARTED LAKELAND, FL (LAL) AT 800, VFR SOUTHBOUND. NO FLIGHT PLAN FILED. NO FURTHER CONTAC","( -23 ) 07/09/07 aircraft departed lakeland , fl ( lal ) at 800 , vfr southbound .",lakeland,PART-WHOLE,fl
337,20070723013849I,2695,0,"(-23) DURING A VFR FLIGHT FROM NORTHWEST REGIONAL AIRPORT, ROANOKE, TX, TO OMAR N. BRADLEY AIRPORT IN MOBERLY, MO, ","( -23 ) during a vfr flight from northwest regional airport , roanoke , tx , to omar n. bradley airport in moberly , mo ,",roanoke,PART-WHOLE,tx
338,20070723013849I,2695,0,"(-23) DURING A VFR FLIGHT FROM NORTHWEST REGIONAL AIRPORT, ROANOKE, TX, TO OMAR N. BRADLEY AIRPORT IN MOBERLY, MO, ","( -23 ) during a vfr flight from northwest regional airport , roanoke , tx , to omar n. bradley airport in moberly , mo ,",omar n. bradley airport,PART-WHOLE,moberly
339,20070723013849I,2695,0,"(-23) DURING A VFR FLIGHT FROM NORTHWEST REGIONAL AIRPORT, ROANOKE, TX, TO OMAR N. BRADLEY AIRPORT IN MOBERLY, MO, ","( -23 ) during a vfr flight from northwest regional airport , roanoke , tx , to omar n. bradley airport in moberly , mo ,",moberly,PART-WHOLE,mo
340,20070723013849I,2695,0,"(-23) DURING A VFR FLIGHT FROM NORTHWEST REGIONAL AIRPORT, ROANOKE, TX, TO OMAR N. BRADLEY AIRPORT IN MOBERLY, MO, ","( -23 ) during a vfr flight from northwest regional airport , roanoke , tx , to omar n. bradley airport in moberly , mo ,",northwest regional airport,PART-WHOLE,roanoke
341,20071209828449A,2696,1,(-23) HE STATED THAT HE DID FIND WATER IN THE FUEL ON PREFLIGHT. HE HAD NOT FLOWN THE AIRCRAFT SINCE THE ANNUAL. HE,he had not flown the aircraft since the annual .,he,ART,aircraft
342,20071024830879I,2698,0,(-23) PILOT TAXIED AIRCRAFT WITH GROUND POWER CART STILL ATTACHED. STRUCTURAL DAMAGE FROM EVENT WAS NOMINAL AND WAS,( -23 ) pilot taxied aircraft with ground power cart still attached .,pilot,ART,aircraft
343,20070916021899A,2701,1,(-23) AIRCRAFT LOST POWER DURING FLIGHT AND ENGINE WAS OVERHEATING. PILOT ATTEMPTED LANDING ON GRASS RUNWAY. AIRCRA,pilot attempted landing on grass runway .,pilot,PHYS,runway
344,20070922020989A,2703,0,"(-23) WITNESSES STATE: THE PILOT ^PRIVACY DATA OMITTED^ REPLACED THE VACUUM PUMP ON HIS GRUMMAN AA-5A, INSTALLING I","( -23 ) witnesses state : the pilot ^privacy data omitted^ replaced the vacuum pump on his grumman aa-5a , installing i",his,ART,aa-5a
345,20070922020989A,2703,0,"(-23) WITNESSES STATE: THE PILOT ^PRIVACY DATA OMITTED^ REPLACED THE VACUUM PUMP ON HIS GRUMMAN AA-5A, INSTALLING I","( -23 ) witnesses state : the pilot ^privacy data omitted^ replaced the vacuum pump on his grumman aa-5a , installing i",his,ART,grumman
346,20070810021829A,2704,0,"(-23) PILOT STATED THAT WHILE ENROUTE FROM LACROSS, WI TO PRINCETON, MN AT ABOUT 3 MILES SOUTH OF THE PRINCETON AIR","( -23 ) pilot stated that while enroute from lacross , wi to princeton , mn at about 3 miles south of the princeton air",princeton,PART-WHOLE,mn
347,20070810021829A,2704,0,"(-23) PILOT STATED THAT WHILE ENROUTE FROM LACROSS, WI TO PRINCETON, MN AT ABOUT 3 MILES SOUTH OF THE PRINCETON AIR","( -23 ) pilot stated that while enroute from lacross , wi to princeton , mn at about 3 miles south of the princeton air",lacross,PART-WHOLE,wi
348,20070810021829A,2704,0,"(-23) PILOT STATED THAT WHILE ENROUTE FROM LACROSS, WI TO PRINCETON, MN AT ABOUT 3 MILES SOUTH OF THE PRINCETON AIR","( -23 ) pilot stated that while enroute from lacross , wi to princeton , mn at about 3 miles south of the princeton air",pilot,PHYS,princeton
349,20071002825149A,2706,0,"(-23) THE PILOT/OWNER WITH HIS WIFE ON-BOARD INTENDED TO MAKE A FLIGHT FOR PLEASURE FROM THE BOAT TO PAGE, AZ. DURI","( -23 ) the pilot/owner with his wife on-board intended to make a flight for pleasure from the boat to page , az .",his,PER-SOC,wife
350,20071002825149A,2706,0,"(-23) THE PILOT/OWNER WITH HIS WIFE ON-BOARD INTENDED TO MAKE A FLIGHT FOR PLEASURE FROM THE BOAT TO PAGE, AZ. DURI","( -23 ) the pilot/owner with his wife on-board intended to make a flight for pleasure from the boat to page , az .",page,PART-WHOLE,az
351,20071025824699A,2707,0,(-23) PILOT INITIATED TAKE-OFF ON RUNWAY 10 WITH LEFT AND RIGHT FUEL SHUT-OFF VALVES IN THE OFF POSITION. AT APPROX,( -23 ) pilot initiated take-off on runway 10 with left and right fuel shut-off valves in the off position .,pilot,PHYS,runway 10
352,20070721825879I,2713,0,(-23) THE PILOT AND PASSENGER MADE A FULL STOP LANDING AT FULTON COUNTY AIRPORT TO REFUEL. AFTER REFUELING THE PILO,( -23 ) the pilot and passenger made a full stop landing at fulton county airport to refuel .,pilot,PHYS,fulton county airport
353,20070721825879I,2713,0,(-23) THE PILOT AND PASSENGER MADE A FULL STOP LANDING AT FULTON COUNTY AIRPORT TO REFUEL. AFTER REFUELING THE PILO,( -23 ) the pilot and passenger made a full stop landing at fulton county airport to refuel .,passenger,PHYS,fulton county airport
354,20080118011669I,2718,0,"(-23) THE PILOT ^PRIVACY DATA OMITTED^ DEPARTED MILWAUKEE TIMMERMAN AIRPORT (KMWC) ON JANUARY 18TH, 2008 AT 2258 UT","( -23 ) the pilot ^privacy data omitted^ departed milwaukee timmerman airport ( kmwc ) on january 18th , 2008 at 2258 ut",pilot,PHYS,milwaukee timmerman airport
355,20070804826049I,2720,0,"(-23) PILOT STATED HE HAD FLOWN THE AIRCRAFT NUMEROUS TIMES WITH ALTERNATOR INOPERATIVE, RECHARGING BATTERY AT LAND","( -23 ) pilot stated he had flown the aircraft numerous times with alternator inoperative , recharging battery at land",he,ART,aircraft
356,20070804826049I,2720,0,"(-23) PILOT STATED HE HAD FLOWN THE AIRCRAFT NUMEROUS TIMES WITH ALTERNATOR INOPERATIVE, RECHARGING BATTERY AT LAND","( -23 ) pilot stated he had flown the aircraft numerous times with alternator inoperative , recharging battery at land",pilot,ART,aircraft
357,20080810843599I,2725,0,"(-23) THE SUBJECT AIRCRAFT LANDED AT PHX AND TAXIED TO THE PARKING AREA AT CUTTER AVIATION, FOLLOWING THE ""FOLLOW M","( -23 ) the subject aircraft landed at phx and taxied to the parking area at cutter aviation , following the `` follow m",area,PART-WHOLE,cutter aviation
358,20080427836779I,2727,0,"(-23) DIAMOND DA42, DEPARTED LONG BEACH, CA, AIRPORT ON AN INSTRUCTIONAL FLIGHT AND LOST THE AFT PASSENGER DOOR THA","( -23 ) diamond da42 , departed long beach , ca , airport on an instructional flight and lost the aft passenger door tha",long beach,PART-WHOLE,ca
359,20080701841759A,2731,0,(-23) THE PILOT AND TWO PASSENGERS ARRIVED AT KRHI; TOPPED OFF THE AIRCRAFT FUEL TANKS; LEFT THE AIRCRAFT UNLOCKED ,( -23 ) the pilot and two passengers arrived at krhi ; topped off the aircraft fuel tanks ; left the aircraft unlocked,pilot,PHYS,krhi
360,20080701841759A,2731,0,(-23) THE PILOT AND TWO PASSENGERS ARRIVED AT KRHI; TOPPED OFF THE AIRCRAFT FUEL TANKS; LEFT THE AIRCRAFT UNLOCKED ,( -23 ) the pilot and two passengers arrived at krhi ; topped off the aircraft fuel tanks ; left the aircraft unlocked,passengers,PHYS,krhi
361,20080702841789A,2734,0,"(-23) ON 07/02/2008, AT APPROXIMATELY 0700 CST, A GENERAL AVIATION ACCIDENT OCCURRED ONE MILE NE OF ALEXANDRIA, MN ","( -23 ) on 07/02/2008 , at approximately 0700 cst , a general aviation accident occurred one mile ne of alexandria , mn",alexandria,PART-WHOLE,mn
362,20080321013069A,2737,0,(-23) THE PILOT ^PRIVACY DATA OMITTED^ DEPARTED MEADOW LAKE AIRPORT. THEN MINUTES INTO THE FLIGHT THE ENGINE QUIT. ,( -23 ) the pilot ^privacy data omitted^ departed meadow lake airport .,pilot,PHYS,meadow lake airport
363,20080411833359A,2738,0,(-23) THE PILOT SPENT 8 HOURS PREPARING THE AIRCRAFT FOR FLIGHT AS IT HAD NOT BEEN FLOWN FOR APPROXIMATELY 1 YEAR. ,( -23 ) the pilot spent 8 hours preparing the aircraft for flight as it had not been flown for approximately 1 year .,pilot,ART,aircraft
364,20080427837099A,2739,0,(-23)  THE PILOT HAD PREVIOUSLY CONDUCTED FULL STOP/TAXI LANDINGS ON THE MORNING OF APR 27 AT CLARK COUNTY AIRPORT ,( -23 ) the pilot had previously conducted full stop/taxi landings on the morning of apr 27 at clark county airport,pilot,PHYS,clark county airport
365,20080227010559I,2743,0,(-23) A/C RELOCATED TO NEW HANGAR TO CHECK SIZE AND PILOT ABILITY TO PUSH BACK BY HIMSELF. DUE TO SLOPE PILOT WAS U,( -23 ) a/c relocated to new hangar to check size and pilot ability to push back by himself .,a/c,PHYS,hangar
366,20080223013919I,2744,0,"(-23) ON 2/23/08 @ APPROXIMATELY 2130 DURING TAXI AT IAD TO THE WESTERN MOST PORTION OF LANDMARK AVIATION FBO, AIRC","( -23 ) on 2/23/08 @ approximately 2130 during taxi at iad to the western most portion of landmark aviation fbo , airc",portion,PART-WHOLE,landmark aviation
367,20080226013819I,2745,0,"(-23) PILOT TOOK OFF FOR LEESBURG AIRPORT AND WHILE CLIMBING AT ABOUT 300', THE CANOPY OPENED IN FLIGHT CAUSING HIS","( -23 ) pilot took off for leesburg airport and while climbing at about 300 ' , the canopy opened in flight causing his",pilot,PHYS,leesburg airport
