index,c5_unique_id,c119_text,human_gold_ents,qids,links,Notes
2318,19990213001379A,"ACFT WAS TAXIING FOR TAKE OFF WHEN IT LOST CONTROL, RAN INTO A DITCH, AND STRUCK A TREE. OTHER CIRCUMSTANCES AE UNK",ACFT,Q11436,https://www.wikidata.org/wiki/Q11436,ACFT actuallly stands for Army Combat Fitness Test with a QID of Q67935434
,,,DITCH,Q2048319,https://www.wikidata.org/wiki/Q2048319,
,,,TREE,Q10884,https://www.wikidata.org/wiki/Q10884,
,,,LOST CONTROL,,,
354,19800217031649I,"AFTER TAKEOFF, ENGINE QUIT. WING FUEL TANK SUMPS WERE NOT DRAINED DURING PREFLIGHT BECAUSE THEY WERE FROZEN.       ",TAKEOFF,Q854248,https://www.wikidata.org/wiki/Q854248,
,,,ENGINE,Q44167,https://www.wikidata.org/wiki/Q44167,
,,,WING,Q161358,https://www.wikidata.org/wiki/Q161358,
,,,FUEL TANK,Q1411232,https://www.wikidata.org/wiki/Q1411232,
,,,SUMPS,Q1592793,https://www.wikidata.org/wiki/Q1592793,
,,,PREFLIGHT,Q2108354,https://www.wikidata.org/wiki/Q2108354,
284,19790720021329A,HELICOPTER TOOK OFF WITH SLING LOAD ATTACHED. CRASHED WHEN LOAD WEDGED IN TREES. IMPROPER PREFLIGHT.               ,HELICOPTER,Q34486,https://www.wikidata.org/wiki/Q34486,
,,,SLING LOAD,,,
,,,LOAD,Q17322994,https://www.wikidata.org/wiki/Q17322994,
,,,TREES,Q10884,https://www.wikidata.org/wiki/Q10884,
,,,PREFLIGHT,Q2108354,https://www.wikidata.org/wiki/Q2108354,
817,19841214074599I,WHILE TAXIING LOST NOSEWHEEL STEERING AND BRAKES. STRUCK 2 AIRCRAFT AND FENCE. CIRCUIT BREAKER HYDRAULIC PUMP OPEN.,NOSEWHEEL STEERING,Q1002555,https://www.wikidata.org/wiki/Q1002555,
,,,BRAKES,Q1534839,https://www.wikidata.org/wiki/Q1534839,
,,,AIRCRAFT,Q11436,https://www.wikidata.org/wiki/Q11436,
,,,FENCE,Q148571,https://www.wikidata.org/wiki/Q148571,
,,,CIRCUIT BREAKER,Q211058,https://www.wikidata.org/wiki/Q211058,
,,,HYDRAULIC PUMP,Q1640143,https://www.wikidata.org/wiki/Q1640143,
,,,CARGO DOOR,Q124446960,https://www.wikidata.org/wiki/Q124446960,
1024,19860128014289I,FORWARD CARGO DOOR OPENED AS AIRCRAFT TOOK OFF. OBJECTS DROPPED OUT. RETURNED. FAILED TO SEE WARNING LIGHT.        ,FORWARD CARGO DOOR,,,
1024,,,AIRCRAFT,Q11436,https://www.wikidata.org/wiki/Q11436,
1024,,,OBJECTS,Q488383,https://www.wikidata.org/wiki/Q488383,
1024,,,WARNING LIGHT,,,
2335,,,MR. TIMOTHY ALLEN WELLS,Q215627,https://www.wikidata.org/wiki/Q215627,
2335,,,PILOT,Q2095549,https://www.wikidata.org/wiki/Q2095549,
2335,,,BELL,Q815695,https://www.wikidata.org/wiki/Q815695,
2335,,,HELICOPTER,Q34486,https://www.wikidata.org/wiki/Q34486,
2335,,,BHT-47-G5,,,
2335,,,N4754R,,,
467,19801116083749I,FORCED LANDING AFTER ONE ENGINE QUIT;FOUND ICE IN AUXILIARY FUEL SYSTEM.                                           ,LANDING,Q844947,https://www.wikidata.org/wiki/Q844947,
,,,ONE,Q199,https://www.wikidata.org/wiki/Q199,
,,,ENGINE,Q44167,https://www.wikidata.org/wiki/Q44167,
,,,ICE,Q23392,https://www.wikidata.org/wiki/Q23392,
,,,AUXILIARY FUEL SYSTEM,,,
856,19850315007389A,PILOT WAS DESCENDING TO LOWER ALTITUDE DUE TO ICING. LOST CONTROL. ALTIMETER NOT IFR CERTIFIED. ICING FORECAST.    ,PILOT,Q2095549,https://www.wikidata.org/wiki/Q2095549,
,,,ALTITUDE,Q190200,https://www.wikidata.org/wiki/Q190200,
,,,ICING,Q12060664,https://www.wikidata.org/wiki/Q12060664,
,,,LOST CONTROL,Q29017603,https://www.wikidata.org/wiki/Q29017603,
,,,ALTIMETER,Q216197,https://www.wikidata.org/wiki/Q216197,
,,,ICING,Q12060664,https://www.wikidata.org/wiki/Q12060664,
2685,20070630826079I,(-23) AIRCRAFT DEPARTED RAY AIRPORT AND AFTER TAKEOFF INTO THE CLIMB AIRCRAFT ENGINE STARTED TO HAVE PROBLEMS. PILO,AIRCRAFT,Q11436,https://www.wikidata.org/wiki/Q11436,
,,,RAY AIRPORT,Q35292471,https://www.wikidata.org/wiki/Q35292471,
,,,TAKEOFF,Q854248,https://www.wikidata.org/wiki/Q854248,
,,,AIRCRAFT,Q11436,https://www.wikidata.org/wiki/Q11436,
,,,ENGINE,Q44167,https://www.wikidata.org/wiki/Q44167,
,,,PROBLEMS,Q621184,https://www.wikidata.org/wiki/Q621184,
1457,19900425011659A,RAN OUT OF FUEL ON FERRY FLIGHT. LEFT PONTOON SEPARATED LANDING IN A POND. FUEL CAP NOT SECURED. FUEL SIPHONED.    ,FUEL,,,
,,,FERRY FLIGHT,Q331837,https://www.wikidata.org/wiki/Q331837,
,,,PONTOON,Q693340,https://www.wikidata.org/wiki/Q693340,"no qid for ""left pontoon"" this qid is for ""pontoon"""
,,,LEFT PONTOON,,,
,,,LANDING,Q844947,https://www.wikidata.org/wiki/Q844947,
,,,POND,Q12719646,https://www.wikidata.org/wiki/Q12719646,
,,,FUEL CAP,,,
,,,FUEL,Q12748,https://www.wikidata.org/wiki/Q12748,
2331,19991230042089A,"(.4)THE PILOT SAID THAT SHORTLY AFTER TAKEOFF, THE ENGINE 'STARTED CUTTING OUT AND WAS NOT DEVELOPING ENOUGH POWER ",PILOT,Q2095549,https://www.wikidata.org/wiki/Q2095549,
,,,TAKEOFF,Q854248,https://www.wikidata.org/wiki/Q854248,
,,,ENGINE,Q44167,https://www.wikidata.org/wiki/Q44167,
,,,POWER,Q25342,https://www.wikidata.org/wiki/Q25342,
642,19820725041999I,"LOOSE COWLING ON TAKEOFF. COWLING CAME OFF ON RETURNING TO LAND. CRACKED WINDSHIELD, DENTED STABILIZER.            ",COWLING,Q1138219,https://www.wikidata.org/wiki/Q1138219,
,,,TAKEOFF,Q854248,https://www.wikidata.org/wiki/Q854248,
,,,COWLING,Q1138219,https://www.wikidata.org/wiki/Q1138219,
,,,LAND,Q11081619,https://www.wikidata.org/wiki/Q11081619,
,,,WINDSHIELD,Q13693,https://www.wikidata.org/wiki/Q13693,
,,,STABILIZER,Q2712515,https://www.wikidata.org/wiki/Q2712515,
1728,19940412011509I,AIRCRAFT POPPED OPEN ON DESCENT. FLIGHT MANUAL FLEW OUT AND STRUCK TRUCK WINDSHIELD ON GROUND. LANDED SAFELY.      ,AIRCRAFT,Q11436,https://www.wikidata.org/wiki/Q11436,
,,,DESCENT,Q624380,https://www.wikidata.org/wiki/Q624380,
,,,FLIGHT MANUAL,Q4399976,https://www.wikidata.org/wiki/Q4399976,
,,,TRUCK,Q43193,https://www.wikidata.org/wiki/Q43193,
,,,WINDSHIELD,Q13693,https://www.wikidata.org/wiki/Q13693,
,,,GROUND,Q36133,https://www.wikidata.org/wiki/Q36133,
2064,19971226042729I,NR2 ENGINE FIRE WHILE LOADING PASSENGERS AT GATE. EVACUATED. FUEL LEVER WAS IN FLIGHT IDLE. CUT OFF. SMOKE CLEARED.,NR2 ENGINE,Q44167,https://www.wikidata.org/wiki/Q44167,
,,,ENGINE FIRE,,,
,,,PASSENGERS,Q319604,https://www.wikidata.org/wiki/Q319604,
,,,GATE,Q247739,https://www.wikidata.org/wiki/Q247739,
,,,FUEL LEVER,,,
,,,SMOKE,Q130768,https://www.wikidata.org/wiki/Q130768,
1867,19950619021589I,AFTER DEPARTING HIGH OIL TEMP. LANDED OFF AIRPOR. SHEARED MAIN GEAR. FOUND LOW ON OIL.                             ,OIL TEMP,,,
,,,GEAR,Q143873,https://www.wikidata.org/wiki/Q143873,
,,,OIL,Q42962,https://www.wikidata.org/wiki/Q42962,
1773,19940815046149I,BATTERY COMPARTMENT DOOR CAME OPEN. ANTENNA CRACKED WINDSHIELD.                                                    ,BATTERY COMPARTMENT DOOR,,,
,,,ANTENNA,Q131214,https://www.wikidata.org/wiki/Q131214,
,,,WINDSHIELD,Q13693,https://www.wikidata.org/wiki/Q13693,
1006,19860228038269I,RETURNED WHEN NOSE GEAR FAILED TO RETRACT. FOUND THAT PIN HAD NOT BEEN REMOVED AFTER PREVIOUS MAINTENANCE.         ,NOSE GEAR,,,
,,,PIN,Q838312,https://www.wikidata.org/wiki/Q838312,
,,,MAINTENANCE,Q1043452,https://www.wikidata.org/wiki/Q1043452,
289,19790718019229I,GROUND STAND BAGGAGE CART WITH INOPERATIVE BRAKES ROLLED INTO SIDE OF PARKED AIRCRAFT. 9 INCH TEAR IN FUSELAGE.    ,STAND,Q56071807,https://www.wikidata.org/wiki/Q56071807,
,,,BAGGAGE CART,,,
,,,BRAKES,Q1534839,https://www.wikidata.org/wiki/Q1534839,
,,,AIRCRAFT,Q11436,https://www.wikidata.org/wiki/Q11436,
,,,TEAR,Q105794273,https://www.wikidata.org/wiki/Q105794273,
,,,FUSELAGE,Q1110579,https://www.wikidata.org/wiki/Q1110579,
2352,20000625032189I,(-23)NORTHWEST AIRLINES DC-10 BOEING PUSHED BACK FOR REPOSITIONING OFF OF GATE B-52 STRUCK A CONTINENTAL AIRLINES D,NORTHWEST AIRLINES,Q309174,https://www.wikidata.org/wiki/Q309174,
,,,DC-10,Q21150832,https://www.wikidata.org/wiki/Q21150832,
,,,BOEING,Q66,https://www.wikidata.org/wiki/Q66,
,,,GATE,Q247739,https://www.wikidata.org/wiki/Q247739,
,,,GATE B-52,,,"no specific qid for this specific gate, given qid is just for gate"
,,,CONTINENTAL AIRLINES,Q216486,https://www.wikidata.org/wiki/Q216486,
1045,19860530030499A,ENGINE OVERHEAT. HOT OIL SMELL.KNEW HE HAD FAILED TO REMOVE AIR INTAKE PLUGS. NOSED OVER IN FURROWS PLOWED FAILED  ,ENGINE,Q44167,https://www.wikidata.org/wiki/Q44167,
,,,OIL SMELL,,,
,,,AIR INTAKE PLUGS,,,
,,,FURROWS,Q1474839,https://www.wikidata.org/wiki/Q1474839,
656,19821117066379I,PILOT UNABLE TO PRESSURIZE. FOUND ACCESS DOOR SLIGHTLY OPEN. DEPRESSURIZED. DOOR OPENED FULLY. STOPPED BY FUSELAGE.,PILOT,Q2095549,https://www.wikidata.org/wiki/Q2095549,
,,,ACCESS DOOR,Q2550031,https://www.wikidata.org/wiki/Q2550031,
,,,DOOR,Q36794,https://www.wikidata.org/wiki/Q36794,
,,,FUSELAGE,Q1110579,https://www.wikidata.org/wiki/Q1110579,
514,19810303007119A,VEERED OFF RUNWAY ON LANDING.  HIT PARKED AIRPLANE.  NEWLY INSTALLED CARPETING RESTRICTED RUDDER PEDAL MOVEMENT.   ,RUNWAY,Q184590,https://www.wikidata.org/wiki/Q184590,
,,,LANDING,Q844947,https://www.wikidata.org/wiki/Q844947,
,,,AIRPLANE,Q197,https://www.wikidata.org/wiki/Q197,
,,,CARPETING,Q124371860,https://www.wikidata.org/wiki/Q124371860,
,,,RUDDER PEDAL,Q56344540,https://www.wikidata.org/wiki/Q56344540,
2212,19950602032329I,VEERED OFF TAXIWAY. STRUCK TAXIWAY LIGHT. WAS ADVISED DAMAGED PROP. CONTINUED TO LIT.                              ,TAXIWAY,Q910386,https://www.wikidata.org/wiki/Q910386,
,,,TAXIWAY LIGHT,,,
,,,PROP,,,not sure if we want the qid for property? That is what I put here
1494,19901101064289I,FUEL CAP MISSING FROM RIGHT TANK AND GAS ESCAPING WHILE TAXIING. REPLACED CAP. RESUMED FLIGHT WITHOUT CLEANING WING,FUEL CAP,Q123205535,https://www.wikidata.org/wiki/Q123205535,
,,,TANK,Q1047832,https://www.wikidata.org/wiki/Q1047832,
,,,RIGHT TANK,,,"no qid for ""right tank"" this is the qid for ""tank"""
,,,GAS,Q40858,https://www.wikidata.org/wiki/Q40858,
,,,CAP,Q2488579,https://www.wikidata.org/wiki/Q2488579,
,,,FLIGHT,Q15921555,https://www.wikidata.org/wiki/Q15921555,
,,,WING,Q161358,https://www.wikidata.org/wiki/Q161358,
2600,20050713014239I,"(-23) ON JULY 13, 2005, AT 1535 MST, AN RAYTHEON AIRCRAFT CO. B36TC (BONANZA), N3042V REGISTERED TO HAVENS LEASING ","JULY 13, 2005",Q22663152,https://www.wikidata.org/wiki/Q22663152,
,,,1535 MST,,,
,,,RAYTHEON AIRCRAFT CO,Q10357714,https://www.wikidata.org/wiki/Q10357714,
,,,B36TC,Q29369815,https://www.wikidata.org/wiki/Q29369815,
,,,BONANZA,,,
,,,N3042V,,,
,,,HAVENS LEASING,,,
1037,19860706034879A,THE ENGINE LOST POWER ON TAKEOFF AND THE AIRCRAFT FLIPPED ON LANDING.PILOT HAD JUST FILLED TANKS. WATER IN FUEL.   ,ENGINE,Q44167,https://www.wikidata.org/wiki/Q44167,
,,,POWER,Q25342,https://www.wikidata.org/wiki/Q25342,
,,,TAKEOFF,Q854248,https://www.wikidata.org/wiki/Q854248,
,,,AIRCRAFT,Q11436,https://www.wikidata.org/wiki/Q11436,
,,,LANDING,Q844947,https://www.wikidata.org/wiki/Q844947,
,,,PILOT,Q2095549,https://www.wikidata.org/wiki/Q2095549,
,,,TANKS,Q1047832,https://www.wikidata.org/wiki/Q1047832,
,,,WATER,Q283,https://www.wikidata.org/wiki/Q283,
,,,FUEL,Q12748,https://www.wikidata.org/wiki/Q12748,
750,19840121015319I,ENGINE FAILED AFTER TAKEOFF. TRIED TO MAKE A ROAD BUT DRIFTED OFF THE EDGE. FOUND SOLID ICE IN CARBURETOR BOWL.    ,ENGINE,Q44167,https://www.wikidata.org/wiki/Q44167,
,,,TAKEOFF,Q854248,https://www.wikidata.org/wiki/Q854248,
,,,ROAD,Q34442,https://www.wikidata.org/wiki/Q34442,
,,,ICE,Q23392,https://www.wikidata.org/wiki/Q23392,
,,,CARBURETOR BOWL,,,
,,,CLIMBOUT,,,
1875,19950527014439A,LOST CONTROL ON CLIMBOUT AFTER TOW RELEASE. ROLLED BOTH WAYS. SPIRAL TO IMPACT. NEGLECTED TO CONNECT RIGHT AILERON.,TOW RELEASE,,,
,,,AILERON,Q509379,https://www.wikidata.org/wiki/Q509379,
,,,RIGHT AILERON,,,
2243,19960322013629I,NARRATIVE: THE AIRCRAFT WAS BEING FERRIED FOR MAINTENANCE. THE GEAR BLOCKED DOWN AND THE NOSE BLOCK FELL OUT DURING,AIRCRAFT,Q11436,https://www.wikidata.org/wiki/Q11436,
,,,MAINTENANCE,Q1043452,https://www.wikidata.org/wiki/Q1043452,
,,,GEAR,Q143873,https://www.wikidata.org/wiki/Q143873,
,,,NOSE BLOCK,,,
1967,19960504009509A,FAILED TO DETACH TRAILER TIE DOWN FROM SKID. LOST CONTROL AND ROLLED ON LIFT OFF. (-23) PILOT FAILED TO FULLY DETAC,TRAILER,Q216146,https://www.wikidata.org/wiki/Q216146,
,,,TIE DOWN,Q1277336,https://www.wikidata.org/wiki/Q1277336,
,,,SKID,Q17143883,https://www.wikidata.org/wiki/Q17143883,
,,,PILOT,Q2095549,https://www.wikidata.org/wiki/Q2095549,
229,19790211002709A,AIRCRAFT FAILED TO LIFTOFF RUNWAY. RAN OFF END INTO SNOW BANK. FROST ON AIRFRAME.                                  ,AIRCRAFT,Q11436,https://www.wikidata.org/wiki/Q11436,
,,,LIFTOFF,Q854248,https://www.wikidata.org/wiki/Q854248,
,,,RUNWAY,Q184590,https://www.wikidata.org/wiki/Q184590,
,,,SNOW BANK,Q2846052,https://www.wikidata.org/wiki/Q2846052,
,,,FROST,Q4590598,https://www.wikidata.org/wiki/Q4590598,
,,,AIRFRAME,Q222946,https://www.wikidata.org/wiki/Q222946,
891,19850418016709I,ENGINE POWER FAILURE WHILE DOING AEROBATICS. LANDED IN FIELD. PILOT DID NOT VISUALLY INSPECT FUEL TANKS.           ,ENGINE,Q44167,https://www.wikidata.org/wiki/Q44167,
,,,POWER FAILURE,,,
,,,AEROBATICS,Q373557,https://www.wikidata.org/wiki/Q373557,
,,,FIELD,Q188869,https://www.wikidata.org/wiki/Q188869,
,,,PILOT,Q2095549,https://www.wikidata.org/wiki/Q2095549,
,,,FUEL TANKS,Q1411232,https://www.wikidata.org/wiki/Q1411232,
144,19780913017419I,ABORTED TAKEOFF WHEN FRONT BAGGAGE DOOR POPPED OPEN.                                                               ,TAKEOFF,Q854248,https://www.wikidata.org/wiki/Q854248,
,,,BAGGAGE DOOR,,,
,,,PILOT,Q2095549,https://www.wikidata.org/wiki/Q2095549,
,,,DITCH,Q2048319,https://www.wikidata.org/wiki/Q2048319,
,,,TAXIWAY,Q910386,https://www.wikidata.org/wiki/Q910386,
,19781113027039I,PILOT TAXIED INTO UNMARKED DITCH AT END OF TAXIWAY.,PILOT,Q2095549,https://www.wikidata.org/wiki/Q2095549,
,,,TAXIED,,,
,,,DITCH,Q2048319,https://www.wikidata.org/wiki/Q2048319,
,,,TAXIWAY,Q910386,https://www.wikidata.org/wiki/Q910386,
1211,19870606018859A,UNABLE TO STAY AIRBORNE ON TAKEOFF. ABORTED AND GROUND LOOPED INTO A TREE TO AVOID OVERRUN. MAG SWITCH ON ONE MAG. ,TAKEOFF,Q854248,https://www.wikidata.org/wiki/Q854248,
,,,TREE,Q10884,https://www.wikidata.org/wiki/Q10884,
,,,MAG SWITCH,Q19599480,https://www.wikidata.org/wiki/Q19599480,
,,,ONE MAG,,,
2210,19990714022959I,(-23) ACCORDING TO THE PILOT HE DEPARTED FRONT RANGE AIRPORT DURING THE HOURS OF DARKNESS. DURING THE START AND RUN,PILOT,Q2095549,https://www.wikidata.org/wiki/Q2095549,
,,,FRONT RANGE AIRPORT,Q3275315,https://www.wikidata.org/wiki/Q3275315,
,,,HOURS OF DARKNESS,,,
,,,START AND RUN,,,
1135,19870319012959I,NOSE GEAR WOULD NOT RETRACT AFTER TAKEOFF. RETURNED AND FOUND PIN WAS INSTALLED.                                   ,TAKEOFF,Q854248,https://www.wikidata.org/wiki/Q854248,
,,,PIN,Q838312,https://www.wikidata.org/wiki/Q838312,
,,,NOSE GEAR,Q119626168,https://www.wikidata.org/wiki/Q119626168,
2592,20050504010229A,"(-23) A SIKORSKY S-70A, N160LA, ENCOUNTERED A VIBRATION AFTER THE APU DOOR STRUCK A MAIN ROTOR BLADE INFLIGHT NEAR ",SIKORSKY,Q549189,https://www.wikidata.org/wiki/Q549189,
,,,S-70A,Q122389003,https://www.wikidata.org/wiki/Q122389003,
,,,N160LA,,,
,,,VIBRATION,Q3695508,https://www.wikidata.org/wiki/Q3695508,
,,,APU DOOR,,,
,,,ROTOR BLADE,Q106992314,https://www.wikidata.org/wiki/Q106992314,
2598,20050429009279I,(-23) THE PILOT WAS TAXIING THE AIRCRAFT TO PARKING FOLLOWING A CARGO TRIP. UPON REACHING A POINT WHERE THE TAXIWAY,PILOT,Q2095549,https://www.wikidata.org/wiki/Q2095549,
,,,AIRCRAFT,Q11436,https://www.wikidata.org/wiki/Q11436,
,,,CARGO TRIP,,,
,,,TAXIWAY,Q910386,https://www.wikidata.org/wiki/Q910386,
1393,19890723054159I,AFTER LANDING IT WAS DETERMINED THERE WAS INSUFFICIENT NUMBER OF SEATS AND OXYGEN MASKS FOR PASSENGERS ONBOARD.    ,LANDING,Q844947,https://www.wikidata.org/wiki/Q844947,
,,,SEATS,Q2207370,https://www.wikidata.org/wiki/Q2207370,
,,,OXYGEN MASKS,Q1890958,https://www.wikidata.org/wiki/Q1890958,
,,,PASSENGERS,Q319604,https://www.wikidata.org/wiki/Q319604,
2030,19970523014439I,NARRATIVE: THE CARGO DOOR WAS LATCHED BEFORE TAKEOFF BY MR. BOWEN. RUNWAY CONDITIONS AT STEVEN'S VILLAGE WAS EXTREM,CARGO DOOR,,,
,,,TAKEOFF,Q854248,https://www.wikidata.org/wiki/Q854248,
,,,MR.BOWEN,Q215627,https://www.wikidata.org/wiki/Q215627,
,,,RUNWAY CONDITIONS,,,
,,,STEVEN'S VILLAGE,Q661370,https://www.wikidata.org/wiki/Q661370,
2051,19970908038069A,TIRED TAXI WITH TIEDOWN CHAINS ATTACHE. ROLLED OVER. PILOT FAILED NOTE RAMP PERSON TIED SKIDS DUE HIGH WIND.       ,TIEDOWN CHAINS,,,
,,,PILOT,Q2095549,https://www.wikidata.org/wiki/Q2095549,
,,,RAMP PERSON,,,
,,,SKIDS,Q17143883,https://www.wikidata.org/wiki/Q17143883,
,,,WIND,Q8094,https://www.wikidata.org/wiki/Q8094,
160,19781108022239I,BAGGAGE CART WAS BLOWN INTO PARKED AIRCRAFT BY JET BLAST. BRAKES WERE INOPERATIVE ON CART.                         ,BAGGAGE CART,Q14277552,https://www.wikidata.org/wiki/Q14277552,
,,,AIRCRAFT,Q11436,https://www.wikidata.org/wiki/Q11436,
,,,JET BLAST,Q1996324,https://www.wikidata.org/wiki/Q1996324,
,,,BRAKES,Q1534839,https://www.wikidata.org/wiki/Q1534839,
,,,CART,Q234668,https://www.wikidata.org/wiki/Q234668,
8,19760606015529A,SUFFICIENT OPPORTUNITY EXISTED TO RELEASE WHEN GLIDER ASSUMED NOSE HIGH ATTITUDE.                                  ,GLIDER,Q2165278,https://www.wikidata.org/wiki/Q2165278,
,,,ALTITUDE,Q190200,https://www.wikidata.org/wiki/Q190200,
2630,20051009024969I,(-23) ^PRIVACY DATA OMITTED^ HELICOPTER ENGINE POWER CHECKS WERE BEING CONDUCTED BY PILOT AND ONE CREWMEMBER. DURIN,HELICOPTER,Q34486,https://www.wikidata.org/wiki/Q34486,
,,,ENGINE,Q44167,https://www.wikidata.org/wiki/Q44167,
,,,POWER CHECKS,,,
,,,PILOT,Q2095549,https://www.wikidata.org/wiki/Q2095549,
,,,CREWMEMBER,Q5184855,https://www.wikidata.org/wiki/Q5184855,
1693,19930530020029I,PILOT LOST CONTROL OF AIRCRAFT ON TAKEOFF ROLL. PILOTS SEAT WAS NOT LOCKED IN POSITION AND SLID AFT ON ACCELARATION,PILOT,Q2095549,https://www.wikidata.org/wiki/Q2095549,
,,,LOST CONTROL,Q29017603,https://www.wikidata.org/wiki/Q29017603,
,,,AIRCRAFT,Q11436,https://www.wikidata.org/wiki/Q11436,
,,,TAKEOFF ROLL,Q21026829,https://www.wikidata.org/wiki/Q21026829,
,,,PILOTS,Q2095549,https://www.wikidata.org/wiki/Q2095549,
,,,SEAT,Q2207370,https://www.wikidata.org/wiki/Q2207370,
,,,POSITION,Q17334923,https://www.wikidata.org/wiki/Q17334923,
,,,ACCELERATION,Q11376,https://www.wikidata.org/wiki/Q11376,
495,19801230089799I,"FLAT NOSE STRUT FAILED TO EXTEND BEFORE RETRACTION. IT CAUGHT ON AIRPLANE STRUCTURE, BROKE THE BELLCRANK. COLLAPSED",NOSE STRUT,,,
,,,RETRACTION,Q45203135,https://www.wikidata.org/wiki/Q45203135,
,,,AIRPLANE,Q197,https://www.wikidata.org/wiki/Q197,
,,,BELLCRANK,Q4883578,https://www.wikidata.org/wiki/Q4883578,
2299,19980508008619A,LOST POWER ENROUTE. NOSED OVER LANDING ON A SLOPE. NO EVIDENCE OF FUEL AT SCENE. FAILED TO VISUALLY CHECK FUEL.. (.,POWER,Q25342,https://www.wikidata.org/wiki/Q25342,
,,,LANDING,Q844947,https://www.wikidata.org/wiki/Q844947,
,,,SLOPE,Q944588,https://www.wikidata.org/wiki/Q944588,
,,,EVIDENCE,Q1347572,https://www.wikidata.org/wiki/Q1347572,
,,,FUEL,Q12748,https://www.wikidata.org/wiki/Q12748,
,,,SCENE,,,
,,,ENGINE,Q44167,https://www.wikidata.org/wiki/Q44167,
1772,19940818022409A,LOST LEFT ENGINE NEAR H71. FEATHERED. HIGH . BEGAN GO AROUND BELOW VMC. CRASHED. BAD OIL LEAK. CRACKED ENGINE CASE.,LEFT ENGINE,,,no qid for left engine so this is the qid for engine
,,,H71,Q1867551,https://www.wikidata.org/wiki/Q1867551,
,,,VMC,,,
,,,OIL LEAK,,,
,,,ENGINE CASE,,,
1612,19920405008919A,"ATTEMPTED TAKEOFF FROM 2500 FT SOD STRIP.GUSTY NORTH WIND,HIT TREES OFF END OF STRIP CRASHED.                      ",TAKEOFF,Q854248,https://www.wikidata.org/wiki/Q854248,
,,,SOD STRIP,Q525728,https://www.wikidata.org/wiki/Q525728,
,,,NORTH WIND,Q21332443,https://www.wikidata.org/wiki/Q21332443,
,,,TREES,Q10884,https://www.wikidata.org/wiki/Q10884,
,,,STRIP,,,
795,19840821046409A,CRASH OCCURRED DURING FORCED LANDING AFTER ENGINE FAILURE DURING TAKEOFF. AIRCRAFT HAD NOT HAD ANNUAL INSPECTION.  ,CRASH,,,
,,,LANDING,Q844947,https://www.wikidata.org/wiki/Q844947,
,,,ENGINE FAILURE,Q46375738,https://www.wikidata.org/wiki/Q46375738,
,,,TAKEOFF,Q854248,https://www.wikidata.org/wiki/Q854248,
,,,AIRCRAFT,Q11436,https://www.wikidata.org/wiki/Q11436,
,,,INSPECTION,Q1137655,https://www.wikidata.org/wiki/Q1137655,
1887,19950216008379I,"NARRATIVE: THE PILOT OF CESSNA 207, N1549U STATED THAT AFTER TAKEOFF FROM THE BETHEL AIRPORT, THE ENGINE STOPPED RU",PILOT,Q2095549,https://www.wikidata.org/wiki/Q2095549,
,,,CESSNA 207,Q10447208,https://www.wikidata.org/wiki/Q10447208,
,,,N1549U,,,
,,,TAKEOFF,Q854248,https://www.wikidata.org/wiki/Q854248,
,,,BETHEL AIRPORT,Q619997,https://www.wikidata.org/wiki/Q619997,
,,,ENGINE,Q44167,https://www.wikidata.org/wiki/Q44167,
896,19850525020799A,TOUCHED DOWN LONG AND BOUNCED. ATTEMPTED DOWNWIND GO AROUND WITH FULL FLAPS. STRUCK TREE 3 MILES FROM AIRPORT.     ,FLAPS,Q18407944,https://www.wikidata.org/wiki/Q18407944,
\,,,TREE,Q10884,https://www.wikidata.org/wiki/Q10884,
,,,3 MILES,,,
,,,AIRPORT,Q1248784,https://www.wikidata.org/wiki/Q1248784,
1117,19861114075329I,ENTERED TCA WITHOUT ATC COMMUNICATION. PILOT WAS AWARE OF MALFUNCTIONING ENCODING ALTIMETER.                       ,TCA,Q333116,https://www.wikidata.org/wiki/Q333116,
,,,ATC COMMUNICATION,,,
,,,PILOT,Q2095549,https://www.wikidata.org/wiki/Q2095549,
,,,ALTIMETER,Q216197,https://www.wikidata.org/wiki/Q216197,
2406,20010421009329I,"(-23)AIRCRAFT WAS IN CRUISE FLIGHT, THERE WAS A RPM LOSS AND PILOT COULD NOT MAINTAIN ALTITUDE. PILOT MADE AN EMERG",AIRCRAFT,Q11436,https://www.wikidata.org/wiki/Q11436,
,,,CRUISE FLIGHT,,,
,,,RPM LOSS,,,
,,,PILOT,Q2095549,https://www.wikidata.org/wiki/Q2095549,
,,,PILOT,Q2095549,https://www.wikidata.org/wiki/Q2095549,
,,,ALTITUDE,Q190200,https://www.wikidata.org/wiki/Q190200,
1970,19960524045629A,NOSE BAGGAGE DOOR OPENED ON TAKEOFF. BAGGAGE HIT LEFT PROP. GOT BELWO UMC. LANDED ON SEA ICE. WILL FLY DOOR OPEN.  ,NOSE BAGGAGE DOOR,,,
,,,TAKEOFF,Q854248,https://www.wikidata.org/wiki/Q854248,
,,,BAGGAGE,Q865054,https://www.wikidata.org/wiki/Q865054,
,,,LEFT PROP,,,
,,,SEA,Q165,https://www.wikidata.org/wiki/Q165,
,,,ICE,Q23392,https://www.wikidata.org/wiki/Q23392,
,,,DOOR,Q36794,https://www.wikidata.org/wiki/Q36794,
1297,19871211075169A,ROUGH ENGINE ON CLIMBOUT. LANDED ON CITY STREET. SPARK PLUGS OUT OF TOLERENCE. FOUND PRIMER UNLOCKED.              ,ENGINE,Q44167,https://www.wikidata.org/wiki/Q44167,
,,,CLIMBOUT,Q1499786,https://www.wikidata.org/wiki/Q1499786,
,,,STREET,Q79007,https://www.wikidata.org/wiki/Q79007,
,,,SPARK PLUGS,Q193340,https://www.wikidata.org/wiki/Q193340,
,,,TOLERENCE,,,
,,,PRIMER,,,
2429,20010910029739I,"(-23) DURING TAXI OUT, CFI NOTICED NOSE LANDING GEAR GREEN LIGHT WAS OUT. SHE ATTEMPTED TO SWAP LIGHTS TO VERIFY TH",TAXI OUT,,,
,,,CFI,,,
,,,LANDING GEAR,Q263421,https://www.wikidata.org/wiki/Q263421,
,,,LIGHT,Q9128,https://www.wikidata.org/wiki/Q9128,
,,,LIGHTS,Q1146001,https://www.wikidata.org/wiki/Q1146001,
1240,19871027060859A,"ELECTRIC POWER LOST ON IFR DUAL FLIGHT. STRUCK POWER POLE ON FORCED LANDING, FOUND CIRCUIT BREAKER OFF. PILOT ERROR",POWER,Q25342,https://www.wikidata.org/wiki/Q25342,
,,,IFR DUAL FLIGHT,,,
,,,POWER POLE,Q1144084,https://www.wikidata.org/wiki/Q1144084,
,,,LANDING,Q844947,https://www.wikidata.org/wiki/Q844947,
,,,CIRCUIT BREAKER,Q211058,https://www.wikidata.org/wiki/Q211058,
,,,PILOT ERROR,Q3057459,https://www.wikidata.org/wiki/Q3057459,
2160,19980616023109I,LOUD BANG AND SHUDDER ENROUTE. SAW SPARKS AT ROTOR. RETURNED. ENGINE COWLING SEPERATED. COWL NOT FASTENED.         ,BANG,Q179057,https://www.wikidata.org/wiki/Q179057,
,,,SHUDDER,,,
,,,SPARKS,Q911679,https://www.wikidata.org/wiki/Q911679,
,,,ROTOR,Q193466,https://www.wikidata.org/wiki/Q193466,
,,,COWLING,Q1138219,https://www.wikidata.org/wiki/Q1138219,
,,,COWL,Q5179731,https://www.wikidata.org/wiki/Q5179731,
1534,19910710026989A,REPORTED PROBLEM ON CLIMBOUT. STALLED AND CRASHED. NO LOCKING PINS IN SEAT TRACK. SEAT PIN BENT. BELT NOT FASTENED ,PROBLEM,Q621184,https://www.wikidata.org/wiki/Q621184,
,,,CLIMBOUT,Q1499786,https://www.wikidata.org/wiki/Q1499786,
,,,LOCKING PINS,,,
,,,SEAT TRACK,,,
,,,SEAT PIN,,,
,,,BELT,Q623755,https://www.wikidata.org/wiki/Q623755,
111,19780509032859I,FORCED LANDING AFTER POWER LOSS. FOUND WATER IN FUEL.                                                              ,LANDING,Q844947,https://www.wikidata.org/wiki/Q844947,
,,,POWER LOSS,,,no qid found
,,,WATER,Q283,https://www.wikidata.org/wiki/Q283,
,,,FUEL,Q12748,https://www.wikidata.org/wiki/Q12748,
384,19800506012169A,LOST CONTROL OF AIRPLANE ON TAKEOFF ROLL. FAILED TO REMOVE AILERON-ELEVATOR LOCK PIN.                              ,AIRPLANE,Q197,https://www.wikidata.org/wiki/Q197,
,,,TAKEOFF ROLL,Q21026829,https://www.wikidata.org/wiki/Q21026829,
,,,AILERON-ELEVATOR LOCK PIN,,,no qid found
334,19791128035159A,"PILOT LANDED TO WAIT OUT RAIN SHOWER. ON CLIMBOUT, ENGINE RAN ROUGH. PILOT LANDED IN FIELD. CLAIMS WATER IN FUEL.  ",PILOT,Q2095549,https://www.wikidata.org/wiki/Q2095549,
,,,RAIN SHOWER,Q1292121,https://www.wikidata.org/wiki/Q1292121,
,,,CLIMBOUT,Q1499786,https://www.wikidata.org/wiki/Q1499786,
,,,ENGINE,Q44167,https://www.wikidata.org/wiki/Q44167,
,,,FIELD,Q188869,https://www.wikidata.org/wiki/Q188869,
,,,WATER,Q283,https://www.wikidata.org/wiki/Q283,
,,,FUEL,Q12748,https://www.wikidata.org/wiki/Q12748,
2650,20060621012279A,"(-23) THE PILOT ^PRIVACY DA^ STATED THAT DURING TAKEOFF (AT ROTATION) HIS SEAT SLID BACK, CAUSING HIM TO OVERROTATE",PILOT,Q2095549,https://www.wikidata.org/wiki/Q2095549,
,,,TAKEOFF,Q854248,https://www.wikidata.org/wiki/Q854248,
,,,SEAT,Q2207370,https://www.wikidata.org/wiki/Q2207370,
1846,19950314029269I,"NARRATIVE: ON MARCH 14, 1995, N7016M, AN AMATEUR BUILT AIRCRAFT, MADE AN EMERGENCY OFF AIRPORT LANDING NEAR THE BLO","MARCH 14, 1995",Q69300510,https://www.wikidata.org/wiki/Q69300510,
,,,N7016M,,,no qid found
,,,AIRCRAFT,Q11436,https://www.wikidata.org/wiki/Q11436,
,,,EMERGENCY OFF AIRPORT LANDING,,,
410,19800804037399A,EARLY FUEL EXHAUSTION FROM FUEL SIPHONING FROM IMPROPERLY SECURED VENT CAP. OVERSHOT EMERGENCY LANDING AREA.       ,FUEL EXHAUSTION,Q5507172,https://www.wikidata.org/wiki/Q5507172,
,,,SIPHONING,Q1550470,https://www.wikidata.org/wiki/Q1550470,
,,,VENT CAP,,,
,,,EMERGENCY LANDING AREA,Q17592629,https://www.wikidata.org/wiki/Q17592629,
74,19780402008409I,TAXIING AIRCRAFT STRUCK PARKED AIRCRAFT. FOUND WORN OUT & INEFFECTIVE BRAKES AS CAUSE.                             ,AIRCRAFT,Q11436,https://www.wikidata.org/wiki/Q11436,
,,,AIRCRAFT,Q11436,https://www.wikidata.org/wiki/Q11436,
,,,BRAKES,Q1534839,https://www.wikidata.org/wiki/Q1534839,
1406,19890725041869I,ON ENGINE START PILOTS SEAT WENT TO FULL AFT POSITION. PUSH THROTTLE IN FULL. AIRCRAFT COLLIDED WITH PARKED PLANE. ,ENGINE START,,,no qid found
,,,PILOTS,Q2095549,https://www.wikidata.org/wiki/Q2095549,
,,,SEAT,Q2207370,https://www.wikidata.org/wiki/Q2207370,
,,,THROTTLE,Q961356,https://www.wikidata.org/wiki/Q961356,
,,,AIRCRAFT,Q11436,https://www.wikidata.org/wiki/Q11436,
,,,PLANE,Q197,https://www.wikidata.org/wiki/Q197,
1583,19911222062669I,AFTER LIFTOFF PILOT NOTICED RIGHT FUEL CAP MISSING. ABORTED. LANDED ON SAME RUNWAY. RAN OFF SIDE OF RUNWAY.        ,LIFTOFF,Q854248,https://www.wikidata.org/wiki/Q854248,
,,,PILOT,Q2095549,https://www.wikidata.org/wiki/Q2095549,
,,,RIGHT FUEL CAP,Q123205535,https://www.wikidata.org/wiki/Q123205535,
,,,RUNWAY,Q184590,https://www.wikidata.org/wiki/Q184590,
,,,RUNWAY,Q184590,https://www.wikidata.org/wiki/Q184590,
2494,20030607012509A,"(-23) THE AIRCRAFT DEPARTED BARTLESVILLE MUNICIPAL AIRPORT (BVO) BARTLESVILLE, OK AT 1147 AM LOCAL TIME FOR A LOCAL",AIRCRAFT,Q11436,https://www.wikidata.org/wiki/Q11436,
,,,BARTLESVILLE MUNICIPAL AIRPORT,Q14708401,https://www.wikidata.org/wiki/Q14708401,
,,,BVO,Q14708401,https://www.wikidata.org/wiki/Q14708401,
,,,"BARTLESVILLE, OK",Q809450,https://www.wikidata.org/wiki/Q809450,
,,,1147 AM LOCAL TIME,Q55811151,https://www.wikidata.org/wiki/Q55811151,
466,19801005072789I,PILOT RAN OFF END OF RUNWAY WHEN REMAINING BRAKE FAILED.                                                           ,PILOT,Q2095549,https://www.wikidata.org/wiki/Q2095549,
,,,RUNWAY,Q184590,https://www.wikidata.org/wiki/Q184590,
,,,BRAKE,Q1534839,https://www.wikidata.org/wiki/Q1534839,
165,19781210024199I,WHEELS LOCKED UP AFTER SEVERAL TOUCH AND GO LANDINGS DUE TO SNOW PACKED IN THE WHEEL PANTS.                        ,WHEELS,Q446,https://www.wikidata.org/wiki/Q446,
,,,LANDINGS,Q844947,https://www.wikidata.org/wiki/Q844947,
,,,SNOW,Q7561,https://www.wikidata.org/wiki/Q7561,
1882,19950804028629A,LOST POWER LANDED HARD IN ROUGH WATER. DAMAGED FLOATS AND LONGERON. WATER IN FUEL. MISREAD WATER IN SUMP TO BE FUEL,POWER,Q25342,https://www.wikidata.org/wiki/Q25342,
,,,WATER,Q283,https://www.wikidata.org/wiki/Q283,
,,,FLOATS,Q3373295,https://www.wikidata.org/wiki/Q3373295,
,,,LONGERON,Q1662372,https://www.wikidata.org/wiki/Q1662372,
,,,WATER,Q283,https://www.wikidata.org/wiki/Q283,
,,,FUEL,Q12748,https://www.wikidata.org/wiki/Q12748,
,,,SUMP,Q1592793,https://www.wikidata.org/wiki/Q1592793,
2544,20040304003309I,"(-23) AFTER NORMAL TOUCHDOWN THE AIRCRAFT STARTED SLIDING OR HYDROPLANING TOWARD LEFT SIDE OF RUNWAY, AIRCRAFT STRU",TOUCHDOWN,Q844947,https://www.wikidata.org/wiki/Q844947,
,,,AIRCRAFT,Q11436,https://www.wikidata.org/wiki/Q11436,
,,,RUNWAY,Q184590,https://www.wikidata.org/wiki/Q184590,
,,,AIRCRAFT,Q11436,https://www.wikidata.org/wiki/Q11436,
85,19780427013859I,ENGINE COWLING SEPARATED FROM ENGINE IN FLIGHT.                                                                    ,COWLING,Q1138219,https://www.wikidata.org/wiki/Q1138219,
,,,ENGINE,Q44167,https://www.wikidata.org/wiki/Q44167,
,,,FLIGHT,Q15921555,https://www.wikidata.org/wiki/Q15921555,
2676,20070202001609A,"(-23) ON A FLIGHT FROM NOTH PLATTE, NE, TO IOWA CITY, IA, (487 STATUTE MILES) THE AIRCRAFT LOST POWER NEAR GRINNELL",FLIGHT,Q15921555,https://www.wikidata.org/wiki/Q15921555,
,,,"NOTH PLATTER, NE",,,no qid found
,,,"IOWA CITY, IA",Q487977,https://www.wikidata.org/wiki/Q487977,
,,,487 STATUTE MILES,,,
,,,AIRCRAFT,Q11436,https://www.wikidata.org/wiki/Q11436,
,,,POWER,Q25342,https://www.wikidata.org/wiki/Q25342,
,,,GRINNELL,Q1903250,https://www.wikidata.org/wiki/Q1903250,
155,19780916024019A,TIE DOWN STRAP ACROSS LEFT SKID CAUGHT ON TRAILER AND TETHERED HEPER.                                              ,TIE DOWN STRAP,Q1277336,https://www.wikidata.org/wiki/Q1277336,
,,,SKID,Q17143883,https://www.wikidata.org/wiki/Q17143883,
,,,LEFT SKID,,,
,,,TRAILER,Q216146,https://www.wikidata.org/wiki/Q216146,
2642,20060718018299I,(-23) THE PILOT IN COMMAND (PIC) FAILED TO ENSURE ALL FUEL TANK CAPS WERE SECURELY FASTENED PRIOR TO DEPARTURE. SUB,PILOT IN COMMAND,Q1146304,https://www.wikidata.org/wiki/Q1146304,
,,,PIC,Q1146304,https://www.wikidata.org/wiki/Q1146304,
,,,FUEL TANK,Q1411232,https://www.wikidata.org/wiki/Q1411232,
,,,CAPS,Q2488579,https://www.wikidata.org/wiki/Q2488579,
,,,DEPARTURE, Q21171241,https://www.wikidata.org/wiki/ Q21171241,
2566,20040925025079A,(-23) FUEL CONTAMINATION IN AIRFRAME FUEL FILTER AS WELL AS IN FUEL FILTER AND ENGINE DRIVEN FUEL PUMP FILTER. THE ,FUEL CONTAMINATION,,,no qid found
,,,AIRFRAME,Q222946,https://www.wikidata.org/wiki/Q222946,
,,,FUEL FILTER,Q603491,https://www.wikidata.org/wiki/Q603491,
,,,FUEL FILTER,Q603491,https://www.wikidata.org/wiki/Q603491,
,,,ENGINE,Q44167,https://www.wikidata.org/wiki/Q44167,
,,,FUEL PUMP FILTER,,,
2264,19961027033759A,PRIOR DEMO FLIGHT. CONNECTING ROD BENT BY HYDRO LOCK IN NR5 CYL ON STARTUP. BROKE. HIT COUNTER WT. BROKE PORP SHAFT,DEMO FLIGHT,,,no qid found
,,,ROD,Q111360956,https://www.wikidata.org/wiki/Q111360956,
,,,HYRDO LOCK,,,no qid found
,,,NR5 CYL,,,no qid found
,,,STARTUP,,,
,,,COUNTER WT,,,no qid found
,,,SHAFT,Q309383,https://www.wikidata.org/wiki/Q309383,
1151,19870309039779I,"WHILE TAXIING, THE AIRCRAFT STRUCK N106DA WHICH WAS PARKED.  PILOT WAS UNAWARE OF BRAKE PROBLEMS ON THE AIRCRAFT.  ",AIRCRAFT,Q11436,https://www.wikidata.org/wiki/Q11436,
,,,N106DA,,,no qid found
,,,PILOT,Q2095549,https://www.wikidata.org/wiki/Q2095549,
,,,BRAKE PROBLEMS,,,
,,,AIRCRAFT,Q11436,https://www.wikidata.org/wiki/Q11436,
2458,20020619014309A,"(-23) N759TY, CE-182 WAS EN ROUTE FROM HOT SPRINGS, ARKANSAS TO FAYETTEVILLE, TENNESSEE, WHEN THE AIRCRAFT ENGINE Q",N759TY,,,no qid found
,,,CE-182,,,no qid found
,,,"HOT SPRINGS, ARKANSAS",Q79924,https://www.wikidata.org/wiki/Q79924,
,,,"FAYETTEVILLE, TENNESSEE",Q588257,https://www.wikidata.org/wiki/Q588257,
,,,AIRCRAFT,Q11436,https://www.wikidata.org/wiki/Q11436,
,,,ENGINE,Q44167,https://www.wikidata.org/wiki/Q44167,
1940,19951031041599A,ON CLIMBOUT NOSE BAGGAGE DOOR OPENED. REDUCED POWER. STALLED. ROLLED. DIVED INTO OCEAN. TEST FLIGHT FROM STORAGE.  ,CLIMBOUT,Q1499786,https://www.wikidata.org/wiki/Q1499786,
,,,NOSE,Q1434090,https://www.wikidata.org/wiki/Q1434090,
,,,BAGGAGE DOOR,Q36794,https://www.wikidata.org/wiki/Q36794,
,,,POWER,Q25342,https://www.wikidata.org/wiki/Q25342,
,,,OCEAN,Q9430,https://www.wikidata.org/wiki/Q9430,
,,,TEST FLIGHT,Q15921693,https://www.wikidata.org/wiki/Q15921693,
,,,STORAGE,Q9158768,https://www.wikidata.org/wiki/Q9158768,
914,19850729066139I,ELEVATOR CONTROL JAMMED SHEN HARNESS CAUGHT ON ELEVATOR CABLE. STICK BOOT NOT FASTENED TO FLOOR. LANDED IN A FIELD.,ELEVATOR CONTROL,,,no qid found
,,,HARNESS,Q333518,https://www.wikidata.org/wiki/Q333518,
,,,ELEVATOR CABLE,,,no qid found
,,,STICK BOOT,,,no qid found
,,,FLOOR,Q217164,https://www.wikidata.org/wiki/Q217164,
,,,FIELD,Q188869,https://www.wikidata.org/wiki/Q188869,
1724,19940226003029A,LOST POWER EN ROUTE. LANDED ON PRIVATE STRIP. NOSED OVER. LEFT FUEL CAP LEAKED. PREVENTED GRAVITY FUEL FLOW.       ,POWER,Q25342,https://www.wikidata.org/wiki/Q25342,
,,,STRIP,,https://www.wikidata.org/wiki/,no qid found
,,,LEFT FUEL CAP,Q123205535,https://www.wikidata.org/wiki/Q123205535,
,,,GRAVITY FUEL FLOW,,https://www.wikidata.org/wiki/,no qid found
50,19780111000459A,ACFT DISPATCHER HARRASSMENT OF PILOT. PILOT FORGOT TO REMOVE TIEDROPE.                                             ,ACFT DISPATCHER,,,
,,,PILOT,Q2095549,https://www.wikidata.org/wiki/Q2095549,
,,,PILOT,Q2095549,https://www.wikidata.org/wiki/Q2095549,
2403,20010411006739I,"(-23) THE HELICOPTER WAS IDLING ON THE HELIPAD, AND THE RPM CONTROL WAS BROUGHT UP TO FLY POSITION FOR THE TAKEOFF.",HELICOPTER,Q34486,https://www.wikidata.org/wiki/Q34486,
,,,HELIPAD,Q534159,https://www.wikidata.org/wiki/Q534159,
,,,RPM CONTROL,,,
,,,FLY POSITION,,,no qid found
,,,TAKEOFF,Q854248,https://www.wikidata.org/wiki/Q854248,
1263,19870816062719I,"A COPPER TUBE, USED TO HOLD AERIAL BANNERS, FELL THROUGH THE ROOF OF A HOUSE. LOCAL OPERATOR IS BEING MONITORED.   ",TUBE,Q41551,https://www.wikidata.org/wiki/Q41551,
,,,AERIAL BANNERS,Q806880,https://www.wikidata.org/wiki/Q806880,
,,,ROOF,Q83180,https://www.wikidata.org/wiki/Q83180,
,,,HOUSE,Q3947,https://www.wikidata.org/wiki/Q3947,
,,,OPERATOR,Q1970438,https://www.wikidata.org/wiki/Q1970438,
2099,19980620030289I,"MR. KADERA THEN ATTEMPTED TO LAND IN A FIELD BUT WAS FORCED TO LAND ON HIGHWAY 93. THREE MILES EAST OF SUNMER, IOWA",MR.KADERA,Q215627,https://www.wikidata.org/wiki/Q215627,
,,,FIELD,Q188869,https://www.wikidata.org/wiki/Q188869,
,,,HIGHWAY 93,Q1427331,https://www.wikidata.org/wiki/Q1427331,
,,,THREE,Q201,https://www.wikidata.org/wiki/Q201,
,,,EAST,Q684,https://www.wikidata.org/wiki/Q684,
,,,"SUNMER, IOWA",,,
2218,19990923027739A,"(.19) ON SEPTEMBER 23, 1999, AT 1900 HOURS PACIFIC DAYLIGHT TIME, A HOMEBUILT CIERNIA GLASAIR III, N153JC, EXPERIEN","SEPTEMBER 23, 1999",Q69302922,https://www.wikidata.org/wiki/Q69302922,
,,,1900 HOURS PACIFIC DAYLIGHT TIME,,,
,,,CIERNIA GLASAIR III,,,no qid found
,,,N153JC,,,no qid found
2296,19980415037339I,(-5)NOSE BAGGAGE CARGO CONSISTING OF A WOODEN WHEEL CHOCK SHIFTED DURING FLIGHT AND JAMMED THE NOSE LANDING GEAR ME,NOSE,Q1434090,https://www.wikidata.org/wiki/Q1434090,
,,,BAGGAGE,Q865054,https://www.wikidata.org/wiki/Q865054,
,,,CARGO,Q319224,https://www.wikidata.org/wiki/Q319224,
,,,WHEEL CHOCK,Q458789,https://www.wikidata.org/wiki/Q458789,
,,,FLIGHT,Q15921555,https://www.wikidata.org/wiki/Q15921555,
,,,NOSE LANDING GEAR,Q263421,https://www.wikidata.org/wiki/Q263421,
1920,19950826026019A,"EXPLOSION LIFTING LOGS. PITCHED UP, ROLLED. COMPRESSOR STALL NR1 ENGINE. FAILED RELEASE LOGS AND USE SE PROCEDURES.",EXPLOSION,Q179057,https://www.wikidata.org/wiki/Q179057,
,,,LOGS,Q3737064,https://www.wikidata.org/wiki/Q3737064,
,,,COMPRESSOR STALL,Q1938452,https://www.wikidata.org/wiki/Q1938452,
,,,NR1 ENGINE,,,
,,,LOGS,Q3737064,https://www.wikidata.org/wiki/Q3737064,
,,,SE PROCEDURES,,,no qid found
2334,20000215041409A,"(.19) ON FEBRUARY 19, 2000, AT 1825 EASTERN STANDARD TIME, A BEECH 1900D, N81SK, OPERATED AS SKYWAY AIRLINE FLIGHT ","FEBRUARY 19, 2000",Q69303157,https://www.wikidata.org/wiki/Q69303157,
,,,1825 EASTERN STANDARD TIME,,,
,,,BEECH 1900D,Q17489495,https://www.wikidata.org/wiki/Q17489495,
,,,N81SK,Q33126591,https://www.wikidata.org/wiki/Q33126591,
,,,SKYWAY AIRLINE,Q2293467,https://www.wikidata.org/wiki/Q2293467,
,,,FLIGHT,Q15921555,https://www.wikidata.org/wiki/Q15921555,
1033,19860514036219I,GROUND LOOPED ON LANDING. TAILWHEEL WAS FOUND JAMMED FAR RIGHT.                                                    ,GROUND LOOPED,Q2153620,https://www.wikidata.org/wiki/Q2153620,
,,,LANDING,Q844947,https://www.wikidata.org/wiki/Q844947,
,,,TAILWHEEL,,,no qid found
,,,RIGHT,Q14565199,https://www.wikidata.org/wiki/Q14565199,
1311,19880527016939A,ENGINE QUIT ON INITIAL CLIMBOUT. CRASH LANDED AVOIDING TREES. FOUND SELECTED FUEL TANK EMPTY. TRIP WAS TO GET FUEL.,ENGINE,Q44167,https://www.wikidata.org/wiki/Q44167,
,,,CLIMBOUT,Q1499786,https://www.wikidata.org/wiki/Q1499786,
,,,CRASH LANDED,Q1074121,https://www.wikidata.org/wiki/Q1074121,"this is the qid for ""crash landing"" not ""crash landed"""
,,,TREES,Q10884,https://www.wikidata.org/wiki/Q10884,
,,,FUEL TANK,Q1411232,https://www.wikidata.org/wiki/Q1411232,
,,,TRIP,Q778483,https://www.wikidata.org/wiki/Q778483,
,,,FUEL,Q12748,https://www.wikidata.org/wiki/Q12748,
2245,19960418007829A,CRASHED AND BURNED. (.4)WITNESSES REPORTED THAT AFTER DEPARTURE FROM A GRASS RUNWAY. THE AIRPLANE REACHED AN ALTITU,WITNESSES,Q196939,https://www.wikidata.org/wiki/Q196939,
,,,DEPARTURE,Q21171241,https://www.wikidata.org/wiki/Q21171241,
,,,RUNWAY,Q184590,https://www.wikidata.org/wiki/Q184590,
,,,AIRPLANE,Q197,https://www.wikidata.org/wiki/Q197,
2045,19970828026989A,LOUD POP ON TAKEOFF ROLL. LOST RUDDER CONTROL. EXITED RWY INTO CORNFIELD. HAD FAILED TO LOCK THE TAILWHEEL. (-23) M,POP,,,no qid found
,,,TAKEOFF ROLL,Q21026829,https://www.wikidata.org/wiki/Q21026829,
,,,LOST RUDDER CONTROL,,,no qid found
,,,RWY,Q184590,https://www.wikidata.org/wiki/Q184590,
,,,CORNFIELD,Q1735182,https://www.wikidata.org/wiki/Q1735182,
,,,TAILWHEEL,,,no qid found
1210,19870523018729A,"CANOPY CAME OPEN ON CLIMBOUT CAUSING AN UNCONTROLLED GROUND COLLISION, NO DEFECTS REPORTED. APPEARS PILOT ERROR.   ",CANOPY,Q2736751,https://www.wikidata.org/wiki/Q2736751,
,,,CLIMBOUT,Q1499786,https://www.wikidata.org/wiki/Q1499786,
,,,GROUND COLLISION,Q116673853,https://www.wikidata.org/wiki/Q116673853,
,,,DEFECTS,Q1138598,https://www.wikidata.org/wiki/Q1138598,
,,,PILOT ERROR,Q3057459,https://www.wikidata.org/wiki/Q3057459,
2488,20030620012809I,(-23) PILOT FAILED TO ASSURE THE OIL FILLER CAP WAS SECURE AND TOOK OFF. OIL WAS OBSERVED COMING OUT OF THE ENGINE ,PILOT,Q2095549,https://www.wikidata.org/wiki/Q2095549,
,,,OIL FILLER CAP,,,no qid found
,,,OIL,Q42962,https://www.wikidata.org/wiki/Q42962,
,,,ENGINE,Q44167,https://www.wikidata.org/wiki/Q44167,
,,,Total of Qids,395,,
