index,c5_unique_id,c119_text,human_gold_ents,qids,links,confirmed,Notes
2318,19990213001379A,"ACFT WAS TAXIING FOR TAKE OFF WHEN IT LOST CONTROL, RAN INTO A DITCH, AND STRUCK A TREE. OTHER CIRCUMSTANCES AE UNK",ACFT,Q11436,https://www.wikidata.org/wiki/Q11436,TRUE,ACFT actuallly stands for Army Combat Fitness Test with a QID of Q67935434
2318,19990213001379A,"ACFT WAS TAXIING FOR TAKE OFF WHEN IT LOST CONTROL, RAN INTO A DITCH, AND STRUCK A TREE. OTHER CIRCUMSTANCES AE UNK",DITCH,Q2048319,https://www.wikidata.org/wiki/Q2048319,TRUE,
2318,19990213001379A,"ACFT WAS TAXIING FOR TAKE OFF WHEN IT LOST CONTROL, RAN INTO A DITCH, AND STRUCK A TREE. OTHER CIRCUMSTANCES AE UNK",TREE,Q10884,https://www.wikidata.org/wiki/Q10884,TRUE,
2318,19990213001379A,"ACFT WAS TAXIING FOR TAKE OFF WHEN IT LOST CONTROL, RAN INTO A DITCH, AND STRUCK A TREE. OTHER CIRCUMSTANCES AE UNK",LOST CONTROL,Q29017603,https://www.wikidata.org/wiki/Q29017603,TRUE,"no qid for ""lost control"" given qid is for control "
354,19800217031649I,"AFTER TAKEOFF, ENGINE QUIT. WING FUEL TANK SUMPS WERE NOT DRAINED DURING PREFLIGHT BECAUSE THEY WERE FROZEN.       ",TAKEOFF,Q854248,https://www.wikidata.org/wiki/Q854248,TRUE,
354,19800217031649I,"AFTER TAKEOFF, ENGINE QUIT. WING FUEL TANK SUMPS WERE NOT DRAINED DURING PREFLIGHT BECAUSE THEY WERE FROZEN.       ",ENGINE,Q44167,https://www.wikidata.org/wiki/Q44167,TRUE,
354,19800217031649I,"AFTER TAKEOFF, ENGINE QUIT. WING FUEL TANK SUMPS WERE NOT DRAINED DURING PREFLIGHT BECAUSE THEY WERE FROZEN.       ",WING,Q161358,https://www.wikidata.org/wiki/Q161358,TRUE,
354,19800217031649I,"AFTER TAKEOFF, ENGINE QUIT. WING FUEL TANK SUMPS WERE NOT DRAINED DURING PREFLIGHT BECAUSE THEY WERE FROZEN.       ",FUEL TANK,Q19903205,https://www.wikidata.org/wiki/Q19903205,TRUE,
354,19800217031649I,"AFTER TAKEOFF, ENGINE QUIT. WING FUEL TANK SUMPS WERE NOT DRAINED DURING PREFLIGHT BECAUSE THEY WERE FROZEN.       ",SUMPS,Q1592793,https://www.wikidata.org/wiki/Q1592793,TRUE,
354,19800217031649I,"AFTER TAKEOFF, ENGINE QUIT. WING FUEL TANK SUMPS WERE NOT DRAINED DURING PREFLIGHT BECAUSE THEY WERE FROZEN.       ",PREFLIGHT,Q2108354,https://www.wikidata.org/wiki/Q2108354,TRUE,
284,19790720021329A,HELICOPTER TOOK OFF WITH SLING LOAD ATTACHED. CRASHED WHEN LOAD WEDGED IN TREES. IMPROPER PREFLIGHT.               ,HELICOPTER,Q34486,https://www.wikidata.org/wiki/Q34486,TRUE,
284,19790720021329A,HELICOPTER TOOK OFF WITH SLING LOAD ATTACHED. CRASHED WHEN LOAD WEDGED IN TREES. IMPROPER PREFLIGHT.               ,LOAD,,,FALSE,wikidata Property https://wikidata.org/wiki/Property:P3437
284,19790720021329A,HELICOPTER TOOK OFF WITH SLING LOAD ATTACHED. CRASHED WHEN LOAD WEDGED IN TREES. IMPROPER PREFLIGHT.               ,TREES,Q10884,https://www.wikidata.org/wiki/Q10884,TRUE,
284,19790720021329A,HELICOPTER TOOK OFF WITH SLING LOAD ATTACHED. CRASHED WHEN LOAD WEDGED IN TREES. IMPROPER PREFLIGHT.               ,PREFLIGHT,Q2108354,https://www.wikidata.org/wiki/Q2108354,TRUE,
284,19790720021329A,HELICOPTER TOOK OFF WITH SLING LOAD ATTACHED. CRASHED WHEN LOAD WEDGED IN TREES. IMPROPER PREFLIGHT.               ,CRASH,Q3002150,https://www.wikidata.org/wiki/Q3002150,TRUE,
817,19841214074599I,WHILE TAXIING LOST NOSEWHEEL STEERING AND BRAKES. STRUCK 2 AIRCRAFT AND FENCE. CIRCUIT BREAKER HYDRAULIC PUMP OPEN.,NOSEWHEEL STEERING,Q1002555,https://www.wikidata.org/wiki/Q1002555,TRUE,
817,19841214074599I,WHILE TAXIING LOST NOSEWHEEL STEERING AND BRAKES. STRUCK 2 AIRCRAFT AND FENCE. CIRCUIT BREAKER HYDRAULIC PUMP OPEN.,BRAKES,Q1534839,https://www.wikidata.org/wiki/Q1534839,TRUE,
817,19841214074599I,WHILE TAXIING LOST NOSEWHEEL STEERING AND BRAKES. STRUCK 2 AIRCRAFT AND FENCE. CIRCUIT BREAKER HYDRAULIC PUMP OPEN.,AIRCRAFT,Q11436,https://www.wikidata.org/wiki/Q11436,TRUE,
817,19841214074599I,WHILE TAXIING LOST NOSEWHEEL STEERING AND BRAKES. STRUCK 2 AIRCRAFT AND FENCE. CIRCUIT BREAKER HYDRAULIC PUMP OPEN.,FENCE,Q148571,https://www.wikidata.org/wiki/Q148571,TRUE,
817,19841214074599I,WHILE TAXIING LOST NOSEWHEEL STEERING AND BRAKES. STRUCK 2 AIRCRAFT AND FENCE. CIRCUIT BREAKER HYDRAULIC PUMP OPEN.,CIRCUIT BREAKER,Q211058,https://www.wikidata.org/wiki/Q211058,TRUE,
817,19841214074599I,WHILE TAXIING LOST NOSEWHEEL STEERING AND BRAKES. STRUCK 2 AIRCRAFT AND FENCE. CIRCUIT BREAKER HYDRAULIC PUMP OPEN.,HYDRAULIC PUMP,Q1640143,https://www.wikidata.org/wiki/Q1640143,TRUE,
1024,19860128014289I,FORWARD CARGO DOOR OPENED AS AIRCRAFT TOOK OFF. OBJECTS DROPPED OUT. RETURNED. FAILED TO SEE WARNING LIGHT.        ,FORWARD CARGO DOOR,Q124446960,https://www.wikidata.org/wiki/Q124446960,TRUE,"no qid for ""forward cargo door"" this one is for ""door for cargo plane"""
1024,19860128014289I,FORWARD CARGO DOOR OPENED AS AIRCRAFT TOOK OFF. OBJECTS DROPPED OUT. RETURNED. FAILED TO SEE WARNING LIGHT.        ,AIRCRAFT,Q11436,https://www.wikidata.org/wiki/Q11436,TRUE,
1024,19860128014289I,FORWARD CARGO DOOR OPENED AS AIRCRAFT TOOK OFF. OBJECTS DROPPED OUT. RETURNED. FAILED TO SEE WARNING LIGHT.        ,OBJECTS,Q488383,https://www.wikidata.org/wiki/Q488383,TRUE,
1024,19860128014289I,FORWARD CARGO DOOR OPENED AS AIRCRAFT TOOK OFF. OBJECTS DROPPED OUT. RETURNED. FAILED TO SEE WARNING LIGHT.        ,WARNING LIGHT,,,FALSE,
2335,20000215010329A,"(-23) MR. TIMOTHY ALLEN WELLS WAS ACTING AS PILOT IN COMMAND OF A BELL HELICOPTER MODEL BHT-47-G5, N4754R, ENGAGED ",MR. TIMOTHY ALLEN WELLS,Q215627,https://www.wikidata.org/wiki/Q215627,TRUE,no qid found for a specific person
2335,20000215010329A,"(-23) MR. TIMOTHY ALLEN WELLS WAS ACTING AS PILOT IN COMMAND OF A BELL HELICOPTER MODEL BHT-47-G5, N4754R, ENGAGED ",PILOT,Q2095549,https://www.wikidata.org/wiki/Q2095549,TRUE,
2335,20000215010329A,"(-23) MR. TIMOTHY ALLEN WELLS WAS ACTING AS PILOT IN COMMAND OF A BELL HELICOPTER MODEL BHT-47-G5, N4754R, ENGAGED ",BELL HELICOPTER,Q815723,https://www.wikidata.org/wiki/Q815723,TRUE,
2335,20000215010329A,"(-23) MR. TIMOTHY ALLEN WELLS WAS ACTING AS PILOT IN COMMAND OF A BELL HELICOPTER MODEL BHT-47-G5, N4754R, ENGAGED ",MODEL BHT-47-G5,Q15056995,https://www.wikidata.org/wiki/Q15056995,TRUE,
2335,20000215010329A,"(-23) MR. TIMOTHY ALLEN WELLS WAS ACTING AS PILOT IN COMMAND OF A BELL HELICOPTER MODEL BHT-47-G5, N4754R, ENGAGED ",N4754R,,,FALSE,"https://www.wikidata.org/wiki/Property:P426   HELICOPTER, P426 , N4754R (Q838849)"
467,19801116083749I,FORCED LANDING AFTER ONE ENGINE QUIT;FOUND ICE IN AUXILIARY FUEL SYSTEM.                                           ,LANDING,Q844947,https://www.wikidata.org/wiki/Q844947,TRUE,
467,19801116083749I,FORCED LANDING AFTER ONE ENGINE QUIT;FOUND ICE IN AUXILIARY FUEL SYSTEM.                                           ,ONE,Q199,https://www.wikidata.org/wiki/Q199,TRUE,
467,19801116083749I,FORCED LANDING AFTER ONE ENGINE QUIT;FOUND ICE IN AUXILIARY FUEL SYSTEM.                                           ,ENGINE,Q44167,https://www.wikidata.org/wiki/Q44167,TRUE,
467,19801116083749I,FORCED LANDING AFTER ONE ENGINE QUIT;FOUND ICE IN AUXILIARY FUEL SYSTEM.                                           ,ICE,Q23392,https://www.wikidata.org/wiki/Q23392,TRUE,
467,19801116083749I,FORCED LANDING AFTER ONE ENGINE QUIT;FOUND ICE IN AUXILIARY FUEL SYSTEM.                                           ,FUEL SYSTEM,Q4698552,https://www.wikidata.org/wiki/Q4698552,TRUE,no qid found for auxilary fuel system
856,19850315007389A,PILOT WAS DESCENDING TO LOWER ALTITUDE DUE TO ICING. LOST CONTROL. ALTIMETER NOT IFR CERTIFIED. ICING FORECAST.    ,PILOT,Q2095549,https://www.wikidata.org/wiki/Q2095549,TRUE,
856,19850315007389A,PILOT WAS DESCENDING TO LOWER ALTITUDE DUE TO ICING. LOST CONTROL. ALTIMETER NOT IFR CERTIFIED. ICING FORECAST.    ,ALTITUDE,Q190200,https://www.wikidata.org/wiki/Q190200,TRUE,
856,19850315007389A,PILOT WAS DESCENDING TO LOWER ALTITUDE DUE TO ICING. LOST CONTROL. ALTIMETER NOT IFR CERTIFIED. ICING FORECAST.    ,ICING,Q12060664,https://www.wikidata.org/wiki/Q12060664,TRUE,
856,19850315007389A,PILOT WAS DESCENDING TO LOWER ALTITUDE DUE TO ICING. LOST CONTROL. ALTIMETER NOT IFR CERTIFIED. ICING FORECAST.    ,LOST CONTROL,Q29017603,https://www.wikidata.org/wiki/Q29017603,TRUE,
856,19850315007389A,PILOT WAS DESCENDING TO LOWER ALTITUDE DUE TO ICING. LOST CONTROL. ALTIMETER NOT IFR CERTIFIED. ICING FORECAST.    ,ALTIMETER,Q216197,https://www.wikidata.org/wiki/Q216197,TRUE,
856,19850315007389A,PILOT WAS DESCENDING TO LOWER ALTITUDE DUE TO ICING. LOST CONTROL. ALTIMETER NOT IFR CERTIFIED. ICING FORECAST.    ,ICING,Q12060664,https://www.wikidata.org/wiki/Q12060664,TRUE,
2685,20070630826079I,(-23) AIRCRAFT DEPARTED RAY AIRPORT AND AFTER TAKEOFF INTO THE CLIMB AIRCRAFT ENGINE STARTED TO HAVE PROBLEMS. PILO,AIRCRAFT,Q11436,https://www.wikidata.org/wiki/Q11436,TRUE,
2685,20070630826079I,(-23) AIRCRAFT DEPARTED RAY AIRPORT AND AFTER TAKEOFF INTO THE CLIMB AIRCRAFT ENGINE STARTED TO HAVE PROBLEMS. PILO,RAY AIRPORT,Q35292471,https://www.wikidata.org/wiki/Q35292471,TRUE,
2685,20070630826079I,(-23) AIRCRAFT DEPARTED RAY AIRPORT AND AFTER TAKEOFF INTO THE CLIMB AIRCRAFT ENGINE STARTED TO HAVE PROBLEMS. PILO,TAKEOFF,Q854248,https://www.wikidata.org/wiki/Q854248,TRUE,
2685,20070630826079I,(-23) AIRCRAFT DEPARTED RAY AIRPORT AND AFTER TAKEOFF INTO THE CLIMB AIRCRAFT ENGINE STARTED TO HAVE PROBLEMS. PILO,AIRCRAFT,Q11436,https://www.wikidata.org/wiki/Q11436,TRUE,
2685,20070630826079I,(-23) AIRCRAFT DEPARTED RAY AIRPORT AND AFTER TAKEOFF INTO THE CLIMB AIRCRAFT ENGINE STARTED TO HAVE PROBLEMS. PILO,ENGINE,Q44167,https://www.wikidata.org/wiki/Q44167,TRUE,
2685,20070630826079I,(-23) AIRCRAFT DEPARTED RAY AIRPORT AND AFTER TAKEOFF INTO THE CLIMB AIRCRAFT ENGINE STARTED TO HAVE PROBLEMS. PILO,PROBLEMS,Q621184,https://www.wikidata.org/wiki/Q621184,TRUE,
1457,19900425011659A,RAN OUT OF FUEL ON FERRY FLIGHT. LEFT PONTOON SEPARATED LANDING IN A POND. FUEL CAP NOT SECURED. FUEL SIPHONED.    ,FUEL,Q1875633,https://www.wikidata.org/wiki/Q1875633,TRUE,
1457,19900425011659A,RAN OUT OF FUEL ON FERRY FLIGHT. LEFT PONTOON SEPARATED LANDING IN A POND. FUEL CAP NOT SECURED. FUEL SIPHONED.    ,FERRY FLIGHT,Q331837,https://www.wikidata.org/wiki/Q331837,TRUE,
1457,19900425011659A,RAN OUT OF FUEL ON FERRY FLIGHT. LEFT PONTOON SEPARATED LANDING IN A POND. FUEL CAP NOT SECURED. FUEL SIPHONED.    ,PONTOON,Q693340,https://www.wikidata.org/wiki/Q693340,TRUE,"no qid for ""left pontoon"" this qid is for ""pontoon"""
1457,19900425011659A,RAN OUT OF FUEL ON FERRY FLIGHT. LEFT PONTOON SEPARATED LANDING IN A POND. FUEL CAP NOT SECURED. FUEL SIPHONED.    ,LANDING,Q844947,https://www.wikidata.org/wiki/Q844947,TRUE,
1457,19900425011659A,RAN OUT OF FUEL ON FERRY FLIGHT. LEFT PONTOON SEPARATED LANDING IN A POND. FUEL CAP NOT SECURED. FUEL SIPHONED.    ,POND,Q12719646,https://www.wikidata.org/wiki/Q12719646,TRUE,
2331,19991230042089A,"(.4)THE PILOT SAID THAT SHORTLY AFTER TAKEOFF, THE ENGINE 'STARTED CUTTING OUT AND WAS NOT DEVELOPING ENOUGH POWER ",PILOT,Q2095549,https://www.wikidata.org/wiki/Q2095549,TRUE,
2331,19991230042089A,"(.4)THE PILOT SAID THAT SHORTLY AFTER TAKEOFF, THE ENGINE 'STARTED CUTTING OUT AND WAS NOT DEVELOPING ENOUGH POWER ",TAKEOFF,Q854248,https://www.wikidata.org/wiki/Q854248,TRUE,
2331,19991230042089A,"(.4)THE PILOT SAID THAT SHORTLY AFTER TAKEOFF, THE ENGINE 'STARTED CUTTING OUT AND WAS NOT DEVELOPING ENOUGH POWER ",ENGINE,Q44167,https://www.wikidata.org/wiki/Q44167,TRUE,
2331,19991230042089A,"(.4)THE PILOT SAID THAT SHORTLY AFTER TAKEOFF, THE ENGINE 'STARTED CUTTING OUT AND WAS NOT DEVELOPING ENOUGH POWER ",POWER,Q25342,https://www.wikidata.org/wiki/Q25342,TRUE,
642,19820725041999I,"LOOSE COWLING ON TAKEOFF. COWLING CAME OFF ON RETURNING TO LAND. CRACKED WINDSHIELD, DENTED STABILIZER.            ",COWLING,Q1138219,https://www.wikidata.org/wiki/Q1138219,TRUE,
642,19820725041999I,"LOOSE COWLING ON TAKEOFF. COWLING CAME OFF ON RETURNING TO LAND. CRACKED WINDSHIELD, DENTED STABILIZER.            ",TAKEOFF,Q854248,https://www.wikidata.org/wiki/Q854248,TRUE,
642,19820725041999I,"LOOSE COWLING ON TAKEOFF. COWLING CAME OFF ON RETURNING TO LAND. CRACKED WINDSHIELD, DENTED STABILIZER.            ",COWLING,Q1138219,https://www.wikidata.org/wiki/Q1138219,TRUE,
642,19820725041999I,"LOOSE COWLING ON TAKEOFF. COWLING CAME OFF ON RETURNING TO LAND. CRACKED WINDSHIELD, DENTED STABILIZER.            ",LAND,Q11081619,https://www.wikidata.org/wiki/Q11081619,TRUE,
642,19820725041999I,"LOOSE COWLING ON TAKEOFF. COWLING CAME OFF ON RETURNING TO LAND. CRACKED WINDSHIELD, DENTED STABILIZER.            ",WINDSHIELD,Q13693,https://www.wikidata.org/wiki/Q13693,TRUE,
642,19820725041999I,"LOOSE COWLING ON TAKEOFF. COWLING CAME OFF ON RETURNING TO LAND. CRACKED WINDSHIELD, DENTED STABILIZER.            ",STABILIZER,Q2712515,https://www.wikidata.org/wiki/Q2712515,TRUE,
1728,19940412011509I,AIRCRAFT POPPED OPEN ON DESCENT. FLIGHT MANUAL FLEW OUT AND STRUCK TRUCK WINDSHIELD ON GROUND. LANDED SAFELY.      ,AIRCRAFT,Q11436,https://www.wikidata.org/wiki/Q11436,TRUE,
1728,19940412011509I,AIRCRAFT POPPED OPEN ON DESCENT. FLIGHT MANUAL FLEW OUT AND STRUCK TRUCK WINDSHIELD ON GROUND. LANDED SAFELY.      ,DESCENT,Q624380,https://www.wikidata.org/wiki/Q624380,TRUE,
1728,19940412011509I,AIRCRAFT POPPED OPEN ON DESCENT. FLIGHT MANUAL FLEW OUT AND STRUCK TRUCK WINDSHIELD ON GROUND. LANDED SAFELY.      ,FLIGHT MANUAL,Q4399976,https://www.wikidata.org/wiki/Q4399976,TRUE,
1728,19940412011509I,AIRCRAFT POPPED OPEN ON DESCENT. FLIGHT MANUAL FLEW OUT AND STRUCK TRUCK WINDSHIELD ON GROUND. LANDED SAFELY.      ,TRUCK,Q43193,https://www.wikidata.org/wiki/Q43193,TRUE,
1728,19940412011509I,AIRCRAFT POPPED OPEN ON DESCENT. FLIGHT MANUAL FLEW OUT AND STRUCK TRUCK WINDSHIELD ON GROUND. LANDED SAFELY.      ,WINDSHIELD,Q13693,https://www.wikidata.org/wiki/Q13693,TRUE,
1728,19940412011509I,AIRCRAFT POPPED OPEN ON DESCENT. FLIGHT MANUAL FLEW OUT AND STRUCK TRUCK WINDSHIELD ON GROUND. LANDED SAFELY.      ,GROUND,Q36133,https://www.wikidata.org/wiki/Q36133,TRUE,
2064,19971226042729I,NR2 ENGINE FIRE WHILE LOADING PASSENGERS AT GATE. EVACUATED. FUEL LEVER WAS IN FLIGHT IDLE. CUT OFF. SMOKE CLEARED.,NR2 ENGINE,Q44167,https://www.wikidata.org/wiki/Q44167,TRUE,
2064,19971226042729I,NR2 ENGINE FIRE WHILE LOADING PASSENGERS AT GATE. EVACUATED. FUEL LEVER WAS IN FLIGHT IDLE. CUT OFF. SMOKE CLEARED.,FIRE,,,FALSE,
2064,19971226042729I,NR2 ENGINE FIRE WHILE LOADING PASSENGERS AT GATE. EVACUATED. FUEL LEVER WAS IN FLIGHT IDLE. CUT OFF. SMOKE CLEARED.,PASSENGERS,Q319604,https://www.wikidata.org/wiki/Q319604,TRUE,
2064,19971226042729I,NR2 ENGINE FIRE WHILE LOADING PASSENGERS AT GATE. EVACUATED. FUEL LEVER WAS IN FLIGHT IDLE. CUT OFF. SMOKE CLEARED.,GATE,Q247739,https://www.wikidata.org/wiki/Q247739,TRUE,
2064,19971226042729I,NR2 ENGINE FIRE WHILE LOADING PASSENGERS AT GATE. EVACUATED. FUEL LEVER WAS IN FLIGHT IDLE. CUT OFF. SMOKE CLEARED.,FUEL LEVER,,,FALSE,
2064,19971226042729I,NR2 ENGINE FIRE WHILE LOADING PASSENGERS AT GATE. EVACUATED. FUEL LEVER WAS IN FLIGHT IDLE. CUT OFF. SMOKE CLEARED.,SMOKE,Q130768,https://www.wikidata.org/wiki/Q130768,TRUE,
1867,19950619021589I,AFTER DEPARTING HIGH OIL TEMP. LANDED OFF AIRPOR. SHEARED MAIN GEAR. FOUND LOW ON OIL.                             ,DEPARTING ,Q854248,https://www.wikidata.org/wiki/Q854248,TRUE,
1867,19950619021589I,AFTER DEPARTING HIGH OIL TEMP. LANDED OFF AIRPOR. SHEARED MAIN GEAR. FOUND LOW ON OIL.                             ,OIL TEMP,,,FALSE,
1867,19950619021589I,AFTER DEPARTING HIGH OIL TEMP. LANDED OFF AIRPOR. SHEARED MAIN GEAR. FOUND LOW ON OIL.                             ,GEAR,Q263421,https://www.wikidata.org/wiki/Q263421,TRUE,
1867,19950619021589I,AFTER DEPARTING HIGH OIL TEMP. LANDED OFF AIRPOR. SHEARED MAIN GEAR. FOUND LOW ON OIL.                             ,OIL,Q42962,https://www.wikidata.org/wiki/Q42962,TRUE,
1773,19940815046149I,BATTERY COMPARTMENT DOOR CAME OPEN. ANTENNA CRACKED WINDSHIELD.                                                    ,DOOR,Q36794,https://www.wikidata.org/wiki/Q36794,TRUE,
1773,19940815046149I,BATTERY COMPARTMENT DOOR CAME OPEN. ANTENNA CRACKED WINDSHIELD.                                                    ,ANTENNA,Q131214,https://www.wikidata.org/wiki/Q131214,TRUE,
1773,19940815046149I,BATTERY COMPARTMENT DOOR CAME OPEN. ANTENNA CRACKED WINDSHIELD.                                                    ,WINDSHIELD,Q13693,https://www.wikidata.org/wiki/Q13693,TRUE,
1006,19860228038269I,RETURNED WHEN NOSE GEAR FAILED TO RETRACT. FOUND THAT PIN HAD NOT BEEN REMOVED AFTER PREVIOUS MAINTENANCE.         ,NOSE GEAR,Q15896346,https://www.wikidata.org/wiki/Q15896346,TRUE,
1006,19860228038269I,RETURNED WHEN NOSE GEAR FAILED TO RETRACT. FOUND THAT PIN HAD NOT BEEN REMOVED AFTER PREVIOUS MAINTENANCE.         ,PIN,Q1412569,https://www.wikidata.org/wiki/Q1412569,TRUE,
1006,19860228038269I,RETURNED WHEN NOSE GEAR FAILED TO RETRACT. FOUND THAT PIN HAD NOT BEEN REMOVED AFTER PREVIOUS MAINTENANCE.         ,MAINTENANCE,Q1043452,https://www.wikidata.org/wiki/Q1043452,TRUE,
289,19790718019229I,GROUND STAND BAGGAGE CART WITH INOPERATIVE BRAKES ROLLED INTO SIDE OF PARKED AIRCRAFT. 9 INCH TEAR IN FUSELAGE.    ,BAGGAGE CART,Q14277552,https://www.wikidata.org/wiki/Q142775522,TRUE,
289,19790718019229I,GROUND STAND BAGGAGE CART WITH INOPERATIVE BRAKES ROLLED INTO SIDE OF PARKED AIRCRAFT. 9 INCH TEAR IN FUSELAGE.    ,BRAKES,Q1534839,https://www.wikidata.org/wiki/Q1534839,TRUE,
289,19790718019229I,GROUND STAND BAGGAGE CART WITH INOPERATIVE BRAKES ROLLED INTO SIDE OF PARKED AIRCRAFT. 9 INCH TEAR IN FUSELAGE.    ,AIRCRAFT,Q11436,https://www.wikidata.org/wiki/Q11436,TRUE,
289,19790718019229I,GROUND STAND BAGGAGE CART WITH INOPERATIVE BRAKES ROLLED INTO SIDE OF PARKED AIRCRAFT. 9 INCH TEAR IN FUSELAGE.    ,TEAR,Q105794273,https://www.wikidata.org/wiki/Q105794273,TRUE,
289,19790718019229I,GROUND STAND BAGGAGE CART WITH INOPERATIVE BRAKES ROLLED INTO SIDE OF PARKED AIRCRAFT. 9 INCH TEAR IN FUSELAGE.    ,FUSELAGE,Q1110579,https://www.wikidata.org/wiki/Q1110579,TRUE,
2352,20000625032189I,(-23)NORTHWEST AIRLINES DC-10 BOEING PUSHED BACK FOR REPOSITIONING OFF OF GATE B-52 STRUCK A CONTINENTAL AIRLINES D,NORTHWEST AIRLINES,Q309174,https://www.wikidata.org/wiki/Q309174,TRUE,
2352,20000625032189I,(-23)NORTHWEST AIRLINES DC-10 BOEING PUSHED BACK FOR REPOSITIONING OFF OF GATE B-52 STRUCK A CONTINENTAL AIRLINES D,DC-10,Q21150832,https://www.wikidata.org/wiki/Q21150832,TRUE,
2352,20000625032189I,(-23)NORTHWEST AIRLINES DC-10 BOEING PUSHED BACK FOR REPOSITIONING OFF OF GATE B-52 STRUCK A CONTINENTAL AIRLINES D,BOEING,Q66,https://www.wikidata.org/wiki/Q66,TRUE,
2352,20000625032189I,(-23)NORTHWEST AIRLINES DC-10 BOEING PUSHED BACK FOR REPOSITIONING OFF OF GATE B-52 STRUCK A CONTINENTAL AIRLINES D,GATE,Q247739,https://www.wikidata.org/wiki/Q247739,TRUE,
2352,20000625032189I,(-23)NORTHWEST AIRLINES DC-10 BOEING PUSHED BACK FOR REPOSITIONING OFF OF GATE B-52 STRUCK A CONTINENTAL AIRLINES D,CONTINENTAL AIRLINES,Q216486,https://www.wikidata.org/wiki/Q216486,TRUE,
1045,19860530030499A,ENGINE OVERHEAT. HOT OIL SMELL.KNEW HE HAD FAILED TO REMOVE AIR INTAKE PLUGS. NOSED OVER IN FURROWS PLOWED FAILED  ,ENGINE,Q44167,https://www.wikidata.org/wiki/Q44167,TRUE,
1045,19860530030499A,ENGINE OVERHEAT. HOT OIL SMELL.KNEW HE HAD FAILED TO REMOVE AIR INTAKE PLUGS. NOSED OVER IN FURROWS PLOWED FAILED  ,NOSED OVER,Q16661458,https://www.wikidata.org/wiki/Q16661458,TRUE,
1045,19860530030499A,ENGINE OVERHEAT. HOT OIL SMELL.KNEW HE HAD FAILED TO REMOVE AIR INTAKE PLUGS. NOSED OVER IN FURROWS PLOWED FAILED  ,Smell,Q485537,https://www.wikidata.org/wiki/Q485537,TRUE,
1045,19860530030499A,ENGINE OVERHEAT. HOT OIL SMELL.KNEW HE HAD FAILED TO REMOVE AIR INTAKE PLUGS. NOSED OVER IN FURROWS PLOWED FAILED  ,AIR INTAKE PLUGS,,,FALSE,
1045,19860530030499A,ENGINE OVERHEAT. HOT OIL SMELL.KNEW HE HAD FAILED TO REMOVE AIR INTAKE PLUGS. NOSED OVER IN FURROWS PLOWED FAILED  ,FURROWS,Q1474839,https://www.wikidata.org/wiki/Q1474839,TRUE,
656,19821117066379I,PILOT UNABLE TO PRESSURIZE. FOUND ACCESS DOOR SLIGHTLY OPEN. DEPRESSURIZED. DOOR OPENED FULLY. STOPPED BY FUSELAGE.,PILOT,Q2095549,https://www.wikidata.org/wiki/Q2095549,TRUE,
656,19821117066379I,PILOT UNABLE TO PRESSURIZE. FOUND ACCESS DOOR SLIGHTLY OPEN. DEPRESSURIZED. DOOR OPENED FULLY. STOPPED BY FUSELAGE.,ACCESS DOOR,Q2550031,https://www.wikidata.org/wiki/Q2550031,TRUE,
656,19821117066379I,PILOT UNABLE TO PRESSURIZE. FOUND ACCESS DOOR SLIGHTLY OPEN. DEPRESSURIZED. DOOR OPENED FULLY. STOPPED BY FUSELAGE.,DOOR,Q36794,https://www.wikidata.org/wiki/Q36794,TRUE,
656,19821117066379I,PILOT UNABLE TO PRESSURIZE. FOUND ACCESS DOOR SLIGHTLY OPEN. DEPRESSURIZED. DOOR OPENED FULLY. STOPPED BY FUSELAGE.,FUSELAGE,Q1110579,https://www.wikidata.org/wiki/Q1110579,TRUE,
514,19810303007119A,VEERED OFF RUNWAY ON LANDING.  HIT PARKED AIRPLANE.  NEWLY INSTALLED CARPETING RESTRICTED RUDDER PEDAL MOVEMENT.   ,RUNWAY,Q184590,https://www.wikidata.org/wiki/Q184590,TRUE,
514,19810303007119A,VEERED OFF RUNWAY ON LANDING.  HIT PARKED AIRPLANE.  NEWLY INSTALLED CARPETING RESTRICTED RUDDER PEDAL MOVEMENT.   ,LANDING,Q844947,https://www.wikidata.org/wiki/Q844947,TRUE,
514,19810303007119A,VEERED OFF RUNWAY ON LANDING.  HIT PARKED AIRPLANE.  NEWLY INSTALLED CARPETING RESTRICTED RUDDER PEDAL MOVEMENT.   ,AIRPLANE,Q197,https://www.wikidata.org/wiki/Q197,TRUE,
514,19810303007119A,VEERED OFF RUNWAY ON LANDING.  HIT PARKED AIRPLANE.  NEWLY INSTALLED CARPETING RESTRICTED RUDDER PEDAL MOVEMENT.   ,CARPETING,Q124371860,https://www.wikidata.org/wiki/Q124371860,TRUE,
514,19810303007119A,VEERED OFF RUNWAY ON LANDING.  HIT PARKED AIRPLANE.  NEWLY INSTALLED CARPETING RESTRICTED RUDDER PEDAL MOVEMENT.   ,RUDDER PEDAL,Q56344540,https://www.wikidata.org/wiki/Q56344540,TRUE,
2212,19950602032329I,VEERED OFF TAXIWAY. STRUCK TAXIWAY LIGHT. WAS ADVISED DAMAGED PROP. CONTINUED TO LIT.                              ,TAXIWAY,Q910386,https://www.wikidata.org/wiki/Q910386,TRUE,
2212,19950602032329I,VEERED OFF TAXIWAY. STRUCK TAXIWAY LIGHT. WAS ADVISED DAMAGED PROP. CONTINUED TO LIT.                              ,TAXIWAY LIGHT,Q15936093,https://www.wikidata.org/wiki/Q15936093,TRUE,
2212,19950602032329I,VEERED OFF TAXIWAY. STRUCK TAXIWAY LIGHT. WAS ADVISED DAMAGED PROP. CONTINUED TO LIT.                              ,PROP,Q922654,https://www.wikidata.org/wiki/Q922654,TRUE,not sure if we want the qid for property? That is what I put here
1494,19901101064289I,FUEL CAP MISSING FROM RIGHT TANK AND GAS ESCAPING WHILE TAXIING. REPLACED CAP. RESUMED FLIGHT WITHOUT CLEANING WING,FUEL CAP,Q123205535,https://www.wikidata.org/wiki/Q123205535,TRUE,
1494,19901101064289I,FUEL CAP MISSING FROM RIGHT TANK AND GAS ESCAPING WHILE TAXIING. REPLACED CAP. RESUMED FLIGHT WITHOUT CLEANING WING,TANK,Q1047832,https://www.wikidata.org/wiki/Q1047832,TRUE,
1494,19901101064289I,FUEL CAP MISSING FROM RIGHT TANK AND GAS ESCAPING WHILE TAXIING. REPLACED CAP. RESUMED FLIGHT WITHOUT CLEANING WING,GAS,Q1875633,https://www.wikidata.org/wiki/Q1875633,TRUE,
1494,19901101064289I,FUEL CAP MISSING FROM RIGHT TANK AND GAS ESCAPING WHILE TAXIING. REPLACED CAP. RESUMED FLIGHT WITHOUT CLEANING WING,CAP,Q2488579,https://www.wikidata.org/wiki/Q2488579,TRUE,
1494,19901101064289I,FUEL CAP MISSING FROM RIGHT TANK AND GAS ESCAPING WHILE TAXIING. REPLACED CAP. RESUMED FLIGHT WITHOUT CLEANING WING,FLIGHT,Q15921555,https://www.wikidata.org/wiki/Q15921555,TRUE,
1494,19901101064289I,FUEL CAP MISSING FROM RIGHT TANK AND GAS ESCAPING WHILE TAXIING. REPLACED CAP. RESUMED FLIGHT WITHOUT CLEANING WING,WING,Q161358,https://www.wikidata.org/wiki/Q161358,TRUE,
2600,20050713014239I,"(-23) ON JULY 13, 2005, AT 1535 MST, AN RAYTHEON AIRCRAFT CO. B36TC (BONANZA), N3042V REGISTERED TO HAVENS LEASING ","JULY 13, 2005",Q22663152,https://www.wikidata.org/wiki/Q22663152,TRUE,
2600,20050713014239I,"(-23) ON JULY 13, 2005, AT 1535 MST, AN RAYTHEON AIRCRAFT CO. B36TC (BONANZA), N3042V REGISTERED TO HAVENS LEASING ",1535 MST,Q55811751,https://www.wikidata.org/wiki/Q55811751,TRUE,this is just the qid for 15:35
2600,20050713014239I,"(-23) ON JULY 13, 2005, AT 1535 MST, AN RAYTHEON AIRCRAFT CO. B36TC (BONANZA), N3042V REGISTERED TO HAVENS LEASING ",RAYTHEON AIRCRAFT CO,Q10357714,https://www.wikidata.org/wiki/Q10357714,TRUE,
2600,20050713014239I,"(-23) ON JULY 13, 2005, AT 1535 MST, AN RAYTHEON AIRCRAFT CO. B36TC (BONANZA), N3042V REGISTERED TO HAVENS LEASING ",B36TC (Bonanza),Q29369815,https://www.wikidata.org/wiki/Q29369815,TRUE,
2600,20050713014239I,"(-23) ON JULY 13, 2005, AT 1535 MST, AN RAYTHEON AIRCRAFT CO. B36TC (BONANZA), N3042V REGISTERED TO HAVENS LEASING ",HAVENS LEASING,Q1875615,https://www.wikidata.org/wiki/Q1875615,TRUE,
1037,19860706034879A,THE ENGINE LOST POWER ON TAKEOFF AND THE AIRCRAFT FLIPPED ON LANDING.PILOT HAD JUST FILLED TANKS. WATER IN FUEL.   ,ENGINE,Q44167,https://www.wikidata.org/wiki/Q44167,TRUE,
1037,19860706034879A,THE ENGINE LOST POWER ON TAKEOFF AND THE AIRCRAFT FLIPPED ON LANDING.PILOT HAD JUST FILLED TANKS. WATER IN FUEL.   ,POWER,Q25342,https://www.wikidata.org/wiki/Q25342,TRUE,
1037,19860706034879A,THE ENGINE LOST POWER ON TAKEOFF AND THE AIRCRAFT FLIPPED ON LANDING.PILOT HAD JUST FILLED TANKS. WATER IN FUEL.   ,TAKEOFF,Q854248,https://www.wikidata.org/wiki/Q854248,TRUE,
1037,19860706034879A,THE ENGINE LOST POWER ON TAKEOFF AND THE AIRCRAFT FLIPPED ON LANDING.PILOT HAD JUST FILLED TANKS. WATER IN FUEL.   ,AIRCRAFT,Q11436,https://www.wikidata.org/wiki/Q11436,TRUE,
1037,19860706034879A,THE ENGINE LOST POWER ON TAKEOFF AND THE AIRCRAFT FLIPPED ON LANDING.PILOT HAD JUST FILLED TANKS. WATER IN FUEL.   ,LANDING,Q844947,https://www.wikidata.org/wiki/Q844947,TRUE,
1037,19860706034879A,THE ENGINE LOST POWER ON TAKEOFF AND THE AIRCRAFT FLIPPED ON LANDING.PILOT HAD JUST FILLED TANKS. WATER IN FUEL.   ,PILOT,Q2095549,https://www.wikidata.org/wiki/Q2095549,TRUE,
1037,19860706034879A,THE ENGINE LOST POWER ON TAKEOFF AND THE AIRCRAFT FLIPPED ON LANDING.PILOT HAD JUST FILLED TANKS. WATER IN FUEL.   ,TANKS,Q1047832,https://www.wikidata.org/wiki/Q1047832,TRUE,
1037,19860706034879A,THE ENGINE LOST POWER ON TAKEOFF AND THE AIRCRAFT FLIPPED ON LANDING.PILOT HAD JUST FILLED TANKS. WATER IN FUEL.   ,WATER,Q283,https://www.wikidata.org/wiki/Q283,TRUE,
1037,19860706034879A,THE ENGINE LOST POWER ON TAKEOFF AND THE AIRCRAFT FLIPPED ON LANDING.PILOT HAD JUST FILLED TANKS. WATER IN FUEL.   ,FUEL,Q1875633,https://www.wikidata.org/wiki/Q1875633,TRUE,
750,19840121015319I,ENGINE FAILED AFTER TAKEOFF. TRIED TO MAKE A ROAD BUT DRIFTED OFF THE EDGE. FOUND SOLID ICE IN CARBURETOR BOWL.    ,ENGINE,Q44167,https://www.wikidata.org/wiki/Q44167,TRUE,
750,19840121015319I,ENGINE FAILED AFTER TAKEOFF. TRIED TO MAKE A ROAD BUT DRIFTED OFF THE EDGE. FOUND SOLID ICE IN CARBURETOR BOWL.    ,TAKEOFF,Q854248,https://www.wikidata.org/wiki/Q854248,TRUE,
750,19840121015319I,ENGINE FAILED AFTER TAKEOFF. TRIED TO MAKE A ROAD BUT DRIFTED OFF THE EDGE. FOUND SOLID ICE IN CARBURETOR BOWL.    ,ROAD,Q34442,https://www.wikidata.org/wiki/Q34442,TRUE,
750,19840121015319I,ENGINE FAILED AFTER TAKEOFF. TRIED TO MAKE A ROAD BUT DRIFTED OFF THE EDGE. FOUND SOLID ICE IN CARBURETOR BOWL.    ,ICE,Q23392,https://www.wikidata.org/wiki/Q23392,TRUE,
750,19840121015319I,ENGINE FAILED AFTER TAKEOFF. TRIED TO MAKE A ROAD BUT DRIFTED OFF THE EDGE. FOUND SOLID ICE IN CARBURETOR BOWL.    ,CARBURETOR BOWL,,,FALSE,
1875,19950527014439A,LOST CONTROL ON CLIMBOUT AFTER TOW RELEASE. ROLLED BOTH WAYS. SPIRAL TO IMPACT. NEGLECTED TO CONNECT RIGHT AILERON.,CLIMBOUT,Q1499786,https://www.wikidata.org/wiki/Q1499786,TRUE,"this is the qid for ""climb"" - no qid for climbout"
1875,19950527014439A,LOST CONTROL ON CLIMBOUT AFTER TOW RELEASE. ROLLED BOTH WAYS. SPIRAL TO IMPACT. NEGLECTED TO CONNECT RIGHT AILERON.,TOW RELEASE,,,FALSE,no qid found
1875,19950527014439A,LOST CONTROL ON CLIMBOUT AFTER TOW RELEASE. ROLLED BOTH WAYS. SPIRAL TO IMPACT. NEGLECTED TO CONNECT RIGHT AILERON.,AILERON,Q509379,https://www.wikidata.org/wiki/Q509379,TRUE,"this is just the qid for ""aileron"""
2243,19960322013629I,NARRATIVE: THE AIRCRAFT WAS BEING FERRIED FOR MAINTENANCE. THE GEAR BLOCKED DOWN AND THE NOSE BLOCK FELL OUT DURING,AIRCRAFT,Q11436,https://www.wikidata.org/wiki/Q11436,TRUE,
2243,19960322013629I,NARRATIVE: THE AIRCRAFT WAS BEING FERRIED FOR MAINTENANCE. THE GEAR BLOCKED DOWN AND THE NOSE BLOCK FELL OUT DURING,MAINTENANCE,Q1043452,https://www.wikidata.org/wiki/Q1043452,TRUE,
2243,19960322013629I,NARRATIVE: THE AIRCRAFT WAS BEING FERRIED FOR MAINTENANCE. THE GEAR BLOCKED DOWN AND THE NOSE BLOCK FELL OUT DURING,GEAR,Q143873,https://www.wikidata.org/wiki/Q143873,TRUE,
2243,19960322013629I,NARRATIVE: THE AIRCRAFT WAS BEING FERRIED FOR MAINTENANCE. THE GEAR BLOCKED DOWN AND THE NOSE BLOCK FELL OUT DURING,NOSE BLOCK,,,FALSE,no qid found
1967,19960504009509A,FAILED TO DETACH TRAILER TIE DOWN FROM SKID. LOST CONTROL AND ROLLED ON LIFT OFF. (-23) PILOT FAILED TO FULLY DETAC,TRAILER,Q216146,https://www.wikidata.org/wiki/Q216146,TRUE,
1967,19960504009509A,FAILED TO DETACH TRAILER TIE DOWN FROM SKID. LOST CONTROL AND ROLLED ON LIFT OFF. (-23) PILOT FAILED TO FULLY DETAC,TIE DOWN,Q1277336,https://www.wikidata.org/wiki/Q1277336,TRUE,
1967,19960504009509A,FAILED TO DETACH TRAILER TIE DOWN FROM SKID. LOST CONTROL AND ROLLED ON LIFT OFF. (-23) PILOT FAILED TO FULLY DETAC,SKID,Q17143883,https://www.wikidata.org/wiki/Q17143883,TRUE,
1967,19960504009509A,FAILED TO DETACH TRAILER TIE DOWN FROM SKID. LOST CONTROL AND ROLLED ON LIFT OFF. (-23) PILOT FAILED TO FULLY DETAC,PILOT,Q2095549,https://www.wikidata.org/wiki/Q2095549,TRUE,
229,19790211002709A,AIRCRAFT FAILED TO LIFTOFF RUNWAY. RAN OFF END INTO SNOW BANK. FROST ON AIRFRAME.                                  ,AIRCRAFT,Q11436,https://www.wikidata.org/wiki/Q11436,TRUE,
229,19790211002709A,AIRCRAFT FAILED TO LIFTOFF RUNWAY. RAN OFF END INTO SNOW BANK. FROST ON AIRFRAME.                                  ,LIFTOFF,Q854248,https://www.wikidata.org/wiki/Q854248,TRUE,
229,19790211002709A,AIRCRAFT FAILED TO LIFTOFF RUNWAY. RAN OFF END INTO SNOW BANK. FROST ON AIRFRAME.                                  ,RUNWAY,Q184590,https://www.wikidata.org/wiki/Q184590,TRUE,
229,19790211002709A,AIRCRAFT FAILED TO LIFTOFF RUNWAY. RAN OFF END INTO SNOW BANK. FROST ON AIRFRAME.                                  ,SNOW BANK,Q2846052,https://www.wikidata.org/wiki/Q2846052,TRUE,
229,19790211002709A,AIRCRAFT FAILED TO LIFTOFF RUNWAY. RAN OFF END INTO SNOW BANK. FROST ON AIRFRAME.                                  ,FROST,Q4590598,https://www.wikidata.org/wiki/Q4590598,TRUE,
229,19790211002709A,AIRCRAFT FAILED TO LIFTOFF RUNWAY. RAN OFF END INTO SNOW BANK. FROST ON AIRFRAME.                                  ,AIRFRAME,Q222946,https://www.wikidata.org/wiki/Q222946,TRUE,
891,19850418016709I,ENGINE POWER FAILURE WHILE DOING AEROBATICS. LANDED IN FIELD. PILOT DID NOT VISUALLY INSPECT FUEL TANKS.           ,ENGINE,Q44167,https://www.wikidata.org/wiki/Q44167,TRUE,
891,19850418016709I,ENGINE POWER FAILURE WHILE DOING AEROBATICS. LANDED IN FIELD. PILOT DID NOT VISUALLY INSPECT FUEL TANKS.           ,POWER FAILURE,,,FALSE,
891,19850418016709I,ENGINE POWER FAILURE WHILE DOING AEROBATICS. LANDED IN FIELD. PILOT DID NOT VISUALLY INSPECT FUEL TANKS.           ,AEROBATICS,Q373557,https://www.wikidata.org/wiki/Q373557,TRUE,
891,19850418016709I,ENGINE POWER FAILURE WHILE DOING AEROBATICS. LANDED IN FIELD. PILOT DID NOT VISUALLY INSPECT FUEL TANKS.           ,FIELD,Q188869,https://www.wikidata.org/wiki/Q188869,TRUE,
891,19850418016709I,ENGINE POWER FAILURE WHILE DOING AEROBATICS. LANDED IN FIELD. PILOT DID NOT VISUALLY INSPECT FUEL TANKS.           ,PILOT,Q2095549,https://www.wikidata.org/wiki/Q2095549,TRUE,
891,19850418016709I,ENGINE POWER FAILURE WHILE DOING AEROBATICS. LANDED IN FIELD. PILOT DID NOT VISUALLY INSPECT FUEL TANKS.           ,FUEL TANKS,Q19903205,https://www.wikidata.org/wiki/Q19903205,TRUE,
144,19780913017419I,ABORTED TAKEOFF WHEN FRONT BAGGAGE DOOR POPPED OPEN.                                                               ,TAKEOFF,Q854248,https://www.wikidata.org/wiki/Q854248,TRUE,
144,19780913017419I,ABORTED TAKEOFF WHEN FRONT BAGGAGE DOOR POPPED OPEN.                                                               ,DOOR,Q36794,https://www.wikidata.org/wiki/Q36794,TRUE,
144,19780913017419I,ABORTED TAKEOFF WHEN FRONT BAGGAGE DOOR POPPED OPEN.                                                               ,PILOT,Q2095549,https://www.wikidata.org/wiki/Q2095549,TRUE,
144,19780913017419I,ABORTED TAKEOFF WHEN FRONT BAGGAGE DOOR POPPED OPEN.                                                               ,DITCH,Q2048319,https://www.wikidata.org/wiki/Q2048319,TRUE,
144,19780913017419I,ABORTED TAKEOFF WHEN FRONT BAGGAGE DOOR POPPED OPEN.                                                               ,TAXIWAY,Q910386,https://www.wikidata.org/wiki/Q910386,TRUE,
1211,19870606018859A,UNABLE TO STAY AIRBORNE ON TAKEOFF. ABORTED AND GROUND LOOPED INTO A TREE TO AVOID OVERRUN. MAG SWITCH ON ONE MAG. ,TAKEOFF,Q854248,https://www.wikidata.org/wiki/Q854248,TRUE,
1211,19870606018859A,UNABLE TO STAY AIRBORNE ON TAKEOFF. ABORTED AND GROUND LOOPED INTO A TREE TO AVOID OVERRUN. MAG SWITCH ON ONE MAG. ,TREE,Q10884,https://www.wikidata.org/wiki/Q10884,TRUE,
1211,19870606018859A,UNABLE TO STAY AIRBORNE ON TAKEOFF. ABORTED AND GROUND LOOPED INTO A TREE TO AVOID OVERRUN. MAG SWITCH ON ONE MAG. ,MAG SWITCH,Q3773501,https://www.wikidata.org/wiki/Q3773501,TRUE,
1211,19870606018859A,UNABLE TO STAY AIRBORNE ON TAKEOFF. ABORTED AND GROUND LOOPED INTO A TREE TO AVOID OVERRUN. MAG SWITCH ON ONE MAG. , GROUND LOOPED,Q2153620,https://www.wikidata.org/wiki/Q2153620,TRUE,
1211,19870606018859A,UNABLE TO STAY AIRBORNE ON TAKEOFF. ABORTED AND GROUND LOOPED INTO A TREE TO AVOID OVERRUN. MAG SWITCH ON ONE MAG. ,ABORTED,Q537896,https://www.wikidata.org/wiki/Q537896,TRUE,
1211,19870606018859A,UNABLE TO STAY AIRBORNE ON TAKEOFF. ABORTED AND GROUND LOOPED INTO A TREE TO AVOID OVERRUN. MAG SWITCH ON ONE MAG. ,MAG,Q3773501,https://www.wikidata.org/wiki/Q3773501,TRUE,no qid found
2210,19990714022959I,(-23) ACCORDING TO THE PILOT HE DEPARTED FRONT RANGE AIRPORT DURING THE HOURS OF DARKNESS. DURING THE START AND RUN,PILOT,Q2095549,https://www.wikidata.org/wiki/Q2095549,TRUE,
2210,19990714022959I,(-23) ACCORDING TO THE PILOT HE DEPARTED FRONT RANGE AIRPORT DURING THE HOURS OF DARKNESS. DURING THE START AND RUN,FRONT RANGE AIRPORT,Q3275315,https://www.wikidata.org/wiki/Q3275315,TRUE,
2210,19990714022959I,(-23) ACCORDING TO THE PILOT HE DEPARTED FRONT RANGE AIRPORT DURING THE HOURS OF DARKNESS. DURING THE START AND RUN,HOURS OF DARKNESS,,,FALSE,
2210,19990714022959I,(-23) ACCORDING TO THE PILOT HE DEPARTED FRONT RANGE AIRPORT DURING THE HOURS OF DARKNESS. DURING THE START AND RUN,START AND RUN,,,FALSE,no qid for this one
1135,19870319012959I,NOSE GEAR WOULD NOT RETRACT AFTER TAKEOFF. RETURNED AND FOUND PIN WAS INSTALLED.                                   ,TAKEOFF,Q854248,https://www.wikidata.org/wiki/Q854248,TRUE,
1135,19870319012959I,NOSE GEAR WOULD NOT RETRACT AFTER TAKEOFF. RETURNED AND FOUND PIN WAS INSTALLED.                                   ,PIN,Q1412569,https://www.wikidata.org/wiki/Q1412569,TRUE,
1135,19870319012959I,NOSE GEAR WOULD NOT RETRACT AFTER TAKEOFF. RETURNED AND FOUND PIN WAS INSTALLED.                                   ,NOSE GEAR,Q15896346,https://www.wikidata.org/wiki/Q15896346,TRUE,
2592,20050504010229A,"(-23) A SIKORSKY S-70A, N160LA, ENCOUNTERED A VIBRATION AFTER THE APU DOOR STRUCK A MAIN ROTOR BLADE INFLIGHT NEAR ",SIKORSKY,Q549189,https://www.wikidata.org/wiki/Q549189,TRUE,
2592,20050504010229A,"(-23) A SIKORSKY S-70A, N160LA, ENCOUNTERED A VIBRATION AFTER THE APU DOOR STRUCK A MAIN ROTOR BLADE INFLIGHT NEAR ",S-70A,Q122389003,https://www.wikidata.org/wiki/Q122389003,TRUE,
2592,20050504010229A,"(-23) A SIKORSKY S-70A, N160LA, ENCOUNTERED A VIBRATION AFTER THE APU DOOR STRUCK A MAIN ROTOR BLADE INFLIGHT NEAR ",N160LA,,,FALSE,Q838849 
2592,20050504010229A,"(-23) A SIKORSKY S-70A, N160LA, ENCOUNTERED A VIBRATION AFTER THE APU DOOR STRUCK A MAIN ROTOR BLADE INFLIGHT NEAR ",VIBRATION,Q3695508,https://www.wikidata.org/wiki/Q3695508,TRUE,
2592,20050504010229A,"(-23) A SIKORSKY S-70A, N160LA, ENCOUNTERED A VIBRATION AFTER THE APU DOOR STRUCK A MAIN ROTOR BLADE INFLIGHT NEAR ",DOOR,Q36794,https://www.wikidata.org/wiki/Q36794,TRUE,
2592,20050504010229A,"(-23) A SIKORSKY S-70A, N160LA, ENCOUNTERED A VIBRATION AFTER THE APU DOOR STRUCK A MAIN ROTOR BLADE INFLIGHT NEAR ",ROTOR BLADE,Q106992314,https://www.wikidata.org/wiki/Q106992314,TRUE,
2598,20050429009279I,(-23) THE PILOT WAS TAXIING THE AIRCRAFT TO PARKING FOLLOWING A CARGO TRIP. UPON REACHING A POINT WHERE THE TAXIWAY,PILOT,Q2095549,https://www.wikidata.org/wiki/Q2095549,TRUE,
2598,20050429009279I,(-23) THE PILOT WAS TAXIING THE AIRCRAFT TO PARKING FOLLOWING A CARGO TRIP. UPON REACHING A POINT WHERE THE TAXIWAY,AIRCRAFT,Q11436,https://www.wikidata.org/wiki/Q11436,TRUE,
2598,20050429009279I,(-23) THE PILOT WAS TAXIING THE AIRCRAFT TO PARKING FOLLOWING A CARGO TRIP. UPON REACHING A POINT WHERE THE TAXIWAY,CARGO TRIP,,,FALSE,no qid found
2598,20050429009279I,(-23) THE PILOT WAS TAXIING THE AIRCRAFT TO PARKING FOLLOWING A CARGO TRIP. UPON REACHING A POINT WHERE THE TAXIWAY,TAXIWAY,Q910386,https://www.wikidata.org/wiki/Q910386,TRUE,
1393,19890723054159I,AFTER LANDING IT WAS DETERMINED THERE WAS INSUFFICIENT NUMBER OF SEATS AND OXYGEN MASKS FOR PASSENGERS ONBOARD.    ,LANDING,Q844947,https://www.wikidata.org/wiki/Q844947,TRUE,
1393,19890723054159I,AFTER LANDING IT WAS DETERMINED THERE WAS INSUFFICIENT NUMBER OF SEATS AND OXYGEN MASKS FOR PASSENGERS ONBOARD.    ,SEATS,Q2207370,https://www.wikidata.org/wiki/Q2207370,TRUE,
1393,19890723054159I,AFTER LANDING IT WAS DETERMINED THERE WAS INSUFFICIENT NUMBER OF SEATS AND OXYGEN MASKS FOR PASSENGERS ONBOARD.    ,OXYGEN MASKS,Q1890958,https://www.wikidata.org/wiki/Q1890958,TRUE,
1393,19890723054159I,AFTER LANDING IT WAS DETERMINED THERE WAS INSUFFICIENT NUMBER OF SEATS AND OXYGEN MASKS FOR PASSENGERS ONBOARD.    ,PASSENGERS,Q319604,https://www.wikidata.org/wiki/Q319604,TRUE,
2030,19970523014439I,NARRATIVE: THE CARGO DOOR WAS LATCHED BEFORE TAKEOFF BY MR. BOWEN. RUNWAY CONDITIONS AT STEVEN'S VILLAGE WAS EXTREM,DOOR,Q36794,https://www.wikidata.org/wiki/Q36794,TRUE,
2030,19970523014439I,NARRATIVE: THE CARGO DOOR WAS LATCHED BEFORE TAKEOFF BY MR. BOWEN. RUNWAY CONDITIONS AT STEVEN'S VILLAGE WAS EXTREM,TAKEOFF,Q854248,https://www.wikidata.org/wiki/Q854248,TRUE,
2030,19970523014439I,NARRATIVE: THE CARGO DOOR WAS LATCHED BEFORE TAKEOFF BY MR. BOWEN. RUNWAY CONDITIONS AT STEVEN'S VILLAGE WAS EXTREM,MR.BOWEN,Q215627,https://www.wikidata.org/wiki/Q215627,TRUE,
2030,19970523014439I,NARRATIVE: THE CARGO DOOR WAS LATCHED BEFORE TAKEOFF BY MR. BOWEN. RUNWAY CONDITIONS AT STEVEN'S VILLAGE WAS EXTREM,RUNWAY,Q184590,https://www.wikidata.org/wiki/Q184590,TRUE,no qid found
2030,19970523014439I,NARRATIVE: THE CARGO DOOR WAS LATCHED BEFORE TAKEOFF BY MR. BOWEN. RUNWAY CONDITIONS AT STEVEN'S VILLAGE WAS EXTREM,STEVEN'S VILLAGE,Q661370,https://www.wikidata.org/wiki/Q661370,TRUE,
2051,19970908038069A,TIRED TAXI WITH TIEDOWN CHAINS ATTACHE. ROLLED OVER. PILOT FAILED NOTE RAMP PERSON TIED SKIDS DUE HIGH WIND.       ,TIEDOWN CHAINS,,,FALSE,
2051,19970908038069A,TIRED TAXI WITH TIEDOWN CHAINS ATTACHE. ROLLED OVER. PILOT FAILED NOTE RAMP PERSON TIED SKIDS DUE HIGH WIND.       ,PILOT,Q2095549,https://www.wikidata.org/wiki/Q2095549,TRUE,
2051,19970908038069A,TIRED TAXI WITH TIEDOWN CHAINS ATTACHE. ROLLED OVER. PILOT FAILED NOTE RAMP PERSON TIED SKIDS DUE HIGH WIND.       ,RAMP PERSON,,,FALSE,
2051,19970908038069A,TIRED TAXI WITH TIEDOWN CHAINS ATTACHE. ROLLED OVER. PILOT FAILED NOTE RAMP PERSON TIED SKIDS DUE HIGH WIND.       ,SKIDS,,,FALSE,
2051,19970908038069A,TIRED TAXI WITH TIEDOWN CHAINS ATTACHE. ROLLED OVER. PILOT FAILED NOTE RAMP PERSON TIED SKIDS DUE HIGH WIND.       ,WIND,Q8094,https://www.wikidata.org/wiki/Q8094,TRUE,
160,19781108022239I,BAGGAGE CART WAS BLOWN INTO PARKED AIRCRAFT BY JET BLAST. BRAKES WERE INOPERATIVE ON CART.                         ,BAGGAGE CART,Q14277552,https://www.wikidata.org/wiki/Q14277552,TRUE,
160,19781108022239I,BAGGAGE CART WAS BLOWN INTO PARKED AIRCRAFT BY JET BLAST. BRAKES WERE INOPERATIVE ON CART.                         ,AIRCRAFT,Q11436,https://www.wikidata.org/wiki/Q11436,TRUE,
160,19781108022239I,BAGGAGE CART WAS BLOWN INTO PARKED AIRCRAFT BY JET BLAST. BRAKES WERE INOPERATIVE ON CART.                         ,JET BLAST,Q1996324,https://www.wikidata.org/wiki/Q1996324,TRUE,
160,19781108022239I,BAGGAGE CART WAS BLOWN INTO PARKED AIRCRAFT BY JET BLAST. BRAKES WERE INOPERATIVE ON CART.                         ,BRAKES,Q1534839,https://www.wikidata.org/wiki/Q1534839,TRUE,
8,19760606015529A,SUFFICIENT OPPORTUNITY EXISTED TO RELEASE WHEN GLIDER ASSUMED NOSE HIGH ATTITUDE.                                  ,GLIDER,Q2165278,https://www.wikidata.org/wiki/Q2165278,TRUE,
8,19760606015529A,SUFFICIENT OPPORTUNITY EXISTED TO RELEASE WHEN GLIDER ASSUMED NOSE HIGH ATTITUDE.                                  ,ALTITUDE,Q190200,https://www.wikidata.org/wiki/Q190200,TRUE,
2630,20051009024969I,(-23) ^PRIVACY DATA OMITTED^ HELICOPTER ENGINE POWER CHECKS WERE BEING CONDUCTED BY PILOT AND ONE CREWMEMBER. DURIN,HELICOPTER,Q34486,https://www.wikidata.org/wiki/Q34486,TRUE,
2630,20051009024969I,(-23) ^PRIVACY DATA OMITTED^ HELICOPTER ENGINE POWER CHECKS WERE BEING CONDUCTED BY PILOT AND ONE CREWMEMBER. DURIN,ENGINE,Q44167,https://www.wikidata.org/wiki/Q44167,TRUE,
2630,20051009024969I,(-23) ^PRIVACY DATA OMITTED^ HELICOPTER ENGINE POWER CHECKS WERE BEING CONDUCTED BY PILOT AND ONE CREWMEMBER. DURIN,POWER CHECKS,,,FALSE,
2630,20051009024969I,(-23) ^PRIVACY DATA OMITTED^ HELICOPTER ENGINE POWER CHECKS WERE BEING CONDUCTED BY PILOT AND ONE CREWMEMBER. DURIN,PILOT,Q2095549,https://www.wikidata.org/wiki/Q2095549,TRUE,
2630,20051009024969I,(-23) ^PRIVACY DATA OMITTED^ HELICOPTER ENGINE POWER CHECKS WERE BEING CONDUCTED BY PILOT AND ONE CREWMEMBER. DURIN,CREWMEMBER,Q5184855,https://www.wikidata.org/wiki/Q5184855,TRUE,
1693,19930530020029I,PILOT LOST CONTROL OF AIRCRAFT ON TAKEOFF ROLL. PILOTS SEAT WAS NOT LOCKED IN POSITION AND SLID AFT ON ACCELARATION,PILOT,Q2095549,https://www.wikidata.org/wiki/Q2095549,TRUE,
1693,19930530020029I,PILOT LOST CONTROL OF AIRCRAFT ON TAKEOFF ROLL. PILOTS SEAT WAS NOT LOCKED IN POSITION AND SLID AFT ON ACCELARATION,LOST CONTROL,Q29017603,https://www.wikidata.org/wiki/Q29017603,TRUE,
1693,19930530020029I,PILOT LOST CONTROL OF AIRCRAFT ON TAKEOFF ROLL. PILOTS SEAT WAS NOT LOCKED IN POSITION AND SLID AFT ON ACCELARATION,AIRCRAFT,Q11436,https://www.wikidata.org/wiki/Q11436,TRUE,
1693,19930530020029I,PILOT LOST CONTROL OF AIRCRAFT ON TAKEOFF ROLL. PILOTS SEAT WAS NOT LOCKED IN POSITION AND SLID AFT ON ACCELARATION,TAKEOFF ROLL,Q21026829,https://www.wikidata.org/wiki/Q21026829,TRUE,
1693,19930530020029I,PILOT LOST CONTROL OF AIRCRAFT ON TAKEOFF ROLL. PILOTS SEAT WAS NOT LOCKED IN POSITION AND SLID AFT ON ACCELARATION,PILOTS,Q2095549,https://www.wikidata.org/wiki/Q2095549,TRUE,
1693,19930530020029I,PILOT LOST CONTROL OF AIRCRAFT ON TAKEOFF ROLL. PILOTS SEAT WAS NOT LOCKED IN POSITION AND SLID AFT ON ACCELARATION,SEAT,Q2207370,https://www.wikidata.org/wiki/Q2207370,TRUE,
1693,19930530020029I,PILOT LOST CONTROL OF AIRCRAFT ON TAKEOFF ROLL. PILOTS SEAT WAS NOT LOCKED IN POSITION AND SLID AFT ON ACCELARATION,POSITION,Q17334923,https://www.wikidata.org/wiki/Q17334923,TRUE,
1693,19930530020029I,PILOT LOST CONTROL OF AIRCRAFT ON TAKEOFF ROLL. PILOTS SEAT WAS NOT LOCKED IN POSITION AND SLID AFT ON ACCELARATION,ACCELERATION,Q11376,https://www.wikidata.org/wiki/Q11376,TRUE,
495,19801230089799I,"FLAT NOSE STRUT FAILED TO EXTEND BEFORE RETRACTION. IT CAUGHT ON AIRPLANE STRUCTURE, BROKE THE BELLCRANK. COLLAPSED",NOSE,Q1434090,https://www.wikidata.org/wiki/Q1434090,TRUE,
495,19801230089799I,"FLAT NOSE STRUT FAILED TO EXTEND BEFORE RETRACTION. IT CAUGHT ON AIRPLANE STRUCTURE, BROKE THE BELLCRANK. COLLAPSED",STRUT,Q2039332,https://www.wikidata.org/wiki/Q2039332,TRUE,no qid found
495,19801230089799I,"FLAT NOSE STRUT FAILED TO EXTEND BEFORE RETRACTION. IT CAUGHT ON AIRPLANE STRUCTURE, BROKE THE BELLCRANK. COLLAPSED",AIRPLANE,Q197,https://www.wikidata.org/wiki/Q197,TRUE,
495,19801230089799I,"FLAT NOSE STRUT FAILED TO EXTEND BEFORE RETRACTION. IT CAUGHT ON AIRPLANE STRUCTURE, BROKE THE BELLCRANK. COLLAPSED",COLLAPSED,Q46377379,https://www.wikidata.org/wiki/Q46377379,TRUE,
495,19801230089799I,"FLAT NOSE STRUT FAILED TO EXTEND BEFORE RETRACTION. IT CAUGHT ON AIRPLANE STRUCTURE, BROKE THE BELLCRANK. COLLAPSED",BELLCRANK,Q4883578,https://www.wikidata.org/wiki/Q4883578,TRUE,
2299,19980508008619A,LOST POWER ENROUTE. NOSED OVER LANDING ON A SLOPE. NO EVIDENCE OF FUEL AT SCENE. FAILED TO VISUALLY CHECK FUEL.. (.,POWER,Q25342,https://www.wikidata.org/wiki/Q25342,TRUE,
2299,19980508008619A,LOST POWER ENROUTE. NOSED OVER LANDING ON A SLOPE. NO EVIDENCE OF FUEL AT SCENE. FAILED TO VISUALLY CHECK FUEL.. (.,LANDING,Q844947,https://www.wikidata.org/wiki/Q844947,TRUE,
2299,19980508008619A,LOST POWER ENROUTE. NOSED OVER LANDING ON A SLOPE. NO EVIDENCE OF FUEL AT SCENE. FAILED TO VISUALLY CHECK FUEL.. (.,SLOPE,Q944588,https://www.wikidata.org/wiki/Q944588,TRUE,*
2299,19980508008619A,LOST POWER ENROUTE. NOSED OVER LANDING ON A SLOPE. NO EVIDENCE OF FUEL AT SCENE. FAILED TO VISUALLY CHECK FUEL.. (.,EVIDENCE,Q1347572,https://www.wikidata.org/wiki/Q1347572,TRUE,
2299,19980508008619A,LOST POWER ENROUTE. NOSED OVER LANDING ON A SLOPE. NO EVIDENCE OF FUEL AT SCENE. FAILED TO VISUALLY CHECK FUEL.. (.,FUEL,Q1875633,https://www.wikidata.org/wiki/Q1875633,TRUE,
2299,19980508008619A,LOST POWER ENROUTE. NOSED OVER LANDING ON A SLOPE. NO EVIDENCE OF FUEL AT SCENE. FAILED TO VISUALLY CHECK FUEL.. (.,ENGINE,Q44167,https://www.wikidata.org/wiki/Q44167,TRUE,
2299,19980508008619A,LOST POWER ENROUTE. NOSED OVER LANDING ON A SLOPE. NO EVIDENCE OF FUEL AT SCENE. FAILED TO VISUALLY CHECK FUEL.. (.,NOSED OVER,Q16661458,https://www.wikidata.org/wiki/Q16661458,TRUE,
1772,19940818022409A,LOST LEFT ENGINE NEAR H71. FEATHERED. HIGH . BEGAN GO AROUND BELOW VMC. CRASHED. BAD OIL LEAK. CRACKED ENGINE CASE.,ENGINE,Q44167,https://www.wikidata.org/wiki/Q44167,TRUE,no qid for left engine so this is the qid for engine
1772,19940818022409A,LOST LEFT ENGINE NEAR H71. FEATHERED. HIGH . BEGAN GO AROUND BELOW VMC. CRASHED. BAD OIL LEAK. CRACKED ENGINE CASE.,H71,Q3565902,https://www.wikidata.org/wiki/Q3565902,TRUE,airport code
1772,19940818022409A,LOST LEFT ENGINE NEAR H71. FEATHERED. HIGH . BEGAN GO AROUND BELOW VMC. CRASHED. BAD OIL LEAK. CRACKED ENGINE CASE.,GO AROUND,Q1267249,https://www.wikidata.org/wiki/Q1267249,TRUE,specific aviation terms related to flight operations and safety.
1772,19940818022409A,LOST LEFT ENGINE NEAR H71. FEATHERED. HIGH . BEGAN GO AROUND BELOW VMC. CRASHED. BAD OIL LEAK. CRACKED ENGINE CASE.,VMC,Q1148674,https://www.wikidata.org/wiki/Q1148674,TRUE,specific aviation terms related to flight operations and safety.
1772,19940818022409A,LOST LEFT ENGINE NEAR H71. FEATHERED. HIGH . BEGAN GO AROUND BELOW VMC. CRASHED. BAD OIL LEAK. CRACKED ENGINE CASE.,OIL LEAK,,,FALSE,no qid found
1772,19940818022409A,LOST LEFT ENGINE NEAR H71. FEATHERED. HIGH . BEGAN GO AROUND BELOW VMC. CRASHED. BAD OIL LEAK. CRACKED ENGINE CASE.,ENGINE CASE,,,FALSE,no qid found
1772,19940818022409A,LOST LEFT ENGINE NEAR H71. FEATHERED. HIGH . BEGAN GO AROUND BELOW VMC. CRASHED. BAD OIL LEAK. CRACKED ENGINE CASE.,CRASHED,Q3002150,https://www.wikidata.org/wiki/Q3002150,TRUE,
1612,19920405008919A,"ATTEMPTED TAKEOFF FROM 2500 FT SOD STRIP.GUSTY NORTH WIND,HIT TREES OFF END OF STRIP CRASHED.                      ",TAKEOFF,Q854248,https://www.wikidata.org/wiki/Q854248,TRUE,
1612,19920405008919A,"ATTEMPTED TAKEOFF FROM 2500 FT SOD STRIP.GUSTY NORTH WIND,HIT TREES OFF END OF STRIP CRASHED.                      ",STRIP,Q184590,https://www.wikidata.org/wiki/Q184590,TRUE,
1612,19920405008919A,"ATTEMPTED TAKEOFF FROM 2500 FT SOD STRIP.GUSTY NORTH WIND,HIT TREES OFF END OF STRIP CRASHED.                      ",NORTH WIND,Q21332443,https://www.wikidata.org/wiki/Q21332443,TRUE,
1612,19920405008919A,"ATTEMPTED TAKEOFF FROM 2500 FT SOD STRIP.GUSTY NORTH WIND,HIT TREES OFF END OF STRIP CRASHED.                      ",TREES,Q10884,https://www.wikidata.org/wiki/Q10884,TRUE,
795,19840821046409A,CRASH OCCURRED DURING FORCED LANDING AFTER ENGINE FAILURE DURING TAKEOFF. AIRCRAFT HAD NOT HAD ANNUAL INSPECTION.  ,CRASH,Q3002150,https://www.wikidata.org/wiki/Q3002150,TRUE,
795,19840821046409A,CRASH OCCURRED DURING FORCED LANDING AFTER ENGINE FAILURE DURING TAKEOFF. AIRCRAFT HAD NOT HAD ANNUAL INSPECTION.  ,LANDING,Q844947,https://www.wikidata.org/wiki/Q844947,TRUE,
795,19840821046409A,CRASH OCCURRED DURING FORCED LANDING AFTER ENGINE FAILURE DURING TAKEOFF. AIRCRAFT HAD NOT HAD ANNUAL INSPECTION.  ,ENGINE FAILURE,Q46375738,https://www.wikidata.org/wiki/Q46375738,TRUE,
795,19840821046409A,CRASH OCCURRED DURING FORCED LANDING AFTER ENGINE FAILURE DURING TAKEOFF. AIRCRAFT HAD NOT HAD ANNUAL INSPECTION.  ,TAKEOFF,Q854248,https://www.wikidata.org/wiki/Q854248,TRUE,
795,19840821046409A,CRASH OCCURRED DURING FORCED LANDING AFTER ENGINE FAILURE DURING TAKEOFF. AIRCRAFT HAD NOT HAD ANNUAL INSPECTION.  ,AIRCRAFT,Q11436,https://www.wikidata.org/wiki/Q11436,TRUE,
795,19840821046409A,CRASH OCCURRED DURING FORCED LANDING AFTER ENGINE FAILURE DURING TAKEOFF. AIRCRAFT HAD NOT HAD ANNUAL INSPECTION.  ,INSPECTION,Q1137655,https://www.wikidata.org/wiki/Q1137655,TRUE,
1887,19950216008379I,"NARRATIVE: THE PILOT OF CESSNA 207, N1549U STATED THAT AFTER TAKEOFF FROM THE BETHEL AIRPORT, THE ENGINE STOPPED RU",PILOT,Q2095549,https://www.wikidata.org/wiki/Q2095549,TRUE,
1887,19950216008379I,"NARRATIVE: THE PILOT OF CESSNA 207, N1549U STATED THAT AFTER TAKEOFF FROM THE BETHEL AIRPORT, THE ENGINE STOPPED RU",CESSNA 207,Q10447208,https://www.wikidata.org/wiki/Q10447208,TRUE,
1887,19950216008379I,"NARRATIVE: THE PILOT OF CESSNA 207, N1549U STATED THAT AFTER TAKEOFF FROM THE BETHEL AIRPORT, THE ENGINE STOPPED RU",N1549U,,,FALSE,Q838849
1887,19950216008379I,"NARRATIVE: THE PILOT OF CESSNA 207, N1549U STATED THAT AFTER TAKEOFF FROM THE BETHEL AIRPORT, THE ENGINE STOPPED RU",TAKEOFF,Q854248,https://www.wikidata.org/wiki/Q854248,TRUE,
1887,19950216008379I,"NARRATIVE: THE PILOT OF CESSNA 207, N1549U STATED THAT AFTER TAKEOFF FROM THE BETHEL AIRPORT, THE ENGINE STOPPED RU",BETHEL AIRPORT,Q619997,https://www.wikidata.org/wiki/Q619997,TRUE,
1887,19950216008379I,"NARRATIVE: THE PILOT OF CESSNA 207, N1549U STATED THAT AFTER TAKEOFF FROM THE BETHEL AIRPORT, THE ENGINE STOPPED RU",ENGINE,Q44167,https://www.wikidata.org/wiki/Q44167,TRUE,
896,19850525020799A,TOUCHED DOWN LONG AND BOUNCED. ATTEMPTED DOWNWIND GO AROUND WITH FULL FLAPS. STRUCK TREE 3 MILES FROM AIRPORT.     ,FLAPS,Q18407944,https://www.wikidata.org/wiki/Q18407944,TRUE,
896,19850525020799A,TOUCHED DOWN LONG AND BOUNCED. ATTEMPTED DOWNWIND GO AROUND WITH FULL FLAPS. STRUCK TREE 3 MILES FROM AIRPORT.     ,TREE,Q10884,https://www.wikidata.org/wiki/Q10884,TRUE,
896,19850525020799A,TOUCHED DOWN LONG AND BOUNCED. ATTEMPTED DOWNWIND GO AROUND WITH FULL FLAPS. STRUCK TREE 3 MILES FROM AIRPORT.     ,3 MILES,,,FALSE,
896,19850525020799A,TOUCHED DOWN LONG AND BOUNCED. ATTEMPTED DOWNWIND GO AROUND WITH FULL FLAPS. STRUCK TREE 3 MILES FROM AIRPORT.     ,AIRPORT,Q1248784,https://www.wikidata.org/wiki/Q1248784,TRUE,
1117,19861114075329I,ENTERED TCA WITHOUT ATC COMMUNICATION. PILOT WAS AWARE OF MALFUNCTIONING ENCODING ALTIMETER.                       ,TCA,Q333116,https://www.wikidata.org/wiki/Q333116,TRUE,
1117,19861114075329I,ENTERED TCA WITHOUT ATC COMMUNICATION. PILOT WAS AWARE OF MALFUNCTIONING ENCODING ALTIMETER.                       ,ATC COMMUNICATION,Q221395,https://www.wikidata.org/wiki/Q221395,TRUE,
1117,19861114075329I,ENTERED TCA WITHOUT ATC COMMUNICATION. PILOT WAS AWARE OF MALFUNCTIONING ENCODING ALTIMETER.                       ,PILOT,Q2095549,https://www.wikidata.org/wiki/Q2095549,TRUE,
1117,19861114075329I,ENTERED TCA WITHOUT ATC COMMUNICATION. PILOT WAS AWARE OF MALFUNCTIONING ENCODING ALTIMETER.                       ,ALTIMETER,Q216197,https://www.wikidata.org/wiki/Q216197,TRUE,
2406,20010421009329I,"(-23)AIRCRAFT WAS IN CRUISE FLIGHT, THERE WAS A RPM LOSS AND PILOT COULD NOT MAINTAIN ALTITUDE. PILOT MADE AN EMERG",AIRCRAFT,Q11436,https://www.wikidata.org/wiki/Q11436,TRUE,
2406,20010421009329I,"(-23)AIRCRAFT WAS IN CRUISE FLIGHT, THERE WAS A RPM LOSS AND PILOT COULD NOT MAINTAIN ALTITUDE. PILOT MADE AN EMERG",CRUISE FLIGHT,Q2063640,https://www.wikidata.org/wiki/Q2063640,TRUE,
2406,20010421009329I,"(-23)AIRCRAFT WAS IN CRUISE FLIGHT, THERE WAS A RPM LOSS AND PILOT COULD NOT MAINTAIN ALTITUDE. PILOT MADE AN EMERG",RPM,Q206037,https://www.wikidata.org/wiki/Q206037,TRUE,
2406,20010421009329I,"(-23)AIRCRAFT WAS IN CRUISE FLIGHT, THERE WAS A RPM LOSS AND PILOT COULD NOT MAINTAIN ALTITUDE. PILOT MADE AN EMERG",PILOT,Q2095549,https://www.wikidata.org/wiki/Q2095549,TRUE,
2406,20010421009329I,"(-23)AIRCRAFT WAS IN CRUISE FLIGHT, THERE WAS A RPM LOSS AND PILOT COULD NOT MAINTAIN ALTITUDE. PILOT MADE AN EMERG",ALTITUDE,Q190200,https://www.wikidata.org/wiki/Q190200,TRUE,
1970,19960524045629A,NOSE BAGGAGE DOOR OPENED ON TAKEOFF. BAGGAGE HIT LEFT PROP. GOT BELWO UMC. LANDED ON SEA ICE. WILL FLY DOOR OPEN.  ,NOSE BAGGAGE DOOR,Q36794,https://www.wikidata.org/wiki/Q36794,TRUE,
1970,19960524045629A,NOSE BAGGAGE DOOR OPENED ON TAKEOFF. BAGGAGE HIT LEFT PROP. GOT BELWO UMC. LANDED ON SEA ICE. WILL FLY DOOR OPEN.  ,TAKEOFF,Q854248,https://www.wikidata.org/wiki/Q854248,TRUE,
1970,19960524045629A,NOSE BAGGAGE DOOR OPENED ON TAKEOFF. BAGGAGE HIT LEFT PROP. GOT BELWO UMC. LANDED ON SEA ICE. WILL FLY DOOR OPEN.  ,BAGGAGE,Q865054,https://www.wikidata.org/wiki/Q865054,TRUE,
1970,19960524045629A,NOSE BAGGAGE DOOR OPENED ON TAKEOFF. BAGGAGE HIT LEFT PROP. GOT BELWO UMC. LANDED ON SEA ICE. WILL FLY DOOR OPEN.  ,PROP,Q922654,https://www.wikidata.org/wiki/Q922654,TRUE,no qid found
1970,19960524045629A,NOSE BAGGAGE DOOR OPENED ON TAKEOFF. BAGGAGE HIT LEFT PROP. GOT BELWO UMC. LANDED ON SEA ICE. WILL FLY DOOR OPEN.  ,SEA ICE,Q213926,https://www.wikidata.org/wiki/Q213926,TRUE,
1970,19960524045629A,NOSE BAGGAGE DOOR OPENED ON TAKEOFF. BAGGAGE HIT LEFT PROP. GOT BELWO UMC. LANDED ON SEA ICE. WILL FLY DOOR OPEN.  ,DOOR,Q36794,https://www.wikidata.org/wiki/Q36794,TRUE,
1297,19871211075169A,ROUGH ENGINE ON CLIMBOUT. LANDED ON CITY STREET. SPARK PLUGS OUT OF TOLERENCE. FOUND PRIMER UNLOCKED.              ,ENGINE,Q44167,https://www.wikidata.org/wiki/Q44167,TRUE,
1297,19871211075169A,ROUGH ENGINE ON CLIMBOUT. LANDED ON CITY STREET. SPARK PLUGS OUT OF TOLERENCE. FOUND PRIMER UNLOCKED.              ,CLIMBOUT,Q1499786,https://www.wikidata.org/wiki/Q1499786,TRUE,
1297,19871211075169A,ROUGH ENGINE ON CLIMBOUT. LANDED ON CITY STREET. SPARK PLUGS OUT OF TOLERENCE. FOUND PRIMER UNLOCKED.              ,STREET,Q79007,https://www.wikidata.org/wiki/Q79007,TRUE,
1297,19871211075169A,ROUGH ENGINE ON CLIMBOUT. LANDED ON CITY STREET. SPARK PLUGS OUT OF TOLERENCE. FOUND PRIMER UNLOCKED.              ,SPARK PLUGS,Q193340,https://www.wikidata.org/wiki/Q193340,TRUE,
1297,19871211075169A,ROUGH ENGINE ON CLIMBOUT. LANDED ON CITY STREET. SPARK PLUGS OUT OF TOLERENCE. FOUND PRIMER UNLOCKED.              ,TOLERENCE,Q950292,https://www.wikidata.org/wiki/Q950292,TRUE,no qid found
1297,19871211075169A,ROUGH ENGINE ON CLIMBOUT. LANDED ON CITY STREET. SPARK PLUGS OUT OF TOLERENCE. FOUND PRIMER UNLOCKED.              ,PRIMER,Q24963549,https://www.wikidata.org/wiki/Q24963549,TRUE,no qid found
2429,20010910029739I,"(-23) DURING TAXI OUT, CFI NOTICED NOSE LANDING GEAR GREEN LIGHT WAS OUT. SHE ATTEMPTED TO SWAP LIGHTS TO VERIFY TH",TAXI OUT,Q1421250,https://www.wikidata.org/wiki/Q1421250,TRUE,no qid found
2429,20010910029739I,"(-23) DURING TAXI OUT, CFI NOTICED NOSE LANDING GEAR GREEN LIGHT WAS OUT. SHE ATTEMPTED TO SWAP LIGHTS TO VERIFY TH",CFI,,,FALSE,flight instructor (Q379318)
2429,20010910029739I,"(-23) DURING TAXI OUT, CFI NOTICED NOSE LANDING GEAR GREEN LIGHT WAS OUT. SHE ATTEMPTED TO SWAP LIGHTS TO VERIFY TH",LANDING GEAR,Q263421,https://www.wikidata.org/wiki/Q263421,TRUE,
2429,20010910029739I,"(-23) DURING TAXI OUT, CFI NOTICED NOSE LANDING GEAR GREEN LIGHT WAS OUT. SHE ATTEMPTED TO SWAP LIGHTS TO VERIFY TH",LIGHT,Q9128,https://www.wikidata.org/wiki/Q9128,TRUE,
2429,20010910029739I,"(-23) DURING TAXI OUT, CFI NOTICED NOSE LANDING GEAR GREEN LIGHT WAS OUT. SHE ATTEMPTED TO SWAP LIGHTS TO VERIFY TH",LIGHTS,Q1146001,https://www.wikidata.org/wiki/Q1146001,TRUE,
1240,19871027060859A,"ELECTRIC POWER LOST ON IFR DUAL FLIGHT. STRUCK POWER POLE ON FORCED LANDING, FOUND CIRCUIT BREAKER OFF. PILOT ERROR",POWER,Q25342,https://www.wikidata.org/wiki/Q25342,TRUE,
1240,19871027060859A,"ELECTRIC POWER LOST ON IFR DUAL FLIGHT. STRUCK POWER POLE ON FORCED LANDING, FOUND CIRCUIT BREAKER OFF. PILOT ERROR",IFR,Q847919,https://www.wikidata.org/wiki/Q847919,TRUE,
1240,19871027060859A,"ELECTRIC POWER LOST ON IFR DUAL FLIGHT. STRUCK POWER POLE ON FORCED LANDING, FOUND CIRCUIT BREAKER OFF. PILOT ERROR",IRF DUAL FLIGHT,Q15138330,https://www.wikidata.org/wiki/Q15138330,TRUE,
1240,19871027060859A,"ELECTRIC POWER LOST ON IFR DUAL FLIGHT. STRUCK POWER POLE ON FORCED LANDING, FOUND CIRCUIT BREAKER OFF. PILOT ERROR",POWER POLE,Q1144084,https://www.wikidata.org/wiki/Q1144084,TRUE,
1240,19871027060859A,"ELECTRIC POWER LOST ON IFR DUAL FLIGHT. STRUCK POWER POLE ON FORCED LANDING, FOUND CIRCUIT BREAKER OFF. PILOT ERROR",LANDING,Q844947,https://www.wikidata.org/wiki/Q844947,TRUE,
1240,19871027060859A,"ELECTRIC POWER LOST ON IFR DUAL FLIGHT. STRUCK POWER POLE ON FORCED LANDING, FOUND CIRCUIT BREAKER OFF. PILOT ERROR",CIRCUIT BREAKER,Q211058,https://www.wikidata.org/wiki/Q211058,TRUE,
1240,19871027060859A,"ELECTRIC POWER LOST ON IFR DUAL FLIGHT. STRUCK POWER POLE ON FORCED LANDING, FOUND CIRCUIT BREAKER OFF. PILOT ERROR",PILOT ERROR,Q3057459,https://www.wikidata.org/wiki/Q3057459,TRUE,
2160,19980616023109I,LOUD BANG AND SHUDDER ENROUTE. SAW SPARKS AT ROTOR. RETURNED. ENGINE COWLING SEPERATED. COWL NOT FASTENED.         ,BANG,Q179057,https://www.wikidata.org/wiki/Q179057,TRUE,
2160,19980616023109I,LOUD BANG AND SHUDDER ENROUTE. SAW SPARKS AT ROTOR. RETURNED. ENGINE COWLING SEPERATED. COWL NOT FASTENED.         ,SHUDDER,,,FALSE,no qid found
2160,19980616023109I,LOUD BANG AND SHUDDER ENROUTE. SAW SPARKS AT ROTOR. RETURNED. ENGINE COWLING SEPERATED. COWL NOT FASTENED.         ,SPARKS,Q911679,https://www.wikidata.org/wiki/Q911679,TRUE,
2160,19980616023109I,LOUD BANG AND SHUDDER ENROUTE. SAW SPARKS AT ROTOR. RETURNED. ENGINE COWLING SEPERATED. COWL NOT FASTENED.         ,ROTOR,Q193466,https://www.wikidata.org/wiki/Q193466,TRUE,
2160,19980616023109I,LOUD BANG AND SHUDDER ENROUTE. SAW SPARKS AT ROTOR. RETURNED. ENGINE COWLING SEPERATED. COWL NOT FASTENED.         ,COWLING,Q1138219,https://www.wikidata.org/wiki/Q1138219,TRUE,
2160,19980616023109I,LOUD BANG AND SHUDDER ENROUTE. SAW SPARKS AT ROTOR. RETURNED. ENGINE COWLING SEPERATED. COWL NOT FASTENED.         ,COWL,Q5179731,https://www.wikidata.org/wiki/Q5179731,TRUE,
1534,19910710026989A,REPORTED PROBLEM ON CLIMBOUT. STALLED AND CRASHED. NO LOCKING PINS IN SEAT TRACK. SEAT PIN BENT. BELT NOT FASTENED ,PROBLEM,Q621184,https://www.wikidata.org/wiki/Q621184,TRUE,
1534,19910710026989A,REPORTED PROBLEM ON CLIMBOUT. STALLED AND CRASHED. NO LOCKING PINS IN SEAT TRACK. SEAT PIN BENT. BELT NOT FASTENED ,CLIMBOUT,Q1499786,https://www.wikidata.org/wiki/Q1499786,TRUE,
1534,19910710026989A,REPORTED PROBLEM ON CLIMBOUT. STALLED AND CRASHED. NO LOCKING PINS IN SEAT TRACK. SEAT PIN BENT. BELT NOT FASTENED ,PINS,Q1412569,https://www.wikidata.org/wiki/Q1412569,TRUE,no qid found for locking pins
1534,19910710026989A,REPORTED PROBLEM ON CLIMBOUT. STALLED AND CRASHED. NO LOCKING PINS IN SEAT TRACK. SEAT PIN BENT. BELT NOT FASTENED ,SEAT TRACK,Q107449073,https://www.wikidata.org/wiki/Q107449073,TRUE,no qid found
1534,19910710026989A,REPORTED PROBLEM ON CLIMBOUT. STALLED AND CRASHED. NO LOCKING PINS IN SEAT TRACK. SEAT PIN BENT. BELT NOT FASTENED ,BELT,Q200403,https://www.wikidata.org/wiki/Q200403,TRUE,
1534,19910710026989A,REPORTED PROBLEM ON CLIMBOUT. STALLED AND CRASHED. NO LOCKING PINS IN SEAT TRACK. SEAT PIN BENT. BELT NOT FASTENED ,STALLED,Q752034,https://www.wikidata.org/wiki/Q752034,TRUE,
1534,19910710026989A,REPORTED PROBLEM ON CLIMBOUT. STALLED AND CRASHED. NO LOCKING PINS IN SEAT TRACK. SEAT PIN BENT. BELT NOT FASTENED ,CRASH,Q3002150,https://www.wikidata.org/wiki/Q3002150,TRUE,
111,19780509032859I,FORCED LANDING AFTER POWER LOSS. FOUND WATER IN FUEL.                                                              ,LANDING,Q844947,https://www.wikidata.org/wiki/Q844947,TRUE,
111,19780509032859I,FORCED LANDING AFTER POWER LOSS. FOUND WATER IN FUEL.                                                              ,POWER LOSS,,,FALSE,no qid found
111,19780509032859I,FORCED LANDING AFTER POWER LOSS. FOUND WATER IN FUEL.                                                              ,WATER,Q283,https://www.wikidata.org/wiki/Q283,TRUE,
111,19780509032859I,FORCED LANDING AFTER POWER LOSS. FOUND WATER IN FUEL.                                                              ,FUEL,Q1875633,https://www.wikidata.org/wiki/Q1875633,TRUE,
384,19800506012169A,LOST CONTROL OF AIRPLANE ON TAKEOFF ROLL. FAILED TO REMOVE AILERON-ELEVATOR LOCK PIN.                              ,AIRPLANE,Q197,https://www.wikidata.org/wiki/Q197,TRUE,
384,19800506012169A,LOST CONTROL OF AIRPLANE ON TAKEOFF ROLL. FAILED TO REMOVE AILERON-ELEVATOR LOCK PIN.                              ,TAKEOFF ROLL,Q21026829,https://www.wikidata.org/wiki/Q21026829,TRUE,
384,19800506012169A,LOST CONTROL OF AIRPLANE ON TAKEOFF ROLL. FAILED TO REMOVE AILERON-ELEVATOR LOCK PIN.                              ,AILERON-ELEVATOR,,,FALSE,no qid found
384,19800506012169A,LOST CONTROL OF AIRPLANE ON TAKEOFF ROLL. FAILED TO REMOVE AILERON-ELEVATOR LOCK PIN.                              ,PIN,,,FALSE,
334,19791128035159A,"PILOT LANDED TO WAIT OUT RAIN SHOWER. ON CLIMBOUT, ENGINE RAN ROUGH. PILOT LANDED IN FIELD. CLAIMS WATER IN FUEL.  ",PILOT,Q2095549,https://www.wikidata.org/wiki/Q2095549,TRUE,
334,19791128035159A,"PILOT LANDED TO WAIT OUT RAIN SHOWER. ON CLIMBOUT, ENGINE RAN ROUGH. PILOT LANDED IN FIELD. CLAIMS WATER IN FUEL.  ",RAIN SHOWER,Q1292121,https://www.wikidata.org/wiki/Q1292121,TRUE,
334,19791128035159A,"PILOT LANDED TO WAIT OUT RAIN SHOWER. ON CLIMBOUT, ENGINE RAN ROUGH. PILOT LANDED IN FIELD. CLAIMS WATER IN FUEL.  ",CLIMBOUT,Q1499786,https://www.wikidata.org/wiki/Q1499786,TRUE,
334,19791128035159A,"PILOT LANDED TO WAIT OUT RAIN SHOWER. ON CLIMBOUT, ENGINE RAN ROUGH. PILOT LANDED IN FIELD. CLAIMS WATER IN FUEL.  ",ENGINE,Q44167,https://www.wikidata.org/wiki/Q44167,TRUE,
334,19791128035159A,"PILOT LANDED TO WAIT OUT RAIN SHOWER. ON CLIMBOUT, ENGINE RAN ROUGH. PILOT LANDED IN FIELD. CLAIMS WATER IN FUEL.  ",FIELD,Q188869,https://www.wikidata.org/wiki/Q188869,TRUE,
334,19791128035159A,"PILOT LANDED TO WAIT OUT RAIN SHOWER. ON CLIMBOUT, ENGINE RAN ROUGH. PILOT LANDED IN FIELD. CLAIMS WATER IN FUEL.  ",WATER,Q283,https://www.wikidata.org/wiki/Q283,TRUE,
334,19791128035159A,"PILOT LANDED TO WAIT OUT RAIN SHOWER. ON CLIMBOUT, ENGINE RAN ROUGH. PILOT LANDED IN FIELD. CLAIMS WATER IN FUEL.  ",FUEL,Q1875633,https://www.wikidata.org/wiki/Q1875633,TRUE,
2650,20060621012279A,"(-23) THE PILOT ^PRIVACY DA^ STATED THAT DURING TAKEOFF (AT ROTATION) HIS SEAT SLID BACK, CAUSING HIM TO OVERROTATE",PILOT,Q2095549,https://www.wikidata.org/wiki/Q2095549,TRUE,
2650,20060621012279A,"(-23) THE PILOT ^PRIVACY DA^ STATED THAT DURING TAKEOFF (AT ROTATION) HIS SEAT SLID BACK, CAUSING HIM TO OVERROTATE",TAKEOFF,Q854248,https://www.wikidata.org/wiki/Q854248,TRUE,
2650,20060621012279A,"(-23) THE PILOT ^PRIVACY DA^ STATED THAT DURING TAKEOFF (AT ROTATION) HIS SEAT SLID BACK, CAUSING HIM TO OVERROTATE",SEAT,Q2207370,https://www.wikidata.org/wiki/Q2207370,TRUE,
1846,19950314029269I,"NARRATIVE: ON MARCH 14, 1995, N7016M, AN AMATEUR BUILT AIRCRAFT, MADE AN EMERGENCY OFF AIRPORT LANDING NEAR THE BLO","MARCH 14, 1995",Q69300510,https://www.wikidata.org/wiki/Q69300510,TRUE,
1846,19950314029269I,"NARRATIVE: ON MARCH 14, 1995, N7016M, AN AMATEUR BUILT AIRCRAFT, MADE AN EMERGENCY OFF AIRPORT LANDING NEAR THE BLO",N7016M,,,FALSE,Q838849
1846,19950314029269I,"NARRATIVE: ON MARCH 14, 1995, N7016M, AN AMATEUR BUILT AIRCRAFT, MADE AN EMERGENCY OFF AIRPORT LANDING NEAR THE BLO",AIRCRAFT,Q11436,https://www.wikidata.org/wiki/Q11436,TRUE,
1846,19950314029269I,"NARRATIVE: ON MARCH 14, 1995, N7016M, AN AMATEUR BUILT AIRCRAFT, MADE AN EMERGENCY OFF AIRPORT LANDING NEAR THE BLO",EMERGENCY OFF AIRPORT LANDING,Q1074121,https://www.wikidata.org/wiki/Q1074121,TRUE,
410,19800804037399A,EARLY FUEL EXHAUSTION FROM FUEL SIPHONING FROM IMPROPERLY SECURED VENT CAP. OVERSHOT EMERGENCY LANDING AREA.       ,FUEL EXHAUSTION,Q5507172,https://www.wikidata.org/wiki/Q5507172,TRUE,
410,19800804037399A,EARLY FUEL EXHAUSTION FROM FUEL SIPHONING FROM IMPROPERLY SECURED VENT CAP. OVERSHOT EMERGENCY LANDING AREA.       ,SIPHONING,Q1550470,https://www.wikidata.org/wiki/Q1550470,TRUE,
410,19800804037399A,EARLY FUEL EXHAUSTION FROM FUEL SIPHONING FROM IMPROPERLY SECURED VENT CAP. OVERSHOT EMERGENCY LANDING AREA.       ,VENT CAP,,,FALSE,
410,19800804037399A,EARLY FUEL EXHAUSTION FROM FUEL SIPHONING FROM IMPROPERLY SECURED VENT CAP. OVERSHOT EMERGENCY LANDING AREA.       ,EMERGENCY LANDING AREA,Q17592629,https://www.wikidata.org/wiki/Q17592629,TRUE,
74,19780402008409I,TAXIING AIRCRAFT STRUCK PARKED AIRCRAFT. FOUND WORN OUT & INEFFECTIVE BRAKES AS CAUSE.                             ,AIRCRAFT,Q11436,https://www.wikidata.org/wiki/Q11436,TRUE,
74,19780402008409I,TAXIING AIRCRAFT STRUCK PARKED AIRCRAFT. FOUND WORN OUT & INEFFECTIVE BRAKES AS CAUSE.                             ,AIRCRAFT,Q11436,https://www.wikidata.org/wiki/Q11436,TRUE,
74,19780402008409I,TAXIING AIRCRAFT STRUCK PARKED AIRCRAFT. FOUND WORN OUT & INEFFECTIVE BRAKES AS CAUSE.                             ,BRAKES,Q1534839,https://www.wikidata.org/wiki/Q1534839,TRUE,
1406,19890725041869I,ON ENGINE START PILOTS SEAT WENT TO FULL AFT POSITION. PUSH THROTTLE IN FULL. AIRCRAFT COLLIDED WITH PARKED PLANE. ,ENGINE START,,,FALSE,no qid found
1406,19890725041869I,ON ENGINE START PILOTS SEAT WENT TO FULL AFT POSITION. PUSH THROTTLE IN FULL. AIRCRAFT COLLIDED WITH PARKED PLANE. ,PILOTS,Q2095549,https://www.wikidata.org/wiki/Q2095549,TRUE,
1406,19890725041869I,ON ENGINE START PILOTS SEAT WENT TO FULL AFT POSITION. PUSH THROTTLE IN FULL. AIRCRAFT COLLIDED WITH PARKED PLANE. ,SEAT,Q2207370,https://www.wikidata.org/wiki/Q2207370,TRUE,
1406,19890725041869I,ON ENGINE START PILOTS SEAT WENT TO FULL AFT POSITION. PUSH THROTTLE IN FULL. AIRCRAFT COLLIDED WITH PARKED PLANE. ,THROTTLE,Q961356,https://www.wikidata.org/wiki/Q961356,TRUE,
1406,19890725041869I,ON ENGINE START PILOTS SEAT WENT TO FULL AFT POSITION. PUSH THROTTLE IN FULL. AIRCRAFT COLLIDED WITH PARKED PLANE. ,AIRCRAFT,Q11436,https://www.wikidata.org/wiki/Q11436,TRUE,
1406,19890725041869I,ON ENGINE START PILOTS SEAT WENT TO FULL AFT POSITION. PUSH THROTTLE IN FULL. AIRCRAFT COLLIDED WITH PARKED PLANE. ,PLANE,Q197,https://www.wikidata.org/wiki/Q197,TRUE,
1583,19911222062669I,AFTER LIFTOFF PILOT NOTICED RIGHT FUEL CAP MISSING. ABORTED. LANDED ON SAME RUNWAY. RAN OFF SIDE OF RUNWAY.        ,LIFTOFF,Q854248,https://www.wikidata.org/wiki/Q854248,TRUE,
1583,19911222062669I,AFTER LIFTOFF PILOT NOTICED RIGHT FUEL CAP MISSING. ABORTED. LANDED ON SAME RUNWAY. RAN OFF SIDE OF RUNWAY.        ,PILOT,Q2095549,https://www.wikidata.org/wiki/Q2095549,TRUE,
1583,19911222062669I,AFTER LIFTOFF PILOT NOTICED RIGHT FUEL CAP MISSING. ABORTED. LANDED ON SAME RUNWAY. RAN OFF SIDE OF RUNWAY.        ,RIGHT FUEL CAP,Q123205535,https://www.wikidata.org/wiki/Q123205535,TRUE,
1583,19911222062669I,AFTER LIFTOFF PILOT NOTICED RIGHT FUEL CAP MISSING. ABORTED. LANDED ON SAME RUNWAY. RAN OFF SIDE OF RUNWAY.        ,RUNWAY,Q184590,https://www.wikidata.org/wiki/Q184590,TRUE,
1583,19911222062669I,AFTER LIFTOFF PILOT NOTICED RIGHT FUEL CAP MISSING. ABORTED. LANDED ON SAME RUNWAY. RAN OFF SIDE OF RUNWAY.        ,RUNWAY,Q184590,https://www.wikidata.org/wiki/Q184590,TRUE,
2494,20030607012509A,"(-23) THE AIRCRAFT DEPARTED BARTLESVILLE MUNICIPAL AIRPORT (BVO) BARTLESVILLE, OK AT 1147 AM LOCAL TIME FOR A LOCAL",AIRCRAFT,Q11436,https://www.wikidata.org/wiki/Q11436,TRUE,
2494,20030607012509A,"(-23) THE AIRCRAFT DEPARTED BARTLESVILLE MUNICIPAL AIRPORT (BVO) BARTLESVILLE, OK AT 1147 AM LOCAL TIME FOR A LOCAL",BARTLESVILLE MUNICIPAL AIRPORT,Q14708401,https://www.wikidata.org/wiki/Q14708401,TRUE,
2494,20030607012509A,"(-23) THE AIRCRAFT DEPARTED BARTLESVILLE MUNICIPAL AIRPORT (BVO) BARTLESVILLE, OK AT 1147 AM LOCAL TIME FOR A LOCAL",BVO,Q14708401,https://www.wikidata.org/wiki/Q14708401,TRUE,
2494,20030607012509A,"(-23) THE AIRCRAFT DEPARTED BARTLESVILLE MUNICIPAL AIRPORT (BVO) BARTLESVILLE, OK AT 1147 AM LOCAL TIME FOR A LOCAL","BARTLESVILLE, OK",Q809450,https://www.wikidata.org/wiki/Q809450,TRUE,
2494,20030607012509A,"(-23) THE AIRCRAFT DEPARTED BARTLESVILLE MUNICIPAL AIRPORT (BVO) BARTLESVILLE, OK AT 1147 AM LOCAL TIME FOR A LOCAL",1147 AM LOCAL TIME,Q55811151,https://www.wikidata.org/wiki/Q55811151,TRUE,
466,19801005072789I,PILOT RAN OFF END OF RUNWAY WHEN REMAINING BRAKE FAILED.                                                           ,PILOT,Q2095549,https://www.wikidata.org/wiki/Q2095549,TRUE,
466,19801005072789I,PILOT RAN OFF END OF RUNWAY WHEN REMAINING BRAKE FAILED.                                                           ,RUNWAY,Q184590,https://www.wikidata.org/wiki/Q184590,TRUE,
466,19801005072789I,PILOT RAN OFF END OF RUNWAY WHEN REMAINING BRAKE FAILED.                                                           ,BRAKE,Q1534839,https://www.wikidata.org/wiki/Q1534839,TRUE,
165,19781210024199I,WHEELS LOCKED UP AFTER SEVERAL TOUCH AND GO LANDINGS DUE TO SNOW PACKED IN THE WHEEL PANTS.                        ,WHEELS,Q446,https://www.wikidata.org/wiki/Q446,TRUE,
165,19781210024199I,WHEELS LOCKED UP AFTER SEVERAL TOUCH AND GO LANDINGS DUE TO SNOW PACKED IN THE WHEEL PANTS.                        ,LANDINGS,Q844947,https://www.wikidata.org/wiki/Q844947,TRUE,
165,19781210024199I,WHEELS LOCKED UP AFTER SEVERAL TOUCH AND GO LANDINGS DUE TO SNOW PACKED IN THE WHEEL PANTS.                        ,SNOW,Q7561,https://www.wikidata.org/wiki/Q7561,TRUE,
1882,19950804028629A,LOST POWER LANDED HARD IN ROUGH WATER. DAMAGED FLOATS AND LONGERON. WATER IN FUEL. MISREAD WATER IN SUMP TO BE FUEL,POWER,Q25342,https://www.wikidata.org/wiki/Q25342,TRUE,
1882,19950804028629A,LOST POWER LANDED HARD IN ROUGH WATER. DAMAGED FLOATS AND LONGERON. WATER IN FUEL. MISREAD WATER IN SUMP TO BE FUEL,WATER,Q283,https://www.wikidata.org/wiki/Q283,TRUE,
1882,19950804028629A,LOST POWER LANDED HARD IN ROUGH WATER. DAMAGED FLOATS AND LONGERON. WATER IN FUEL. MISREAD WATER IN SUMP TO BE FUEL,FLOATS,Q3373295,https://www.wikidata.org/wiki/Q3373295,TRUE,
1882,19950804028629A,LOST POWER LANDED HARD IN ROUGH WATER. DAMAGED FLOATS AND LONGERON. WATER IN FUEL. MISREAD WATER IN SUMP TO BE FUEL,LONGERON,Q1662372,https://www.wikidata.org/wiki/Q1662372,TRUE,
1882,19950804028629A,LOST POWER LANDED HARD IN ROUGH WATER. DAMAGED FLOATS AND LONGERON. WATER IN FUEL. MISREAD WATER IN SUMP TO BE FUEL,WATER,Q283,https://www.wikidata.org/wiki/Q283,TRUE,
1882,19950804028629A,LOST POWER LANDED HARD IN ROUGH WATER. DAMAGED FLOATS AND LONGERON. WATER IN FUEL. MISREAD WATER IN SUMP TO BE FUEL,FUEL,Q1875633,https://www.wikidata.org/wiki/Q1875633,TRUE,
1882,19950804028629A,LOST POWER LANDED HARD IN ROUGH WATER. DAMAGED FLOATS AND LONGERON. WATER IN FUEL. MISREAD WATER IN SUMP TO BE FUEL,SUMP,Q1592793,https://www.wikidata.org/wiki/Q1592793,TRUE,
2544,20040304003309I,"(-23) AFTER NORMAL TOUCHDOWN THE AIRCRAFT STARTED SLIDING OR HYDROPLANING TOWARD LEFT SIDE OF RUNWAY, AIRCRAFT STRU",TOUCHDOWN,Q844947,https://www.wikidata.org/wiki/Q844947,TRUE,
2544,20040304003309I,"(-23) AFTER NORMAL TOUCHDOWN THE AIRCRAFT STARTED SLIDING OR HYDROPLANING TOWARD LEFT SIDE OF RUNWAY, AIRCRAFT STRU",AIRCRAFT,Q11436,https://www.wikidata.org/wiki/Q11436,TRUE,
2544,20040304003309I,"(-23) AFTER NORMAL TOUCHDOWN THE AIRCRAFT STARTED SLIDING OR HYDROPLANING TOWARD LEFT SIDE OF RUNWAY, AIRCRAFT STRU",RUNWAY,Q184590,https://www.wikidata.org/wiki/Q184590,TRUE,
2544,20040304003309I,"(-23) AFTER NORMAL TOUCHDOWN THE AIRCRAFT STARTED SLIDING OR HYDROPLANING TOWARD LEFT SIDE OF RUNWAY, AIRCRAFT STRU",AIRCRAFT,Q11436,https://www.wikidata.org/wiki/Q11436,TRUE,
85,19780427013859I,ENGINE COWLING SEPARATED FROM ENGINE IN FLIGHT.                                                                    ,COWLING,Q1138219,https://www.wikidata.org/wiki/Q1138219,TRUE,
85,19780427013859I,ENGINE COWLING SEPARATED FROM ENGINE IN FLIGHT.                                                                    ,ENGINE,Q44167,https://www.wikidata.org/wiki/Q44167,TRUE,
85,19780427013859I,ENGINE COWLING SEPARATED FROM ENGINE IN FLIGHT.                                                                    ,FLIGHT,Q15921555,https://www.wikidata.org/wiki/Q15921555,TRUE,
2676,20070202001609A,"(-23) ON A FLIGHT FROM NOTH PLATTE, NE, TO IOWA CITY, IA, (487 STATUTE MILES) THE AIRCRAFT LOST POWER NEAR GRINNELL",FLIGHT,Q15921555,https://www.wikidata.org/wiki/Q15921555,TRUE,
2676,20070202001609A,"(-23) ON A FLIGHT FROM NOTH PLATTE, NE, TO IOWA CITY, IA, (487 STATUTE MILES) THE AIRCRAFT LOST POWER NEAR GRINNELL","NOTH PLATTER, NE",,,FALSE,no qid found
2676,20070202001609A,"(-23) ON A FLIGHT FROM NOTH PLATTE, NE, TO IOWA CITY, IA, (487 STATUTE MILES) THE AIRCRAFT LOST POWER NEAR GRINNELL","IOWA CITY, IA",Q487977,https://www.wikidata.org/wiki/Q487977,TRUE,
2676,20070202001609A,"(-23) ON A FLIGHT FROM NOTH PLATTE, NE, TO IOWA CITY, IA, (487 STATUTE MILES) THE AIRCRAFT LOST POWER NEAR GRINNELL",487 STATUTE MILES,,,FALSE,
2676,20070202001609A,"(-23) ON A FLIGHT FROM NOTH PLATTE, NE, TO IOWA CITY, IA, (487 STATUTE MILES) THE AIRCRAFT LOST POWER NEAR GRINNELL",AIRCRAFT,Q11436,https://www.wikidata.org/wiki/Q11436,TRUE,
2676,20070202001609A,"(-23) ON A FLIGHT FROM NOTH PLATTE, NE, TO IOWA CITY, IA, (487 STATUTE MILES) THE AIRCRAFT LOST POWER NEAR GRINNELL",POWER,Q25342,https://www.wikidata.org/wiki/Q25342,TRUE,
2676,20070202001609A,"(-23) ON A FLIGHT FROM NOTH PLATTE, NE, TO IOWA CITY, IA, (487 STATUTE MILES) THE AIRCRAFT LOST POWER NEAR GRINNELL",GRINNELL,Q1903250,https://www.wikidata.org/wiki/Q1903250,TRUE,
155,19780916024019A,TIE DOWN STRAP ACROSS LEFT SKID CAUGHT ON TRAILER AND TETHERED HEPER.                                              ,TIE DOWN STRAP,Q1277336,https://www.wikidata.org/wiki/Q1277336,TRUE,
155,19780916024019A,TIE DOWN STRAP ACROSS LEFT SKID CAUGHT ON TRAILER AND TETHERED HEPER.                                              ,SKID,Q17143883,https://www.wikidata.org/wiki/Q17143883,TRUE,
155,19780916024019A,TIE DOWN STRAP ACROSS LEFT SKID CAUGHT ON TRAILER AND TETHERED HEPER.                                              ,LEFT SKID,,,FALSE,
155,19780916024019A,TIE DOWN STRAP ACROSS LEFT SKID CAUGHT ON TRAILER AND TETHERED HEPER.                                              ,TRAILER,Q216146,https://www.wikidata.org/wiki/Q216146,TRUE,
2642,20060718018299I,(-23) THE PILOT IN COMMAND (PIC) FAILED TO ENSURE ALL FUEL TANK CAPS WERE SECURELY FASTENED PRIOR TO DEPARTURE. SUB,PILOT IN COMMAND,Q1146304,https://www.wikidata.org/wiki/Q1146304,TRUE,
2642,20060718018299I,(-23) THE PILOT IN COMMAND (PIC) FAILED TO ENSURE ALL FUEL TANK CAPS WERE SECURELY FASTENED PRIOR TO DEPARTURE. SUB,PIC,Q1146304,https://www.wikidata.org/wiki/Q1146304,TRUE,
2642,20060718018299I,(-23) THE PILOT IN COMMAND (PIC) FAILED TO ENSURE ALL FUEL TANK CAPS WERE SECURELY FASTENED PRIOR TO DEPARTURE. SUB,FUEL TANK,Q19903205,https://www.wikidata.org/wiki/Q19903205,TRUE,
2642,20060718018299I,(-23) THE PILOT IN COMMAND (PIC) FAILED TO ENSURE ALL FUEL TANK CAPS WERE SECURELY FASTENED PRIOR TO DEPARTURE. SUB,CAPS,Q2488579,https://www.wikidata.org/wiki/Q2488579,TRUE,
2642,20060718018299I,(-23) THE PILOT IN COMMAND (PIC) FAILED TO ENSURE ALL FUEL TANK CAPS WERE SECURELY FASTENED PRIOR TO DEPARTURE. SUB,DEPARTURE, Q21171241,https://www.wikidata.org/wiki/ Q21171241,TRUE,
2566,20040925025079A,(-23) FUEL CONTAMINATION IN AIRFRAME FUEL FILTER AS WELL AS IN FUEL FILTER AND ENGINE DRIVEN FUEL PUMP FILTER. THE ,contamination ,Q60528603,https://www.wikidata.org/wiki/Q60528603,TRUE,
2566,20040925025079A,(-23) FUEL CONTAMINATION IN AIRFRAME FUEL FILTER AS WELL AS IN FUEL FILTER AND ENGINE DRIVEN FUEL PUMP FILTER. THE ,FUEL,Q1875633,https://www.wikidata.org/wiki/Q1875633,TRUE,no qid found
2566,20040925025079A,(-23) FUEL CONTAMINATION IN AIRFRAME FUEL FILTER AS WELL AS IN FUEL FILTER AND ENGINE DRIVEN FUEL PUMP FILTER. THE ,AIRFRAME,Q222946,https://www.wikidata.org/wiki/Q222946,TRUE,
2566,20040925025079A,(-23) FUEL CONTAMINATION IN AIRFRAME FUEL FILTER AS WELL AS IN FUEL FILTER AND ENGINE DRIVEN FUEL PUMP FILTER. THE ,FUEL FILTER,Q603491,https://www.wikidata.org/wiki/Q603491,TRUE,
2566,20040925025079A,(-23) FUEL CONTAMINATION IN AIRFRAME FUEL FILTER AS WELL AS IN FUEL FILTER AND ENGINE DRIVEN FUEL PUMP FILTER. THE ,ENGINE,Q44167,https://www.wikidata.org/wiki/Q44167,TRUE,
2566,20040925025079A,(-23) FUEL CONTAMINATION IN AIRFRAME FUEL FILTER AS WELL AS IN FUEL FILTER AND ENGINE DRIVEN FUEL PUMP FILTER. THE ,FUEL PUMP,Q147366,https://www.wikidata.org/wiki/Q147366,TRUE,
2264,19961027033759A,PRIOR DEMO FLIGHT. CONNECTING ROD BENT BY HYDRO LOCK IN NR5 CYL ON STARTUP. BROKE. HIT COUNTER WT. BROKE PORP SHAFT,DEMO FLIGHT,,,FALSE,no qid found
2264,19961027033759A,PRIOR DEMO FLIGHT. CONNECTING ROD BENT BY HYDRO LOCK IN NR5 CYL ON STARTUP. BROKE. HIT COUNTER WT. BROKE PORP SHAFT,ROD,Q111360956,https://www.wikidata.org/wiki/Q111360956,TRUE,
2264,19961027033759A,PRIOR DEMO FLIGHT. CONNECTING ROD BENT BY HYDRO LOCK IN NR5 CYL ON STARTUP. BROKE. HIT COUNTER WT. BROKE PORP SHAFT,HYRDO LOCK,,,FALSE,no qid found
2264,19961027033759A,PRIOR DEMO FLIGHT. CONNECTING ROD BENT BY HYDRO LOCK IN NR5 CYL ON STARTUP. BROKE. HIT COUNTER WT. BROKE PORP SHAFT,NR5 CYL,,,FALSE,no qid found
2264,19961027033759A,PRIOR DEMO FLIGHT. CONNECTING ROD BENT BY HYDRO LOCK IN NR5 CYL ON STARTUP. BROKE. HIT COUNTER WT. BROKE PORP SHAFT,STARTUP,,,FALSE,
2264,19961027033759A,PRIOR DEMO FLIGHT. CONNECTING ROD BENT BY HYDRO LOCK IN NR5 CYL ON STARTUP. BROKE. HIT COUNTER WT. BROKE PORP SHAFT,COUNTER WT,,,FALSE,no qid found
2264,19961027033759A,PRIOR DEMO FLIGHT. CONNECTING ROD BENT BY HYDRO LOCK IN NR5 CYL ON STARTUP. BROKE. HIT COUNTER WT. BROKE PORP SHAFT,SHAFT,Q309383,https://www.wikidata.org/wiki/Q309383,TRUE,
1151,19870309039779I,"WHILE TAXIING, THE AIRCRAFT STRUCK N106DA WHICH WAS PARKED.  PILOT WAS UNAWARE OF BRAKE PROBLEMS ON THE AIRCRAFT.  ",AIRCRAFT,Q11436,https://www.wikidata.org/wiki/Q11436,TRUE,
1151,19870309039779I,"WHILE TAXIING, THE AIRCRAFT STRUCK N106DA WHICH WAS PARKED.  PILOT WAS UNAWARE OF BRAKE PROBLEMS ON THE AIRCRAFT.  ",N106DA,,,FALSE,Q838849
1151,19870309039779I,"WHILE TAXIING, THE AIRCRAFT STRUCK N106DA WHICH WAS PARKED.  PILOT WAS UNAWARE OF BRAKE PROBLEMS ON THE AIRCRAFT.  ",PILOT,Q2095549,https://www.wikidata.org/wiki/Q2095549,TRUE,
1151,19870309039779I,"WHILE TAXIING, THE AIRCRAFT STRUCK N106DA WHICH WAS PARKED.  PILOT WAS UNAWARE OF BRAKE PROBLEMS ON THE AIRCRAFT.  ",BRAKE PROBLEMS,,,FALSE,
1151,19870309039779I,"WHILE TAXIING, THE AIRCRAFT STRUCK N106DA WHICH WAS PARKED.  PILOT WAS UNAWARE OF BRAKE PROBLEMS ON THE AIRCRAFT.  ",AIRCRAFT,Q11436,https://www.wikidata.org/wiki/Q11436,TRUE,
2458,20020619014309A,"(-23) N759TY, CE-182 WAS EN ROUTE FROM HOT SPRINGS, ARKANSAS TO FAYETTEVILLE, TENNESSEE, WHEN THE AIRCRAFT ENGINE Q",N759TY,,,FALSE,Q838849
2458,20020619014309A,"(-23) N759TY, CE-182 WAS EN ROUTE FROM HOT SPRINGS, ARKANSAS TO FAYETTEVILLE, TENNESSEE, WHEN THE AIRCRAFT ENGINE Q",CE-182,,,FALSE,no qid found
2458,20020619014309A,"(-23) N759TY, CE-182 WAS EN ROUTE FROM HOT SPRINGS, ARKANSAS TO FAYETTEVILLE, TENNESSEE, WHEN THE AIRCRAFT ENGINE Q","HOT SPRINGS, ARKANSAS",Q79924,https://www.wikidata.org/wiki/Q79924,TRUE,
2458,20020619014309A,"(-23) N759TY, CE-182 WAS EN ROUTE FROM HOT SPRINGS, ARKANSAS TO FAYETTEVILLE, TENNESSEE, WHEN THE AIRCRAFT ENGINE Q","FAYETTEVILLE, TENNESSEE",Q588257,https://www.wikidata.org/wiki/Q588257,TRUE,
2458,20020619014309A,"(-23) N759TY, CE-182 WAS EN ROUTE FROM HOT SPRINGS, ARKANSAS TO FAYETTEVILLE, TENNESSEE, WHEN THE AIRCRAFT ENGINE Q",AIRCRAFT,Q11436,https://www.wikidata.org/wiki/Q11436,TRUE,
2458,20020619014309A,"(-23) N759TY, CE-182 WAS EN ROUTE FROM HOT SPRINGS, ARKANSAS TO FAYETTEVILLE, TENNESSEE, WHEN THE AIRCRAFT ENGINE Q",ENGINE,Q44167,https://www.wikidata.org/wiki/Q44167,TRUE,
1940,19951031041599A,ON CLIMBOUT NOSE BAGGAGE DOOR OPENED. REDUCED POWER. STALLED. ROLLED. DIVED INTO OCEAN. TEST FLIGHT FROM STORAGE.  ,CLIMBOUT,Q1499786,https://www.wikidata.org/wiki/Q1499786,TRUE,
1940,19951031041599A,ON CLIMBOUT NOSE BAGGAGE DOOR OPENED. REDUCED POWER. STALLED. ROLLED. DIVED INTO OCEAN. TEST FLIGHT FROM STORAGE.  ,NOSE,Q1434090,https://www.wikidata.org/wiki/Q1434090,TRUE,
1940,19951031041599A,ON CLIMBOUT NOSE BAGGAGE DOOR OPENED. REDUCED POWER. STALLED. ROLLED. DIVED INTO OCEAN. TEST FLIGHT FROM STORAGE.  ,BAGGAGE DOOR,Q36794,https://www.wikidata.org/wiki/Q36794,TRUE,
1940,19951031041599A,ON CLIMBOUT NOSE BAGGAGE DOOR OPENED. REDUCED POWER. STALLED. ROLLED. DIVED INTO OCEAN. TEST FLIGHT FROM STORAGE.  ,POWER,Q25342,https://www.wikidata.org/wiki/Q25342,TRUE,
1940,19951031041599A,ON CLIMBOUT NOSE BAGGAGE DOOR OPENED. REDUCED POWER. STALLED. ROLLED. DIVED INTO OCEAN. TEST FLIGHT FROM STORAGE.  ,OCEAN,Q9430,https://www.wikidata.org/wiki/Q9430,TRUE,
1940,19951031041599A,ON CLIMBOUT NOSE BAGGAGE DOOR OPENED. REDUCED POWER. STALLED. ROLLED. DIVED INTO OCEAN. TEST FLIGHT FROM STORAGE.  ,TEST FLIGHT,Q15921693,https://www.wikidata.org/wiki/Q15921693,TRUE,
1940,19951031041599A,ON CLIMBOUT NOSE BAGGAGE DOOR OPENED. REDUCED POWER. STALLED. ROLLED. DIVED INTO OCEAN. TEST FLIGHT FROM STORAGE.  ,STORAGE,Q9158768,https://www.wikidata.org/wiki/Q9158768,TRUE,
914,19850729066139I,ELEVATOR CONTROL JAMMED SHEN HARNESS CAUGHT ON ELEVATOR CABLE. STICK BOOT NOT FASTENED TO FLOOR. LANDED IN A FIELD.,ELEVATOR CONTROL,,,FALSE,no qid found
914,19850729066139I,ELEVATOR CONTROL JAMMED SHEN HARNESS CAUGHT ON ELEVATOR CABLE. STICK BOOT NOT FASTENED TO FLOOR. LANDED IN A FIELD.,HARNESS,Q333518,https://www.wikidata.org/wiki/Q333518,TRUE,
914,19850729066139I,ELEVATOR CONTROL JAMMED SHEN HARNESS CAUGHT ON ELEVATOR CABLE. STICK BOOT NOT FASTENED TO FLOOR. LANDED IN A FIELD.,ELEVATOR CABLE,,,FALSE,no qid found
914,19850729066139I,ELEVATOR CONTROL JAMMED SHEN HARNESS CAUGHT ON ELEVATOR CABLE. STICK BOOT NOT FASTENED TO FLOOR. LANDED IN A FIELD.,STICK BOOT,,,FALSE,no qid found
914,19850729066139I,ELEVATOR CONTROL JAMMED SHEN HARNESS CAUGHT ON ELEVATOR CABLE. STICK BOOT NOT FASTENED TO FLOOR. LANDED IN A FIELD.,FLOOR,Q217164,https://www.wikidata.org/wiki/Q217164,TRUE,
914,19850729066139I,ELEVATOR CONTROL JAMMED SHEN HARNESS CAUGHT ON ELEVATOR CABLE. STICK BOOT NOT FASTENED TO FLOOR. LANDED IN A FIELD.,FIELD,Q188869,https://www.wikidata.org/wiki/Q188869,TRUE,
1724,19940226003029A,LOST POWER EN ROUTE. LANDED ON PRIVATE STRIP. NOSED OVER. LEFT FUEL CAP LEAKED. PREVENTED GRAVITY FUEL FLOW.       ,POWER,Q25342,https://www.wikidata.org/wiki/Q25342,TRUE,
1724,19940226003029A,LOST POWER EN ROUTE. LANDED ON PRIVATE STRIP. NOSED OVER. LEFT FUEL CAP LEAKED. PREVENTED GRAVITY FUEL FLOW.       ,STRIP,Q184590,https://www.wikidata.org/wiki/Q184590,TRUE,
1724,19940226003029A,LOST POWER EN ROUTE. LANDED ON PRIVATE STRIP. NOSED OVER. LEFT FUEL CAP LEAKED. PREVENTED GRAVITY FUEL FLOW.       ,FUEL CAP,Q123205535,https://www.wikidata.org/wiki/Q123205535,TRUE,
1724,19940226003029A,LOST POWER EN ROUTE. LANDED ON PRIVATE STRIP. NOSED OVER. LEFT FUEL CAP LEAKED. PREVENTED GRAVITY FUEL FLOW.       ,FUEL,Q1875633,https://www.wikidata.org/wiki/Q1875633,TRUE,no qid found
1724,19940226003029A,LOST POWER EN ROUTE. LANDED ON PRIVATE STRIP. NOSED OVER. LEFT FUEL CAP LEAKED. PREVENTED GRAVITY FUEL FLOW.       ,Nosed Over,Q16661458,https://www.wikidata.org/wiki/Q16661458,TRUE,
50,19780111000459A,ACFT DISPATCHER HARRASSMENT OF PILOT. PILOT FORGOT TO REMOVE TIEDROPE.                                             ,ACFT DISPATCHER,Q5459329,https://www.wikidata.org/wiki/Q16661459,TRUE,
50,19780111000459A,ACFT DISPATCHER HARRASSMENT OF PILOT. PILOT FORGOT TO REMOVE TIEDROPE.                                             ,HARRASSMENT ,Q3240539,https://www.wikidata.org/wiki/Q16661460,TRUE,
50,19780111000459A,ACFT DISPATCHER HARRASSMENT OF PILOT. PILOT FORGOT TO REMOVE TIEDROPE.                                             ,PILOT,Q2095549,https://www.wikidata.org/wiki/Q2095549,TRUE,
2403,20010411006739I,"(-23) THE HELICOPTER WAS IDLING ON THE HELIPAD, AND THE RPM CONTROL WAS BROUGHT UP TO FLY POSITION FOR THE TAKEOFF.",HELICOPTER,Q34486,https://www.wikidata.org/wiki/Q34486,TRUE,
2403,20010411006739I,"(-23) THE HELICOPTER WAS IDLING ON THE HELIPAD, AND THE RPM CONTROL WAS BROUGHT UP TO FLY POSITION FOR THE TAKEOFF.",HELIPAD,Q534159,https://www.wikidata.org/wiki/Q534159,TRUE,
2403,20010411006739I,"(-23) THE HELICOPTER WAS IDLING ON THE HELIPAD, AND THE RPM CONTROL WAS BROUGHT UP TO FLY POSITION FOR THE TAKEOFF.",RPM CONTROL,,,FALSE,"no qid for ""rpm control"" only ""rpm"" which has a qid of Q206037"
2403,20010411006739I,"(-23) THE HELICOPTER WAS IDLING ON THE HELIPAD, AND THE RPM CONTROL WAS BROUGHT UP TO FLY POSITION FOR THE TAKEOFF.",FLY POSITION,,,FALSE,no qid found
2403,20010411006739I,"(-23) THE HELICOPTER WAS IDLING ON THE HELIPAD, AND THE RPM CONTROL WAS BROUGHT UP TO FLY POSITION FOR THE TAKEOFF.",TAKEOFF,Q854248,https://www.wikidata.org/wiki/Q854248,TRUE,
1263,19870816062719I,"A COPPER TUBE, USED TO HOLD AERIAL BANNERS, FELL THROUGH THE ROOF OF A HOUSE. LOCAL OPERATOR IS BEING MONITORED.   ",TUBE,Q41551,https://www.wikidata.org/wiki/Q41551,TRUE,
1263,19870816062719I,"A COPPER TUBE, USED TO HOLD AERIAL BANNERS, FELL THROUGH THE ROOF OF A HOUSE. LOCAL OPERATOR IS BEING MONITORED.   ",AERIAL BANNERS,Q806880,https://www.wikidata.org/wiki/Q806880,TRUE,
1263,19870816062719I,"A COPPER TUBE, USED TO HOLD AERIAL BANNERS, FELL THROUGH THE ROOF OF A HOUSE. LOCAL OPERATOR IS BEING MONITORED.   ",ROOF,Q83180,https://www.wikidata.org/wiki/Q83180,TRUE,
1263,19870816062719I,"A COPPER TUBE, USED TO HOLD AERIAL BANNERS, FELL THROUGH THE ROOF OF A HOUSE. LOCAL OPERATOR IS BEING MONITORED.   ",HOUSE,Q3947,https://www.wikidata.org/wiki/Q3947,TRUE,
1263,19870816062719I,"A COPPER TUBE, USED TO HOLD AERIAL BANNERS, FELL THROUGH THE ROOF OF A HOUSE. LOCAL OPERATOR IS BEING MONITORED.   ",OPERATOR,Q1970438,https://www.wikidata.org/wiki/Q1970438,TRUE,
2099,19980620030289I,"MR. KADERA THEN ATTEMPTED TO LAND IN A FIELD BUT WAS FORCED TO LAND ON HIGHWAY 93. THREE MILES EAST OF SUNMER, IOWA",MR.KADERA,Q215627,https://www.wikidata.org/wiki/Q215627,TRUE,no qid found for a specific person
2099,19980620030289I,"MR. KADERA THEN ATTEMPTED TO LAND IN A FIELD BUT WAS FORCED TO LAND ON HIGHWAY 93. THREE MILES EAST OF SUNMER, IOWA",FIELD,Q188869,https://www.wikidata.org/wiki/Q188869,TRUE,
2099,19980620030289I,"MR. KADERA THEN ATTEMPTED TO LAND IN A FIELD BUT WAS FORCED TO LAND ON HIGHWAY 93. THREE MILES EAST OF SUNMER, IOWA",HIGHWAY 93,Q1427331,https://www.wikidata.org/wiki/Q1427331,TRUE,
2099,19980620030289I,"MR. KADERA THEN ATTEMPTED TO LAND IN A FIELD BUT WAS FORCED TO LAND ON HIGHWAY 93. THREE MILES EAST OF SUNMER, IOWA",THREE,Q201,https://www.wikidata.org/wiki/Q201,TRUE,
2099,19980620030289I,"MR. KADERA THEN ATTEMPTED TO LAND IN A FIELD BUT WAS FORCED TO LAND ON HIGHWAY 93. THREE MILES EAST OF SUNMER, IOWA",EAST,Q684,https://www.wikidata.org/wiki/Q684,TRUE,
2099,19980620030289I,"MR. KADERA THEN ATTEMPTED TO LAND IN A FIELD BUT WAS FORCED TO LAND ON HIGHWAY 93. THREE MILES EAST OF SUNMER, IOWA","SUNMER, IOWA",,,FALSE,
2218,19990923027739A,"(.19) ON SEPTEMBER 23, 1999, AT 1900 HOURS PACIFIC DAYLIGHT TIME, A HOMEBUILT CIERNIA GLASAIR III, N153JC, EXPERIEN","SEPTEMBER 23, 1999",Q69302922,https://www.wikidata.org/wiki/Q69302922,TRUE,
2218,19990923027739A,"(.19) ON SEPTEMBER 23, 1999, AT 1900 HOURS PACIFIC DAYLIGHT TIME, A HOMEBUILT CIERNIA GLASAIR III, N153JC, EXPERIEN",1900 HOURS PACIFIC DAYLIGHT TIME,,,FALSE,
2218,19990923027739A,"(.19) ON SEPTEMBER 23, 1999, AT 1900 HOURS PACIFIC DAYLIGHT TIME, A HOMEBUILT CIERNIA GLASAIR III, N153JC, EXPERIEN",CIERNIA GLASAIR III,,,FALSE,no qid found
2218,19990923027739A,"(.19) ON SEPTEMBER 23, 1999, AT 1900 HOURS PACIFIC DAYLIGHT TIME, A HOMEBUILT CIERNIA GLASAIR III, N153JC, EXPERIEN",N153JC,Q838849,https://www.wikidata.org/wiki/Q838849,TRUE,no qid found
2296,19980415037339I,(-5)NOSE BAGGAGE CARGO CONSISTING OF A WOODEN WHEEL CHOCK SHIFTED DURING FLIGHT AND JAMMED THE NOSE LANDING GEAR ME,NOSE,Q1434090,https://www.wikidata.org/wiki/Q1434090,TRUE,
2296,19980415037339I,(-5)NOSE BAGGAGE CARGO CONSISTING OF A WOODEN WHEEL CHOCK SHIFTED DURING FLIGHT AND JAMMED THE NOSE LANDING GEAR ME,BAGGAGE,Q865054,https://www.wikidata.org/wiki/Q865054,TRUE,
2296,19980415037339I,(-5)NOSE BAGGAGE CARGO CONSISTING OF A WOODEN WHEEL CHOCK SHIFTED DURING FLIGHT AND JAMMED THE NOSE LANDING GEAR ME,CARGO,Q319224,https://www.wikidata.org/wiki/Q319224,TRUE,
2296,19980415037339I,(-5)NOSE BAGGAGE CARGO CONSISTING OF A WOODEN WHEEL CHOCK SHIFTED DURING FLIGHT AND JAMMED THE NOSE LANDING GEAR ME,WHEEL CHOCK,Q458789,https://www.wikidata.org/wiki/Q458789,TRUE,
2296,19980415037339I,(-5)NOSE BAGGAGE CARGO CONSISTING OF A WOODEN WHEEL CHOCK SHIFTED DURING FLIGHT AND JAMMED THE NOSE LANDING GEAR ME,FLIGHT,Q15921555,https://www.wikidata.org/wiki/Q15921555,TRUE,
2296,19980415037339I,(-5)NOSE BAGGAGE CARGO CONSISTING OF A WOODEN WHEEL CHOCK SHIFTED DURING FLIGHT AND JAMMED THE NOSE LANDING GEAR ME,NOSE LANDING GEAR,Q263421,https://www.wikidata.org/wiki/Q263421,TRUE,
1920,19950826026019A,"EXPLOSION LIFTING LOGS. PITCHED UP, ROLLED. COMPRESSOR STALL NR1 ENGINE. FAILED RELEASE LOGS AND USE SE PROCEDURES.",EXPLOSION,Q179057,https://www.wikidata.org/wiki/Q179057,TRUE,
1920,19950826026019A,"EXPLOSION LIFTING LOGS. PITCHED UP, ROLLED. COMPRESSOR STALL NR1 ENGINE. FAILED RELEASE LOGS AND USE SE PROCEDURES.",COMPRESSOR STALL,Q1938452,https://www.wikidata.org/wiki/Q1938452,TRUE,
1920,19950826026019A,"EXPLOSION LIFTING LOGS. PITCHED UP, ROLLED. COMPRESSOR STALL NR1 ENGINE. FAILED RELEASE LOGS AND USE SE PROCEDURES.",ENGINE,Q44167,https://www.wikidata.org/wiki/Q44167,TRUE,
1920,19950826026019A,"EXPLOSION LIFTING LOGS. PITCHED UP, ROLLED. COMPRESSOR STALL NR1 ENGINE. FAILED RELEASE LOGS AND USE SE PROCEDURES.",LOGS,Q3737064,https://www.wikidata.org/wiki/Q3737064,TRUE,
1920,19950826026019A,"EXPLOSION LIFTING LOGS. PITCHED UP, ROLLED. COMPRESSOR STALL NR1 ENGINE. FAILED RELEASE LOGS AND USE SE PROCEDURES.",SE PROCEDURES,,,FALSE,no qid found
2334,20000215041409A,"(.19) ON FEBRUARY 19, 2000, AT 1825 EASTERN STANDARD TIME, A BEECH 1900D, N81SK, OPERATED AS SKYWAY AIRLINE FLIGHT ","FEBRUARY 19, 2000",Q69303157,https://www.wikidata.org/wiki/Q69303157,TRUE,
2334,20000215041409A,"(.19) ON FEBRUARY 19, 2000, AT 1825 EASTERN STANDARD TIME, A BEECH 1900D, N81SK, OPERATED AS SKYWAY AIRLINE FLIGHT ",1825 EASTERN STANDARD TIME,,,FALSE,
2334,20000215041409A,"(.19) ON FEBRUARY 19, 2000, AT 1825 EASTERN STANDARD TIME, A BEECH 1900D, N81SK, OPERATED AS SKYWAY AIRLINE FLIGHT ",BEECH 1900D,Q17489495,https://www.wikidata.org/wiki/Q17489495,TRUE,
2334,20000215041409A,"(.19) ON FEBRUARY 19, 2000, AT 1825 EASTERN STANDARD TIME, A BEECH 1900D, N81SK, OPERATED AS SKYWAY AIRLINE FLIGHT ",N81SK,Q33126591,https://www.wikidata.org/wiki/Q33126591,TRUE,
2334,20000215041409A,"(.19) ON FEBRUARY 19, 2000, AT 1825 EASTERN STANDARD TIME, A BEECH 1900D, N81SK, OPERATED AS SKYWAY AIRLINE FLIGHT ",SKYWAY AIRLINE,Q2293467,https://www.wikidata.org/wiki/Q2293467,TRUE,
2334,20000215041409A,"(.19) ON FEBRUARY 19, 2000, AT 1825 EASTERN STANDARD TIME, A BEECH 1900D, N81SK, OPERATED AS SKYWAY AIRLINE FLIGHT ",FLIGHT,Q15921555,https://www.wikidata.org/wiki/Q15921555,TRUE,
1033,19860514036219I,GROUND LOOPED ON LANDING. TAILWHEEL WAS FOUND JAMMED FAR RIGHT.                                                    ,GROUND LOOPED,Q2153620,https://www.wikidata.org/wiki/Q2153620,TRUE,
1033,19860514036219I,GROUND LOOPED ON LANDING. TAILWHEEL WAS FOUND JAMMED FAR RIGHT.                                                    ,LANDING,Q844947,https://www.wikidata.org/wiki/Q844947,TRUE,
1033,19860514036219I,GROUND LOOPED ON LANDING. TAILWHEEL WAS FOUND JAMMED FAR RIGHT.                                                    ,TAILWHEEL,Q3443347,https://www.wikidata.org/wiki/Q3443347,TRUE,no qid found
1033,19860514036219I,GROUND LOOPED ON LANDING. TAILWHEEL WAS FOUND JAMMED FAR RIGHT.                                                    ,RIGHT,Q14565199,https://www.wikidata.org/wiki/Q14565199,TRUE,
1311,19880527016939A,ENGINE QUIT ON INITIAL CLIMBOUT. CRASH LANDED AVOIDING TREES. FOUND SELECTED FUEL TANK EMPTY. TRIP WAS TO GET FUEL.,ENGINE,Q44167,https://www.wikidata.org/wiki/Q44167,TRUE,
1311,19880527016939A,ENGINE QUIT ON INITIAL CLIMBOUT. CRASH LANDED AVOIDING TREES. FOUND SELECTED FUEL TANK EMPTY. TRIP WAS TO GET FUEL.,CLIMBOUT,Q1499786,https://www.wikidata.org/wiki/Q1499786,TRUE,
1311,19880527016939A,ENGINE QUIT ON INITIAL CLIMBOUT. CRASH LANDED AVOIDING TREES. FOUND SELECTED FUEL TANK EMPTY. TRIP WAS TO GET FUEL.,CRASH LANDED,Q1074121,https://www.wikidata.org/wiki/Q1074121,TRUE,"this is the qid for ""crash landing"" not ""crash landed"""
1311,19880527016939A,ENGINE QUIT ON INITIAL CLIMBOUT. CRASH LANDED AVOIDING TREES. FOUND SELECTED FUEL TANK EMPTY. TRIP WAS TO GET FUEL.,TREES,Q10884,https://www.wikidata.org/wiki/Q10884,TRUE,
1311,19880527016939A,ENGINE QUIT ON INITIAL CLIMBOUT. CRASH LANDED AVOIDING TREES. FOUND SELECTED FUEL TANK EMPTY. TRIP WAS TO GET FUEL.,FUEL TANK,Q19903205,https://www.wikidata.org/wiki/Q19903205,TRUE,
1311,19880527016939A,ENGINE QUIT ON INITIAL CLIMBOUT. CRASH LANDED AVOIDING TREES. FOUND SELECTED FUEL TANK EMPTY. TRIP WAS TO GET FUEL.,TRIP,Q778483,https://www.wikidata.org/wiki/Q778483,TRUE,
1311,19880527016939A,ENGINE QUIT ON INITIAL CLIMBOUT. CRASH LANDED AVOIDING TREES. FOUND SELECTED FUEL TANK EMPTY. TRIP WAS TO GET FUEL.,FUEL,Q1875633,https://www.wikidata.org/wiki/Q1875633,TRUE,
2245,19960418007829A,CRASHED AND BURNED. (.4)WITNESSES REPORTED THAT AFTER DEPARTURE FROM A GRASS RUNWAY. THE AIRPLANE REACHED AN ALTITU,WITNESSES,Q196939,https://www.wikidata.org/wiki/Q196939,TRUE,
2245,19960418007829A,CRASHED AND BURNED. (.4)WITNESSES REPORTED THAT AFTER DEPARTURE FROM A GRASS RUNWAY. THE AIRPLANE REACHED AN ALTITU,DEPARTURE,Q21171241,https://www.wikidata.org/wiki/Q21171241,TRUE,
2245,19960418007829A,CRASHED AND BURNED. (.4)WITNESSES REPORTED THAT AFTER DEPARTURE FROM A GRASS RUNWAY. THE AIRPLANE REACHED AN ALTITU,RUNWAY,Q184590,https://www.wikidata.org/wiki/Q184590,TRUE,
2245,19960418007829A,CRASHED AND BURNED. (.4)WITNESSES REPORTED THAT AFTER DEPARTURE FROM A GRASS RUNWAY. THE AIRPLANE REACHED AN ALTITU,AIRPLANE,Q197,https://www.wikidata.org/wiki/Q197,TRUE,
2045,19970828026989A,LOUD POP ON TAKEOFF ROLL. LOST RUDDER CONTROL. EXITED RWY INTO CORNFIELD. HAD FAILED TO LOCK THE TAILWHEEL. (-23) M,POP,,,FALSE,no qid found
2045,19970828026989A,LOUD POP ON TAKEOFF ROLL. LOST RUDDER CONTROL. EXITED RWY INTO CORNFIELD. HAD FAILED TO LOCK THE TAILWHEEL. (-23) M,TAKEOFF ROLL,Q21026829,https://www.wikidata.org/wiki/Q21026829,TRUE,
2045,19970828026989A,LOUD POP ON TAKEOFF ROLL. LOST RUDDER CONTROL. EXITED RWY INTO CORNFIELD. HAD FAILED TO LOCK THE TAILWHEEL. (-23) M,RUDDER CONTROL,Q209760,https://www.wikidata.org/wiki/Q209760,TRUE,no qid found
2045,19970828026989A,LOUD POP ON TAKEOFF ROLL. LOST RUDDER CONTROL. EXITED RWY INTO CORNFIELD. HAD FAILED TO LOCK THE TAILWHEEL. (-23) M,RWY,Q184590,https://www.wikidata.org/wiki/Q184590,TRUE,
2045,19970828026989A,LOUD POP ON TAKEOFF ROLL. LOST RUDDER CONTROL. EXITED RWY INTO CORNFIELD. HAD FAILED TO LOCK THE TAILWHEEL. (-23) M,CORNFIELD,Q1735182,https://www.wikidata.org/wiki/Q1735182,TRUE,
2045,19970828026989A,LOUD POP ON TAKEOFF ROLL. LOST RUDDER CONTROL. EXITED RWY INTO CORNFIELD. HAD FAILED TO LOCK THE TAILWHEEL. (-23) M,TAILWHEEL,Q3443347,https://www.wikidata.org/wiki/Q3443347,TRUE,no qid found
1210,19870523018729A,"CANOPY CAME OPEN ON CLIMBOUT CAUSING AN UNCONTROLLED GROUND COLLISION, NO DEFECTS REPORTED. APPEARS PILOT ERROR.   ",CANOPY,Q2736751,https://www.wikidata.org/wiki/Q2736751,TRUE,
1210,19870523018729A,"CANOPY CAME OPEN ON CLIMBOUT CAUSING AN UNCONTROLLED GROUND COLLISION, NO DEFECTS REPORTED. APPEARS PILOT ERROR.   ",CLIMBOUT,Q1499786,https://www.wikidata.org/wiki/Q1499786,TRUE,
1210,19870523018729A,"CANOPY CAME OPEN ON CLIMBOUT CAUSING AN UNCONTROLLED GROUND COLLISION, NO DEFECTS REPORTED. APPEARS PILOT ERROR.   ",GROUND COLLISION,Q116673853,https://www.wikidata.org/wiki/Q116673853,TRUE,
1210,19870523018729A,"CANOPY CAME OPEN ON CLIMBOUT CAUSING AN UNCONTROLLED GROUND COLLISION, NO DEFECTS REPORTED. APPEARS PILOT ERROR.   ",DEFECTS,Q1138598,https://www.wikidata.org/wiki/Q1138598,TRUE,
1210,19870523018729A,"CANOPY CAME OPEN ON CLIMBOUT CAUSING AN UNCONTROLLED GROUND COLLISION, NO DEFECTS REPORTED. APPEARS PILOT ERROR.   ",PILOT ERROR,Q3057459,https://www.wikidata.org/wiki/Q3057459,TRUE,
2488,20030620012809I,(-23) PILOT FAILED TO ASSURE THE OIL FILLER CAP WAS SECURE AND TOOK OFF. OIL WAS OBSERVED COMING OUT OF THE ENGINE ,PILOT,Q2095549,https://www.wikidata.org/wiki/Q2095549,TRUE,
2488,20030620012809I,(-23) PILOT FAILED TO ASSURE THE OIL FILLER CAP WAS SECURE AND TOOK OFF. OIL WAS OBSERVED COMING OUT OF THE ENGINE ,OIL FILLER CAP,,,FALSE,no qid found
2488,20030620012809I,(-23) PILOT FAILED TO ASSURE THE OIL FILLER CAP WAS SECURE AND TOOK OFF. OIL WAS OBSERVED COMING OUT OF THE ENGINE ,OIL,Q42962,https://www.wikidata.org/wiki/Q42962,TRUE,
2488,20030620012809I,(-23) PILOT FAILED TO ASSURE THE OIL FILLER CAP WAS SECURE AND TOOK OFF. OIL WAS OBSERVED COMING OUT OF THE ENGINE ,ENGINE,Q44167,https://www.wikidata.org/wiki/Q44167,TRUE,