,c5,c119,c78,c80,c86,c77,c79,c81,c85,c87,c89,c91,c93,c95,c97,c99,c101,c103,c105,c107,c109,c131,c133,c135,c137,c146,c148,c150,c154,c161,c163,c183,c191
2318,19990213001379A,"ACFT WAS TAXIING FOR TAKE OFF WHEN IT LOST CONTROL, RAN INTO A DITCH, AND STRUCK A TREE. OTHER CIRCUMSTANCES AE UNK",II,V,UN,Inadequate Insp Of A,Other/Miscellaneous ,Pilot-In-Command    ,Misc/Pilot Unsafe Ac,Other/Miscellaneous ,Pilot-In-Command    ,                    ,Collision With Other,"Ground Taxi, Other A",                    ,Pilot Induced       ,Personal            ,Pleasure            ,VFR                 ,Weather Not A Factor,Dawn                ,Flight Personnel    ,Re-Examination/Re-In,                    ,                    ,UNDER 12501 LBS               ,MONOPLANE-LOW WING            ,POWERED                       ,UNDER 750 HP                  ,                    ,                    ,                    ,                    
354,19800217031649I,"AFTER TAKEOFF, ENGINE QUIT. WING FUEL TANK SUMPS WERE NOT DRAINED DURING PREFLIGHT BECAUSE THEY WERE FROZEN.       ",II,E,28,Inadequate Insp Of A,Emergency Landing   ,Pilot-In-Command    ,                    ,                    ,                    ,                    ,Other-Miscellaneous ,Forced/Precautionary,                    ,Pilot Induced       ,Personal            ,Pleasure            ,VFR                 ,Freezing Temperature,Day                 ,Other               ,Not Reported        ,                    ,                    ,UNDER 12501 LBS               ,MONOPLANE-HIGH WING/PARA WING ,POWERED                       ,                              ,                    ,                    ,                    ,                    
284,19790720021329A,HELICOPTER TOOK OFF WITH SLING LOAD ATTACHED. CRASHED WHEN LOAD WEDGED IN TREES. IMPROPER PREFLIGHT.               ,II,V,  ,Inadequate Insp Of A,Other/Miscellaneous ,Pilot-In-Command    ,                    ,                    ,                    ,                    ,Uncontroll Coll With,To Init Climb(1st Pw,                    ,Pilot Induced       ,Industrial/Special  ,None Or Other       ,VFR                 ,Weather Not A Factor,Day                 ,Other               ,Not Reported        ,                    ,                    ,UNDER 12501 LBS               ,ROTARY WING-HELI/GYROCOPTER   ,POWERED                       ,                              ,                    ,                    ,                    ,                    
817,19841214074599I,WHILE TAXIING LOST NOSEWHEEL STEERING AND BRAKES. STRUCK 2 AIRCRAFT AND FENCE. CIRCUIT BREAKER HYDRAULIC PUMP OPEN.,II,V,  ,Inadequate Insp Of A,Other/Miscellaneous ,Pilot-In-Command    ,                    ,                    ,                    ,                    ,Collision With Other,"Ground Taxi, Other A",                    ,Pilot Induced       ,Other               ,None Or Other       ,Unknown             ,Weather Not A Factor,Night               ,None                ,None                ,                    ,                    ,OVER 12500 LBS                ,MONOPLANE-LOW WING            ,POWERED                       ,                              ,                    ,                    ,                    ,                    
1024,19860128014289I,FORWARD CARGO DOOR OPENED AS AIRCRAFT TOOK OFF. OBJECTS DROPPED OUT. RETURNED. FAILED TO SEE WARNING LIGHT.        ,II,V,  ,Inadequate Insp Of A,Other/Miscellaneous ,Pilot-In-Command    ,                    ,                    ,                    ,                    ,Other-Miscellaneous ,To Init Climb(1st Pw,                    ,Pilot Induced       ,All Cargo Carriers  ,Cargo               ,Unknown             ,Weather Not A Factor,Day                 ,Other               ,Not Reported        ,                    ,                    ,OVER 12500 LBS                ,MONOPLANE-LOW WING            ,POWERED                       ,                              ,Unscheduled Landing ,                    ,                    ,                    
2335,20000215010329A,"(-23) MR. TIMOTHY ALLEN WELLS WAS ACTING AS PILOT IN COMMAND OF A BELL HELICOPTER MODEL BHT-47-G5, N4754R, ENGAGED ",II,V,UO,Inadequate Insp Of A,Other/Miscellaneous ,Pilot-In-Command    ,Unsafe Acts By Third,Other/Miscellaneous ,Ground Crew         ,                    ,Hard Landing        ,Forced/Precautionary,                    ,Pilot and Ground Cre,Aerial Applicator   ,Agriculture         ,VFR                 ,Weather Not A Factor,Day                 ,None                ,None                ,                    ,                    ,UNDER 12501 LBS               ,ROTARY WING-HELI/GYROCOPTER   ,POWERED                       ,UNDER 750 HP                  ,Inflight/Ground Fire,                    ,                    ,                    
467,19801116083749I,FORCED LANDING AFTER ONE ENGINE QUIT;FOUND ICE IN AUXILIARY FUEL SYSTEM.                                           ,II,E,28,Inadequate Insp Of A,Emergency Landing   ,Pilot-In-Command    ,                    ,                    ,                    ,                    ,Forced Landing      ,Fcd/Prec Ldg From Cr,                    ,Pilot And Maintenanc,Business            ,None Or Other       ,VFR                 ,Weather Not A Factor,Day                 ,Other               ,Not Reported        ,                    ,                    ,UNDER 12501 LBS               ,MONOPLANE-LOW WING            ,POWERED                       ,                              ,                    ,                    ,                    ,                    
856,19850315007389A,PILOT WAS DESCENDING TO LOWER ALTITUDE DUE TO ICING. LOST CONTROL. ALTIMETER NOT IFR CERTIFIED. ICING FORECAST.    ,AU,Z,LC,Attempt Operation Wi,Weather             ,Pilot-In-Command    ,Lost Control In Adve,Icing On Aircraft   ,Pilot-In-Command    ,                    ,Uncontroll Coll With,Descent             ,                    ,Pilot Induced       ,Business            ,None Or Other       ,IFR                 ,Freezing Temperature,Day                 ,None                ,None                ,                    ,                    ,UNDER 12501 LBS               ,MONOPLANE-LOW WING            ,POWERED                       ,UNDER 750 HP                  ,                    ,                    ,                    ,                    
2685,20070630826079I,(-23) AIRCRAFT DEPARTED RAY AIRPORT AND AFTER TAKEOFF INTO THE CLIMB AIRCRAFT ENGINE STARTED TO HAVE PROBLEMS. PILO,AU,V,85,Attempt Operation Wi,Other/Miscellaneous ,Pilot-In-Command    ,8500,                    ,                    ,Other               ,Forced Landing      ,Climb               ,                    ,Pilot And Maintenanc,Personal            ,Pleasure            ,Unknown             ,Weather Not A Factor,Day                 ,Flight Personnel    ,Violation           ,                    ,                    ,UNDER 12501 LBS               ,"MULTI WING-BI/TRIPLANE,ETC    ",POWERED                       ,                              ,                    ,                    ,                    ,                    
1457,19900425011659A,RAN OUT OF FUEL ON FERRY FLIGHT. LEFT PONTOON SEPARATED LANDING IN A POND. FUEL CAP NOT SECURED. FUEL SIPHONED.    ,II,E,  ,Inadequate Insp Of A,Emergency Landing   ,Pilot-In-Command    ,                    ,                    ,                    ,                    ,Hard Landing        ,Fcd/Prec Ldg From Cr,                    ,Pilot Induced       ,Other               ,Ferry               ,VFR                 ,Fog                 ,Day                 ,Other               ,Not Reported        ,                    ,                    ,UNDER 12501 LBS               ,MONOPLANE-HIGH WING/PARA WING ,POWERED                       ,UNDER 750 HP                  ,                    ,                    ,                    ,                    
2331,19991230042089A,"(.4)THE PILOT SAID THAT SHORTLY AFTER TAKEOFF, THE ENGINE 'STARTED CUTTING OUT AND WAS NOT DEVELOPING ENOUGH POWER ",II,V,73,Inadequate Insp Of A,Other/Miscellaneous ,Pilot-In-Command    ,7310,                    ,                    ,Fuel Contamination  ,Control Coll With Gr,Forced/Precautionary,                    ,Pilot Induced       ,Personal            ,Pleasure            ,VFR                 ,Weather Not A Factor,Day                 ,None                ,None                ,                    ,                    ,UNDER 12501 LBS               ,MONOPLANE-LOW WING            ,POWERED                       ,UNDER 750 HP                  ,                    ,                    ,Pilot and Ground Cre,                    
642,19820725041999I,"LOOSE COWLING ON TAKEOFF. COWLING CAME OFF ON RETURNING TO LAND. CRACKED WINDSHIELD, DENTED STABILIZER.            ",II,O,  ,Inadequate Insp Of A,Precautionary Landin,Pilot-In-Command    ,                    ,                    ,                    ,                    ,Other-Miscellaneous ,Final Approach      ,                    ,Pilot Induced       ,Personal            ,Pleasure            ,VFR                 ,Weather Not A Factor,Day                 ,None                ,None                ,                    ,                    ,UNDER 12501 LBS               ,MONOPLANE-HIGH WING/PARA WING ,POWERED                       ,UNDER 750 HP                  ,Unscheduled Landing ,                    ,                    ,                    
1728,19940412011509I,AIRCRAFT POPPED OPEN ON DESCENT. FLIGHT MANUAL FLEW OUT AND STRUCK TRUCK WINDSHIELD ON GROUND. LANDED SAFELY.      ,II,V,  ,Inadequate Insp Of A,Other/Miscellaneous ,Pilot-In-Command    ,                    ,                    ,                    ,                    ,Other-Miscellaneous ,Descent             ,                    ,Pilot Induced       ,Personal            ,Pleasure            ,Unknown             ,Weather Not A Factor,Day                 ,None                ,None                ,                    ,                    ,UNDER 12501 LBS               ,MONOPLANE-LOW WING            ,POWERED                       ,                              ,                    ,                    ,Pilot and Ground Cre,                    
2064,19971226042729I,NR2 ENGINE FIRE WHILE LOADING PASSENGERS AT GATE. EVACUATED. FUEL LEVER WAS IN FLIGHT IDLE. CUT OFF. SMOKE CLEARED.,ME,F,  ,Fail/Incorrect Use M,Fire After Crash    ,Pilot-In-Command    ,                    ,                    ,                    ,                    ,Engine Malfunction  ,Other Ground Ops    ,                    ,Pilot Induced       ,Scheduled Air Carrie,Passengers          ,IFR                 ,Low Ceiling         ,Night               ,Other               ,Not Reported        ,                    ,                    ,OVER 12500 LBS                ,MONOPLANE-LOW WING            ,POWERED                       ,                              ,                    ,                    ,                    ,                    
1867,19950619021589I,AFTER DEPARTING HIGH OIL TEMP. LANDED OFF AIRPOR. SHEARED MAIN GEAR. FOUND LOW ON OIL.                             ,II,E,29,Inadequate Insp Of A,Emergency Landing   ,Pilot-In-Command    ,2900,                    ,                    ,Undetermined        ,Engine Malfunction  ,Fcd/Prec Ldg From Cr,                    ,Pilot And Maintenanc,Personal            ,Pleasure            ,VFR                 ,Weather Not A Factor,Day                 ,"FAA Sts, Policies Or",Other               ,                    ,                    ,UNDER 12501 LBS               ,"MULTI WING-BI/TRIPLANE,ETC    ",POWERED                       ,                              ,                    ,                    ,                    ,                    
1773,19940815046149I,BATTERY COMPARTMENT DOOR CAME OPEN. ANTENNA CRACKED WINDSHIELD.                                                    ,II,O,52,Inadequate Insp Of A,Precautionary Landin,Pilot-In-Command    ,5240,                    ,                    ,Improperly Secured  ,System/Component Mal,Normal Cruise       ,                    ,Pilot Induced       ,Air Taxi (Non-Schedu,Cargo               ,VFR                 ,Weather Not A Factor,Day                 ,Flight Personnel    ,Violation           ,                    ,                    ,UNDER 12501 LBS               ,ROTARY WING-HELI/GYROCOPTER   ,POWERED                       ,UNDER 750 HP                  ,                    ,                    ,                    ,                    
1006,19860228038269I,RETURNED WHEN NOSE GEAR FAILED TO RETRACT. FOUND THAT PIN HAD NOT BEEN REMOVED AFTER PREVIOUS MAINTENANCE.         ,II,O,UO,Inadequate Insp Of A,Precautionary Landin,Co-Pilot            ,Unsafe Acts By Third,Other/Miscellaneous ,Maintenance And/Or G,                    ,Other-Miscellaneous ,To Init Climb(1st Pw,                    ,Pilot And Maintenanc,Scheduled Air Carrie,Passengers          ,VFR                 ,Weather Not A Factor,Day                 ,Maintenance Personne,Violation           ,"Oper Flt Sch, A/Taxi",Violation           ,OVER 12500 LBS                ,MONOPLANE-LOW WING            ,POWERED                       ,                              ,Unscheduled Landing ,                    ,                    ,                    
289,19790718019229I,GROUND STAND BAGGAGE CART WITH INOPERATIVE BRAKES ROLLED INTO SIDE OF PARKED AIRCRAFT. 9 INCH TEAR IN FUSELAGE.    ,DE,V,  ,"Defic, Co Maintain E",Other/Miscellaneous ,Oper Supervisory Per,                    ,                    ,                    ,                    ,Other-Miscellaneous ,Other Ground Ops    ,                    ,"Miscellaneous, Other",Scheduled Air Carrie,Passengers          ,VFR                 ,Weather Not A Factor,Day                 ,None                ,None                ,                    ,                    ,OVER 12500 LBS                ,MONOPLANE-LOW WING            ,POWERED                       ,                              ,                    ,                    ,                    ,                    
2352,20000625032189I,(-23)NORTHWEST AIRLINES DC-10 BOEING PUSHED BACK FOR REPOSITIONING OFF OF GATE B-52 STRUCK A CONTINENTAL AIRLINES D,AF,V,SC,Improper Maintenance,Other/Miscellaneous ,Airport Supervisory ,Inadeq Sup-Vision Tr,Other/Miscellaneous ,Oper Supervisory Per,                    ,Collision With Other,Other Ground Ops    ,                    ,"Miscellaneous, Other",Scheduled Air Carrie,None Or Other       ,VFR                 ,Weather Not A Factor,Day                 ,Op & FAA St Policies,Violation           ,                    ,                    ,OVER 12500 LBS                ,MONOPLANE-LOW WING            ,POWERED                       ,                              ,                    ,                    ,                    ,                    
1045,19860530030499A,ENGINE OVERHEAT. HOT OIL SMELL.KNEW HE HAD FAILED TO REMOVE AIR INTAKE PLUGS. NOSED OVER IN FURROWS PLOWED FAILED  ,II,E,71,Inadequate Insp Of A,Emergency Landing   ,Pilot-In-Command    ,7160,                    ,                    ,Fouled              ,Engine Malfunction  ,Forced/Precautionary,                    ,Pilot Induced       ,Personal            ,Pleasure            ,VFR                 ,Weather Not A Factor,Day                 ,Other               ,Not Reported        ,                    ,                    ,UNDER 12501 LBS               ,MONOPLANE-HIGH WING/PARA WING ,POWERED                       ,UNDER 750 HP                  ,                    ,                    ,                    ,                    
656,19821117066379I,PILOT UNABLE TO PRESSURIZE. FOUND ACCESS DOOR SLIGHTLY OPEN. DEPRESSURIZED. DOOR OPENED FULLY. STOPPED BY FUSELAGE.,II,V,52,Inadequate Insp Of A,Other/Miscellaneous ,Pilot-In-Command    ,                    ,                    ,                    ,                    ,Other-Miscellaneous ,Normal Cruise       ,                    ,Pilot Induced       ,Air Taxi (Non-Schedu,Cargo               ,IFR                 ,Weather Not A Factor,Night               ,None                ,None                ,                    ,                    ,UNDER 12501 LBS               ,MONOPLANE-MID WING            ,POWERED                       ,UNDER 750 HP                  ,Unscheduled Landing ,Declared Emergency  ,                    ,                    
514,19810303007119A,VEERED OFF RUNWAY ON LANDING.  HIT PARKED AIRPLANE.  NEWLY INSTALLED CARPETING RESTRICTED RUDDER PEDAL MOVEMENT.   ,II,V,27,Inadequate Insp Of A,Other/Miscellaneous ,Pilot-In-Command    ,                    ,                    ,                    ,                    ,Loss Of Dir Ctl-Grnd,Roll-Out (Fixed Wing,                    ,Pilot And Maintenanc,Instruction         ,Training            ,IFR                 ,Low Ceiling         ,Day                 ,Other               ,Not Reported        ,                    ,                    ,UNDER 12501 LBS               ,MONOPLANE-HIGH WING/PARA WING ,POWERED                       ,                              ,                    ,                    ,                    ,                    
2212,19950602032329I,VEERED OFF TAXIWAY. STRUCK TAXIWAY LIGHT. WAS ADVISED DAMAGED PROP. CONTINUED TO LIT.                              ,AU,V,GC,Attempt Operation Wi,Other/Miscellaneous ,Pilot-In-Command    ,Improper Oper Brake/,Other/Miscellaneous ,Pilot-In-Command    ,                    ,Loss Of Directional ,"Ground Taxi, Other A",                    ,Pilot Induced       ,Business            ,None Or Other       ,VFR                 ,Weather Not A Factor,Day                 ,Flight Personnel    ,Violation           ,                    ,                    ,UNDER 12501 LBS               ,MONOPLANE-LOW WING            ,POWERED                       ,UNDER 750 HP                  ,                    ,                    ,                    ,                    
1494,19901101064289I,FUEL CAP MISSING FROM RIGHT TANK AND GAS ESCAPING WHILE TAXIING. REPLACED CAP. RESUMED FLIGHT WITHOUT CLEANING WING,II,V,  ,Inadequate Insp Of A,Other/Miscellaneous ,Pilot-In-Command    ,                    ,                    ,                    ,                    ,Other-Miscellaneous ,"Ground Taxi, Other A",                    ,Pilot Induced       ,A/T Com (Sched 5/Mor,Passengers          ,Unknown             ,Weather Not A Factor,Day                 ,Flight Personnel    ,Violation           ,                    ,                    ,UNDER 12501 LBS               ,MONOPLANE-LOW WING            ,POWERED                       ,                              ,                    ,                    ,                    ,                    
2600,20050713014239I,"(-23) ON JULY 13, 2005, AT 1535 MST, AN RAYTHEON AIRCRAFT CO. B36TC (BONANZA), N3042V REGISTERED TO HAVENS LEASING ",AU,V,24,Attempt Operation Wi,Other/Miscellaneous ,Pilot-In-Command    ,2434,                    ,                    ,Other               ,Wheels-Up Landing   ,Forced/Precautionary,                    ,Pilot And Maintenanc,Personal            ,Pleasure            ,VFR                 ,Weather Not A Factor,Day                 ,Other               ,Other               ,                    ,                    ,UNDER 12501 LBS               ,MONOPLANE-LOW WING            ,POWERED                       ,UNDER 750 HP                  ,                    ,                    ,Pilot and Ground Cre,                    
1037,19860706034879A,THE ENGINE LOST POWER ON TAKEOFF AND THE AIRCRAFT FLIPPED ON LANDING.PILOT HAD JUST FILLED TANKS. WATER IN FUEL.   ,II,E,28,Inadequate Insp Of A,Emergency Landing   ,Pilot-In-Command    ,2800,                    ,                    ,Fuel Contamination  ,Nose Up Or Over     ,Forced/Precautionary,                    ,Pilot And Maintenanc,Aerial Applicator   ,Agriculture         ,VFR                 ,Weather Not A Factor,Day                 ,Other               ,Not Reported        ,                    ,                    ,UNDER 12501 LBS               ,MONOPLANE-LOW WING            ,POWERED                       ,UNDER 750 HP                  ,                    ,                    ,                    ,                    
750,19840121015319I,ENGINE FAILED AFTER TAKEOFF. TRIED TO MAKE A ROAD BUT DRIFTED OFF THE EDGE. FOUND SOLID ICE IN CARBURETOR BOWL.    ,II,5,28,Inadequate Insp Of A,Gusty Winds         ,Pilot-In-Command    ,                    ,                    ,                    ,                    ,Control Coll With Gr,Forced/Precautionary,                    ,Pilot Induced       ,Personal            ,Pleasure            ,VFR                 ,Freezing Temperature,Day                 ,Other               ,Not Reported        ,                    ,                    ,UNDER 12501 LBS               ,MONOPLANE-HIGH WING/PARA WING ,POWERED                       ,UNDER 750 HP                  ,                    ,                    ,                    ,                    
1875,19950527014439A,LOST CONTROL ON CLIMBOUT AFTER TOW RELEASE. ROLLED BOTH WAYS. SPIRAL TO IMPACT. NEGLECTED TO CONNECT RIGHT AILERON.,II,E,27,Inadequate Insp Of A,Emergency Landing   ,Pilot-In-Command    ,2710,                    ,                    ,Improperly Secured  ,Uncontroll Coll With,To Init Climb(1st Pw,                    ,Pilot Induced       ,Personal            ,Glider              ,VFR                 ,Weather Not A Factor,Day                 ,Other               ,Not Reported        ,                    ,                    ,UNDER 12501 LBS               ,KITE/SAILWING                 ,NONPOWERED                    ,                              ,                    ,                    ,                    ,                    
2243,19960322013629I,NARRATIVE: THE AIRCRAFT WAS BEING FERRIED FOR MAINTENANCE. THE GEAR BLOCKED DOWN AND THE NOSE BLOCK FELL OUT DURING,AU,V,  ,Attempt Operation Wi,Other/Miscellaneous ,Pilot-In-Command    ,                    ,                    ,                    ,                    ,Gear Collapse       ,"Ground Taxi, Other A",                    ,Pilot Induced       ,Other               ,Ferry               ,Unknown             ,Weather Not A Factor,Day                 ,None                ,None                ,                    ,                    ,UNDER 12501 LBS               ,MONOPLANE-LOW WING            ,POWERED                       ,UNDER 750 HP                  ,                    ,                    ,Pilot and Ground Cre,                    
1967,19960504009509A,FAILED TO DETACH TRAILER TIE DOWN FROM SKID. LOST CONTROL AND ROLLED ON LIFT OFF. (-23) PILOT FAILED TO FULLY DETAC,II,V,  ,Inadequate Insp Of A,Other/Miscellaneous ,Pilot-In-Command    ,                    ,                    ,                    ,                    ,Nose Up Or Over     ,To Vertical (Helicop,                    ,Pilot Induced       ,Aerial Applicator   ,Agriculture         ,VFR                 ,Weather Not A Factor,Day                 ,Flight Personnel    ,Discussion          ,                    ,                    ,UNDER 12501 LBS               ,ROTARY WING-HELI/GYROCOPTER   ,POWERED                       ,                              ,                    ,                    ,                    ,                    
229,19790211002709A,AIRCRAFT FAILED TO LIFTOFF RUNWAY. RAN OFF END INTO SNOW BANK. FROST ON AIRFRAME.                                  ,II,I,UN,Inadequate Insp Of A,Icing On Aircraft   ,Pilot-In-Command    ,Misc/Pilot Unsafe Ac,Icing On Aircraft   ,Pilot-In-Command    ,                    ,Collision With Other,Takeoff Ground Roll ,                    ,Pilot Induced       ,Business            ,None Or Other       ,VFR                 ,Weather Not A Factor,Night               ,Other               ,Not Reported        ,                    ,                    ,UNDER 12501 LBS               ,MONOPLANE-HIGH WING/PARA WING ,POWERED                       ,                              ,                    ,                    ,                    ,                    
891,19850418016709I,ENGINE POWER FAILURE WHILE DOING AEROBATICS. LANDED IN FIELD. PILOT DID NOT VISUALLY INSPECT FUEL TANKS.           ,II,E,PF,Inadequate Insp Of A,Emergency Landing   ,Pilot-In-Command    ,Poor Preflight Plan ,Other/Miscellaneous ,Pilot-In-Command    ,                    ,Forced Landing      ,Descent             ,                    ,Pilot Induced       ,Personal            ,Pleasure            ,VFR                 ,Weather Not A Factor,Day                 ,Flight Personnel    ,Violation           ,                    ,                    ,UNDER 12501 LBS               ,MONOPLANE-HIGH WING/PARA WING ,POWERED                       ,                              ,                    ,                    ,                    ,                    
144,19780913017419I,ABORTED TAKEOFF WHEN FRONT BAGGAGE DOOR POPPED OPEN.                                                               ,II,V,52,Inadequate Insp Of A,Other/Miscellaneous ,Pilot-In-Command    ,                    ,                    ,                    ,                    ,Other-Miscellaneous ,To Aborted (Fixed Wi,                    ,Pilot Induced       ,A/T Com (Sched 5/Mor,Passengers          ,Unknown             ,Weather Not A Factor,Day                 ,"FAA Sts, Policies Or",Other               ,                    ,                    ,UNDER 12501 LBS               ,MONOPLANE-LOW WING            ,POWERED                       ,                              ,Unscheduled Landing ,                    ,                    ,                    
178,19781113027039I,PILOT TAXIED INTO UNMARKED DITCH AT END OF TAXIWAY.                                                                ,AF,H,AA,Improper Maintenance,Hidden Hazardous Obj,Airport Supervisory ,Fail Advise Unsafe A,Hidden Hazardous Obj,Controller/ATC      ,                    ,Coll With Airport Ha,"Ground Taxi, Other A",                    ,"Miscellaneous, Other",Personal            ,Pleasure            ,VFR                 ,Weather Not A Factor,Night               ,Other               ,Not Reported        ,                    ,                    ,UNDER 12501 LBS               ,MONOPLANE-LOW WING            ,POWERED                       ,                              ,                    ,                    ,                    ,                    
1211,19870606018859A,UNABLE TO STAY AIRBORNE ON TAKEOFF. ABORTED AND GROUND LOOPED INTO A TREE TO AVOID OVERRUN. MAG SWITCH ON ONE MAG. ,ME,V,TO,Fail/Incorrect Use M,Other/Miscellaneous ,Pilot-In-Command    ,Delay Action In Abor,Emergency Landing   ,Pilot-In-Command    ,                    ,Collision With Trees,To Aborted (Fixed Wi,                    ,Pilot Induced       ,Personal            ,Pleasure            ,VFR                 ,Weather Not A Factor,Day                 ,Other               ,Not Reported        ,                    ,                    ,UNDER 12501 LBS               ,MONOPLANE-LOW WING            ,POWERED                       ,UNDER 750 HP                  ,                    ,                    ,                    ,Pilot and Ground Cre
2210,19990714022959I,(-23) ACCORDING TO THE PILOT HE DEPARTED FRONT RANGE AIRPORT DURING THE HOURS OF DARKNESS. DURING THE START AND RUN,AU,V,GF,Attempt Operation Wi,Other/Miscellaneous ,Pilot-In-Command    ,"Op Gear Control, Fai",Other/Miscellaneous ,Pilot-In-Command    ,                    ,Wheels-Up Landing   ,Level Off Touchdown ,                    ,Pilot And Maintenanc,Personal            ,Pleasure            ,VFR                 ,Weather Not A Factor,Night               ,Flight Personnel    ,Violation           ,                    ,                    ,UNDER 12501 LBS               ,MONOPLANE-LOW WING            ,POWERED                       ,                              ,                    ,                    ,Pilot and Ground Cre,Pilot and Ground Cre
1135,19870319012959I,NOSE GEAR WOULD NOT RETRACT AFTER TAKEOFF. RETURNED AND FOUND PIN WAS INSTALLED.                                   ,II,O,  ,Inadequate Insp Of A,Precautionary Landin,Pilot-In-Command    ,                    ,                    ,                    ,                    ,Other-Miscellaneous ,To Init Climb(1st Pw,                    ,Pilot Induced       ,Scheduled Air Carrie,Passengers          ,Unknown             ,Weather Not A Factor,Day                 ,Flight Personnel    ,Violation           ,"FAA Sts, Policies Or",Other               ,OVER 12500 LBS                ,MONOPLANE-LOW WING            ,POWERED                       ,                              ,Unscheduled Landing ,                    ,                    ,                    
2592,20050504010229A,"(-23) A SIKORSKY S-70A, N160LA, ENCOUNTERED A VIBRATION AFTER THE APU DOOR STRUCK A MAIN ROTOR BLADE INFLIGHT NEAR ",II,V,52,Inadequate Insp Of A,Other/Miscellaneous ,Ground Crew         ,5247,                    ,                    ,Improperly Secured  ,Jet Rotor Blade     ,Normal Cruise       ,                    ,"Miscellaneous, Other",Industrial/Special  ,None Or Other       ,Unknown             ,Weather Not A Factor,Day                 ,None                ,None                ,                    ,                    ,OVER 12500 LBS                ,ROTARY WING-HELI/GYROCOPTER   ,POWERED                       ,                              ,                    ,                    ,                    ,                    
2598,20050429009279I,(-23) THE PILOT WAS TAXIING THE AIRCRAFT TO PARKING FOLLOWING A CARGO TRIP. UPON REACHING A POINT WHERE THE TAXIWAY,AI,V,HO,Inadequately Maintai,Other/Miscellaneous ,Airport Supervisory ,Fail Avd Objs Or Obs,Other/Miscellaneous ,Pilot-In-Command    ,                    ,Collision With Wires,"Ground Taxi, Other A",                    ,"Miscellaneous, Other",Air Taxi (Non-Schedu,Cargo               ,VFR                 ,Weather Not A Factor,Day                 ,Other               ,Not Reported        ,                    ,                    ,UNDER 12501 LBS               ,MONOPLANE-LOW WING            ,POWERED                       ,                              ,                    ,                    ,Pilot and Ground Cre,Pilot and Ground Cre
1393,19890723054159I,AFTER LANDING IT WAS DETERMINED THERE WAS INSUFFICIENT NUMBER OF SEATS AND OXYGEN MASKS FOR PASSENGERS ONBOARD.    ,DE,V,  ,"Defic, Co Maintain E",Other/Miscellaneous ,Pilot-In-Command    ,                    ,                    ,                    ,                    ,Other-Miscellaneous ,Normal Cruise       ,                    ,Pilot And Maintenanc,Supplemental Or Comm,Passengers And Cargo,Unknown             ,Weather Not A Factor,Day                 ,Flight Personnel    ,Violation           ,                    ,                    ,OVER 12500 LBS                ,MONOPLANE-LOW WING            ,POWERED                       ,                              ,                    ,                    ,Pilot and Ground Cre,                    
2030,19970523014439I,NARRATIVE: THE CARGO DOOR WAS LATCHED BEFORE TAKEOFF BY MR. BOWEN. RUNWAY CONDITIONS AT STEVEN'S VILLAGE WAS EXTREM,II,E,52,Inadequate Insp Of A,Emergency Landing   ,Pilot-In-Command    ,5230,                    ,                    ,Improperly Secured  ,System/Component Mal,Climb               ,                    ,Pilot And Maintenanc,Air Taxi (Non-Schedu,Passengers          ,VFR                 ,Weather Not A Factor,Day                 ,Flight Personnel    ,Discussion          ,Flight Personnel    ,Additional Training ,UNDER 12501 LBS               ,MONOPLANE-HIGH WING/PARA WING ,POWERED                       ,                              ,                    ,                    ,                    ,                    
2051,19970908038069A,TIRED TAXI WITH TIEDOWN CHAINS ATTACHE. ROLLED OVER. PILOT FAILED NOTE RAMP PERSON TIED SKIDS DUE HIGH WIND.       ,II,E,  ,Inadequate Insp Of A,Emergency Landing   ,Pilot-In-Command    ,                    ,                    ,                    ,                    ,Nose Up Or Over     ,"Ground Taxi, Other A",                    ,Pilot Induced       ,Personal            ,Pleasure            ,VFR                 ,Weather Not A Factor,Day                 ,Other               ,Not Reported        ,                    ,                    ,UNDER 12501 LBS               ,ROTARY WING-HELI/GYROCOPTER   ,POWERED                       ,UNDER 750 HP                  ,                    ,                    ,                    ,                    
160,19781108022239I,BAGGAGE CART WAS BLOWN INTO PARKED AIRCRAFT BY JET BLAST. BRAKES WERE INOPERATIVE ON CART.                         ,DE,V,  ,"Defic, Co Maintain E",Other/Miscellaneous ,Oper Supervisory Per,                    ,                    ,                    ,                    ,Jet Blast           ,Other Ground Ops    ,                    ,"Miscellaneous, Other",Scheduled Air Carrie,Passengers          ,VFR                 ,Weather Not A Factor,Day                 ,Other               ,Not Reported        ,                    ,                    ,OVER 12500 LBS                ,MONOPLANE-HIGH WING/PARA WING ,POWERED                       ,                              ,                    ,                    ,                    ,                    
8,19760606015529A,SUFFICIENT OPPORTUNITY EXISTED TO RELEASE WHEN GLIDER ASSUMED NOSE HIGH ATTITUDE.                                  ,ME,V,  ,Fail/Incorrect Use M,Other/Miscellaneous ,Pilot-In-Command    ,                    ,                    ,                    ,                    ,Uncontroll Coll With,To Init Climb(1st Pw,                    ,Pilot Induced       ,Personal            ,None Or Other       ,VFR                 ,Weather Not A Factor,Day                 ,                    ,                    ,                    ,                    ,UNDER 12501 LBS               ,MONOPLANE-HIGH WING/PARA WING ,POWERED                       ,                              ,                    ,                    ,                    ,                    
2630,20051009024969I,(-23) ^PRIVACY DATA OMITTED^ HELICOPTER ENGINE POWER CHECKS WERE BEING CONDUCTED BY PILOT AND ONE CREWMEMBER. DURIN,II,V,52,Inadequate Insp Of A,Other/Miscellaneous ,Pilot-In-Command    ,5242,                    ,                    ,Improperly Secured  ,Other-Miscellaneous ,Descent             ,                    ,Pilot Induced       ,Air Taxi (Non-Schedu,Test Flight         ,Unknown             ,Weather Not A Factor,Day                 ,Flight Personnel    ,Violation           ,                    ,                    ,UNDER 12501 LBS               ,ROTARY WING-HELI/GYROCOPTER   ,POWERED                       ,                              ,                    ,                    ,                    ,                    
1693,19930530020029I,PILOT LOST CONTROL OF AIRCRAFT ON TAKEOFF ROLL. PILOTS SEAT WAS NOT LOCKED IN POSITION AND SLID AFT ON ACCELARATION,II,V,25,Inadequate Insp Of A,Other/Miscellaneous ,Pilot-In-Command    ,2510,                    ,                    ,Undetermined        ,Loss Of Directional ,Takeoff Ground Roll ,                    ,Pilot Induced       ,Personal            ,Pleasure            ,VFR                 ,Weather Not A Factor,Day                 ,None                ,None                ,                    ,                    ,UNDER 12501 LBS               ,MONOPLANE-HIGH WING/PARA WING ,POWERED                       ,                              ,                    ,                    ,Pilot and Ground Cre,                    
495,19801230089799I,"FLAT NOSE STRUT FAILED TO EXTEND BEFORE RETRACTION. IT CAUGHT ON AIRPLANE STRUCTURE, BROKE THE BELLCRANK. COLLAPSED",II,V,32,Inadequate Insp Of A,Other/Miscellaneous ,Pilot-In-Command    ,                    ,                    ,                    ,                    ,Gear Collapse       ,Roll-Out (Fixed Wing,                    ,Pilot And Maintenanc,Personal            ,Pleasure            ,VFR                 ,Weather Not A Factor,Day                 ,Other               ,Not Reported        ,                    ,                    ,UNDER 12501 LBS               ,MONOPLANE-LOW WING            ,POWERED                       ,                              ,                    ,                    ,                    ,                    
2299,19980508008619A,LOST POWER ENROUTE. NOSED OVER LANDING ON A SLOPE. NO EVIDENCE OF FUEL AT SCENE. FAILED TO VISUALLY CHECK FUEL.. (.,II,V,PP,Inadequate Insp Of A,Other/Miscellaneous ,Pilot-In-Command    ,Poor Preflight Plan/,Other/Miscellaneous ,Pilot-In-Command    ,                    ,Control Coll With Gr,Fcd/Prec Ldg From Cr,                    ,Pilot Induced       ,Personal            ,Pleasure            ,VFR                 ,Weather Not A Factor,Dusk                ,Flight Personnel    ,Re-Examination/Re-In,                    ,                    ,UNDER 12501 LBS               ,MONOPLANE-HIGH WING/PARA WING ,POWERED                       ,UNDER 750 HP                  ,                    ,                    ,                    ,Pilot and Ground Cre
1772,19940818022409A,LOST LEFT ENGINE NEAR H71. FEATHERED. HIGH . BEGAN GO AROUND BELOW VMC. CRASHED. BAD OIL LEAK. CRACKED ENGINE CASE.,AU,E,VM,Attempt Operation Wi,Emergency Landing   ,Pilot-In-Command    ,Operation Below Vmc ,Emergency Landing   ,Pilot-In-Command    ,                    ,Uncontroll Coll With,Go Round (Aborted VF,                    ,Pilot And Maintenanc,Business            ,None Or Other       ,VFR                 ,Weather Not A Factor,Day                 ,Other               ,Not Reported        ,                    ,                    ,UNDER 12501 LBS               ,MONOPLANE-LOW WING            ,POWERED                       ,UNDER 750 HP                  ,                    ,                    ,                    ,                    
1612,19920405008919A,"ATTEMPTED TAKEOFF FROM 2500 FT SOD STRIP.GUSTY NORTH WIND,HIT TREES OFF END OF STRIP CRASHED.                      ",ME,V,DC,Fail/Incorrect Use M,Other/Miscellaneous ,Pilot-In-Command    ,Failed To Correct Fo,Gusty Winds         ,Pilot-In-Command    ,                    ,Collision With Trees,To Init Climb(1st Pw,                    ,Pilot Induced       ,Personal            ,Pleasure            ,VFR                 ,Weather Not A Factor,Day                 ,Other               ,Not Reported        ,                    ,                    ,UNDER 12501 LBS               ,MONOPLANE-LOW WING            ,POWERED                       ,UNDER 750 HP                  ,                    ,                    ,                    ,                    
795,19840821046409A,CRASH OCCURRED DURING FORCED LANDING AFTER ENGINE FAILURE DURING TAKEOFF. AIRCRAFT HAD NOT HAD ANNUAL INSPECTION.  ,II,E,72,Inadequate Insp Of A,Emergency Landing   ,Pilot-In-Command    ,                    ,                    ,                    ,                    ,Collision With Trees,Forced/Precautionary,                    ,Pilot And Maintenanc,Personal            ,Pleasure            ,VFR                 ,Weather Not A Factor,Day                 ,                    ,                    ,                    ,                    ,UNDER 12501 LBS               ,MONOPLANE-LOW WING            ,POWERED                       ,UNDER 750 HP                  ,                    ,                    ,                    ,                    
1887,19950216008379I,"NARRATIVE: THE PILOT OF CESSNA 207, N1549U STATED THAT AFTER TAKEOFF FROM THE BETHEL AIRPORT, THE ENGINE STOPPED RU",II,E,  ,Inadequate Insp Of A,Emergency Landing   ,Pilot-In-Command    ,                    ,                    ,                    ,                    ,Engine Malfunction  ,Forced/Precautionary,                    ,Pilot Induced       ,A/T Com (Sched 5/Mor,Passengers And Cargo,VFR                 ,Weather Not A Factor,Day                 ,Flight Personnel    ,Violation           ,                    ,                    ,UNDER 12501 LBS               ,MONOPLANE-HIGH WING/PARA WING ,POWERED                       ,                              ,                    ,                    ,                    ,                    
896,19850525020799A,TOUCHED DOWN LONG AND BOUNCED. ATTEMPTED DOWNWIND GO AROUND WITH FULL FLAPS. STRUCK TREE 3 MILES FROM AIRPORT.     ,ME,V,DW,Fail/Incorrect Use M,Other/Miscellaneous ,Pilot-In-Command    ,Downwind Takeoff Or ,Other/Miscellaneous ,Pilot-In-Command    ,                    ,Collision With Trees,Go Round (Aborted VF,                    ,Pilot Induced       ,Personal            ,Pleasure            ,VFR                 ,Weather Not A Factor,Day                 ,Flight Personnel    ,Re-Examination/Re-In,                    ,                    ,UNDER 12501 LBS               ,MONOPLANE-LOW WING            ,POWERED                       ,UNDER 750 HP                  ,                    ,                    ,                    ,Pilot and Ground Cre
1117,19861114075329I,ENTERED TCA WITHOUT ATC COMMUNICATION. PILOT WAS AWARE OF MALFUNCTIONING ENCODING ALTIMETER.                       ,AU,V,34,Attempt Operation Wi,Other/Miscellaneous ,Pilot-In-Command    ,3416,                    ,                    ,Jammed Or Malfunctio,System/Component Mal,Descent             ,                    ,Pilot And Maintenanc,Business            ,None Or Other       ,VFR                 ,Weather Not A Factor,Day                 ,Flight Personnel    ,Violation           ,                    ,                    ,UNDER 12501 LBS               ,MONOPLANE-LOW WING            ,POWERED                       ,                              ,                    ,                    ,                    ,                    
2406,20010421009329I,"(-23)AIRCRAFT WAS IN CRUISE FLIGHT, THERE WAS A RPM LOSS AND PILOT COULD NOT MAINTAIN ALTITUDE. PILOT MADE AN EMERG",II,V,73,Inadequate Insp Of A,Other/Miscellaneous ,Pilot-In-Command    ,7310,                    ,                    ,Fuel Contamination  ,Engine Malfunction  ,Normal Cruise       ,                    ,Pilot And Maintenanc,Air Taxi (Non-Schedu,Passengers          ,VFR                 ,Unknown             ,Day                 ,Flight Personnel    ,Discussion          ,                    ,                    ,UNDER 12501 LBS               ,MONOPLANE-HIGH WING/PARA WING ,POWERED                       ,UNDER 750 HP                  ,                    ,                    ,                    ,                    
1970,19960524045629A,NOSE BAGGAGE DOOR OPENED ON TAKEOFF. BAGGAGE HIT LEFT PROP. GOT BELWO UMC. LANDED ON SEA ICE. WILL FLY DOOR OPEN.  ,II,E,VM,Inadequate Insp Of A,Emergency Landing   ,Pilot-In-Command    ,Operation Below Vmc ,Precautionary Landin,Pilot-In-Command    ,                    ,Uncontroll Coll With,Forced/Precautionary,                    ,Pilot Induced       ,Air Taxi (Non-Schedu,Passengers And Cargo,VFR                 ,Weather Not A Factor,Day                 ,Other               ,Not Reported        ,                    ,                    ,UNDER 12501 LBS               ,MONOPLANE-LOW WING            ,POWERED                       ,UNDER 750 HP                  ,                    ,                    ,                    ,Pilot and Ground Cre
1297,19871211075169A,ROUGH ENGINE ON CLIMBOUT. LANDED ON CITY STREET. SPARK PLUGS OUT OF TOLERENCE. FOUND PRIMER UNLOCKED.              ,II,E,ME,Inadequate Insp Of A,Emergency Landing   ,Maintenance And/Or G,Fail/Incorrect Use M,Other/Miscellaneous ,Pilot-In-Command    ,                    ,Collision With Other,Forced/Precautionary,                    ,Pilot And Maintenanc,Personal            ,Civil Club          ,IFR                 ,Fog                 ,Day                 ,Other               ,Not Reported        ,                    ,                    ,UNDER 12501 LBS               ,MONOPLANE-HIGH WING/PARA WING ,POWERED                       ,UNDER 750 HP                  ,                    ,                    ,                    ,                    
2429,20010910029739I,"(-23) DURING TAXI OUT, CFI NOTICED NOSE LANDING GEAR GREEN LIGHT WAS OUT. SHE ATTEMPTED TO SWAP LIGHTS TO VERIFY TH",II,V,AU,Inadequate Insp Of A,Other/Miscellaneous ,Pilot-In-Command    ,Attempt Operation Wi,Other/Miscellaneous ,Pilot-In-Command    ,                    ,Gear Collapse       ,Forced/Precautionary,                    ,Pilot And Maintenanc,Instruction         ,Training            ,VFR                 ,Unknown             ,Day                 ,Flight Instructor   ,Re-Examination/Re-In,                    ,                    ,UNDER 12501 LBS               ,MONOPLANE-LOW WING            ,POWERED                       ,                              ,                    ,                    ,Pilot and Ground Cre,Pilot and Ground Cre
1240,19871027060859A,"ELECTRIC POWER LOST ON IFR DUAL FLIGHT. STRUCK POWER POLE ON FORCED LANDING, FOUND CIRCUIT BREAKER OFF. PILOT ERROR",ME,E,II,Fail/Incorrect Use M,Emergency Landing   ,Pilot-In-Command    ,Inadequate Insp Of A,Weather             ,Pilot-In-Command    ,                    ,Collision With Wires,Fcd/Prec Ldg From Cr,                    ,Pilot Induced       ,Instruction         ,Training            ,IFR                 ,Fog                 ,Night               ,Other               ,Not Reported        ,                    ,                    ,UNDER 12501 LBS               ,MONOPLANE-LOW WING            ,POWERED                       ,UNDER 750 HP                  ,                    ,                    ,Pilot and Ground Cre,                    
2160,19980616023109I,LOUD BANG AND SHUDDER ENROUTE. SAW SPARKS AT ROTOR. RETURNED. ENGINE COWLING SEPERATED. COWL NOT FASTENED.         ,II,O,  ,Inadequate Insp Of A,Precautionary Landin,Pilot-In-Command    ,                    ,                    ,                    ,                    ,System/Component Mal,Normal Cruise       ,                    ,Pilot Induced       ,Air Taxi (Non-Schedu,Air Ambulance       ,VFR                 ,Weather Not A Factor,Night               ,Op & FAA St Policies,Recommend Gen Change,                    ,                    ,UNDER 12501 LBS               ,ROTARY WING-HELI/GYROCOPTER   ,POWERED                       ,                              ,                    ,                    ,                    ,                    
1534,19910710026989A,REPORTED PROBLEM ON CLIMBOUT. STALLED AND CRASHED. NO LOCKING PINS IN SEAT TRACK. SEAT PIN BENT. BELT NOT FASTENED ,II,E,25,Inadequate Insp Of A,Emergency Landing   ,Pilot-In-Command    ,2510,                    ,                    ,Improperly Secured  ,Spin                ,To Init Climb(1st Pw,                    ,Pilot And Maintenanc,Personal            ,Pleasure            ,VFR                 ,Weather Not A Factor,Day                 ,None                ,None                ,                    ,                    ,UNDER 12501 LBS               ,MONOPLANE-LOW WING            ,POWERED                       ,UNDER 750 HP                  ,                    ,                    ,                    ,                    
111,19780509032859I,FORCED LANDING AFTER POWER LOSS. FOUND WATER IN FUEL.                                                              ,II,V,28,Inadequate Insp Of A,Other/Miscellaneous ,Pilot-In-Command    ,                    ,                    ,                    ,                    ,Forced Landing      ,Normal Cruise       ,                    ,Pilot Induced       ,Personal            ,Pleasure            ,VFR                 ,Weather Not A Factor,Day                 ,Other               ,Not Reported        ,                    ,                    ,UNDER 12501 LBS               ,ROTARY WING-HELI/GYROCOPTER   ,POWERED                       ,                              ,                    ,                    ,                    ,                    
384,19800506012169A,LOST CONTROL OF AIRPLANE ON TAKEOFF ROLL. FAILED TO REMOVE AILERON-ELEVATOR LOCK PIN.                              ,II,E,FP,Inadequate Insp Of A,Emergency Landing   ,Pilot-In-Command    ,Fail Follow Approved,Emergency Landing   ,Pilot-In-Command    ,                    ,Uncontroll Coll With,Takeoff Ground Roll ,                    ,Pilot Induced       ,Business            ,None Or Other       ,VFR                 ,Weather Not A Factor,Day                 ,Other               ,Not Reported        ,                    ,                    ,UNDER 12501 LBS               ,MONOPLANE-HIGH WING/PARA WING ,POWERED                       ,                              ,                    ,                    ,                    ,                    
334,19791128035159A,"PILOT LANDED TO WAIT OUT RAIN SHOWER. ON CLIMBOUT, ENGINE RAN ROUGH. PILOT LANDED IN FIELD. CLAIMS WATER IN FUEL.  ",II,V,28,Inadequate Insp Of A,Other/Miscellaneous ,Pilot-In-Command    ,                    ,                    ,                    ,                    ,Nose Up Or Over     ,Fcd/Prec Ldg From Cr,                    ,Pilot Induced       ,Personal            ,Pleasure            ,VFR                 ,Light Rain          ,Dusk                ,Other               ,Not Reported        ,                    ,                    ,UNDER 12501 LBS               ,MONOPLANE-HIGH WING/PARA WING ,POWERED                       ,                              ,                    ,                    ,                    ,                    
2650,20060621012279A,"(-23) THE PILOT ^PRIVACY DA^ STATED THAT DURING TAKEOFF (AT ROTATION) HIS SEAT SLID BACK, CAUSING HIM TO OVERROTATE",II,V,25,Inadequate Insp Of A,Other/Miscellaneous ,Pilot-In-Command    ,2510,                    ,                    ,Improperly Secured  ,Loss Of Directional ,Takeoff Ground Roll ,                    ,Pilot Induced       ,Personal            ,Pleasure            ,VFR                 ,Weather Not A Factor,Day                 ,Flight Personnel    ,Violation           ,                    ,                    ,UNDER 12501 LBS               ,MONOPLANE-HIGH WING/PARA WING ,POWERED                       ,                              ,Over Water/Into Wate,                    ,                    ,                    
1846,19950314029269I,"NARRATIVE: ON MARCH 14, 1995, N7016M, AN AMATEUR BUILT AIRCRAFT, MADE AN EMERGENCY OFF AIRPORT LANDING NEAR THE BLO",II,E,FO,Inadequate Insp Of A,Emergency Landing   ,Pilot-In-Command    ,Miscellaneous Misuse,Emergency Landing   ,Pilot-In-Command    ,                    ,Forced Landing      ,To Init Climb(1st Pw,                    ,Pilot Induced       ,Personal            ,Pleasure            ,Unknown             ,Unknown             ,Day                 ,Flight Personnel    ,Re-Examination/Re-In,                    ,                    ,UNDER 12501 LBS               ,MONOPLANE-LOW WING            ,POWERED                       ,                              ,                    ,                    ,                    ,Pilot and Ground Cre
410,19800804037399A,EARLY FUEL EXHAUSTION FROM FUEL SIPHONING FROM IMPROPERLY SECURED VENT CAP. OVERSHOT EMERGENCY LANDING AREA.       ,II,E,IS,Inadequate Insp Of A,Emergency Landing   ,Pilot-In-Command    ,Inadeq Space Ac/Wke ,Emergency Landing   ,Pilot-In-Command    ,                    ,Overshoot Landing   ,Fcd/Prec Ldg From Cr,                    ,Pilot Induced       ,Industrial/Special  ,Industrial          ,VFR                 ,Weather Not A Factor,Day                 ,Other               ,Not Reported        ,                    ,                    ,UNDER 12501 LBS               ,MONOPLANE-HIGH WING/PARA WING ,POWERED                       ,                              ,                    ,                    ,                    ,                    
74,19780402008409I,TAXIING AIRCRAFT STRUCK PARKED AIRCRAFT. FOUND WORN OUT & INEFFECTIVE BRAKES AS CAUSE.                             ,AU,V,32,Attempt Operation Wi,Other/Miscellaneous ,Pilot-In-Command    ,                    ,                    ,                    ,                    ,A/C Collisions-On Gr,"Ground Taxi, Other A",                    ,Pilot And Maintenanc,Personal            ,Pleasure            ,VFR                 ,Weather Not A Factor,Day                 ,Flight Personnel    ,Violation           ,                    ,                    ,UNDER 12501 LBS               ,MONOPLANE-HIGH WING/PARA WING ,POWERED                       ,                              ,                    ,                    ,                    ,                    
1406,19890725041869I,ON ENGINE START PILOTS SEAT WENT TO FULL AFT POSITION. PUSH THROTTLE IN FULL. AIRCRAFT COLLIDED WITH PARKED PLANE. ,II,V,  ,Inadequate Insp Of A,Other/Miscellaneous ,Pilot-In-Command    ,                    ,                    ,                    ,                    ,Collision With Other,Starting Engines    ,                    ,Pilot Induced       ,Personal            ,Pleasure            ,Unknown             ,Weather Not A Factor,Dawn                ,None                ,None                ,                    ,                    ,UNDER 12501 LBS               ,MONOPLANE-HIGH WING/PARA WING ,POWERED                       ,UNDER 750 HP                  ,                    ,                    ,Pilot and Ground Cre,                    
1583,19911222062669I,AFTER LIFTOFF PILOT NOTICED RIGHT FUEL CAP MISSING. ABORTED. LANDED ON SAME RUNWAY. RAN OFF SIDE OF RUNWAY.        ,II,V,  ,Inadequate Insp Of A,Other/Miscellaneous ,Pilot-In-Command    ,                    ,                    ,                    ,                    ,Other-Miscellaneous ,To Aborted (Fixed Wi,                    ,Pilot Induced       ,Business            ,None Or Other       ,Unknown             ,Weather Not A Factor,Day                 ,Flight Personnel    ,Re-Examination/Re-In,                    ,                    ,UNDER 12501 LBS               ,MONOPLANE-LOW WING            ,POWERED                       ,                              ,Rejected Takeoff    ,                    ,Pilot and Ground Cre,                    
2494,20030607012509A,"(-23) THE AIRCRAFT DEPARTED BARTLESVILLE MUNICIPAL AIRPORT (BVO) BARTLESVILLE, OK AT 1147 AM LOCAL TIME FOR A LOCAL",II,V,UT,Inadequate Insp Of A,Other/Miscellaneous ,Pilot-In-Command    ,Selected Unsuitable ,Emergency Landing   ,Pilot-In-Command    ,                    ,Nose Up Or Over     ,Fcd/Prec Ldg From Cr,                    ,Pilot Induced       ,Personal            ,Pleasure            ,VFR                 ,Weather Not A Factor,Day                 ,Flight Personnel    ,Violation           ,                    ,                    ,UNDER 12501 LBS               ,"MULTI WING-BI/TRIPLANE,ETC    ",POWERED                       ,UNDER 750 HP                  ,                    ,                    ,                    ,                    
466,19801005072789I,PILOT RAN OFF END OF RUNWAY WHEN REMAINING BRAKE FAILED.                                                           ,AU,V,32,Attempt Operation Wi,Other/Miscellaneous ,Pilot-In-Command    ,                    ,                    ,                    ,                    ,Other-Miscellaneous ,Roll-Out (Fixed Wing,                    ,Pilot And Maintenanc,Personal            ,Pleasure            ,VFR                 ,Weather Not A Factor,Day                 ,Other               ,Not Reported        ,                    ,                    ,UNDER 12501 LBS               ,MONOPLANE-HIGH WING/PARA WING ,POWERED                       ,                              ,                    ,                    ,                    ,                    
165,19781210024199I,WHEELS LOCKED UP AFTER SEVERAL TOUCH AND GO LANDINGS DUE TO SNOW PACKED IN THE WHEEL PANTS.                        ,II,V,  ,Inadequate Insp Of A,Other/Miscellaneous ,Pilot-In-Command    ,                    ,                    ,                    ,                    ,Loss Of Dir Ctl-Grnd,Level Off Touchdown ,                    ,Pilot Induced       ,Instruction         ,Training            ,VFR                 ,Weather Not A Factor,Day                 ,Other               ,Not Reported        ,                    ,                    ,                              ,                              ,                              ,                              ,Off Side Of Runway  ,                    ,Pilot and Ground Cre,                    
1882,19950804028629A,LOST POWER LANDED HARD IN ROUGH WATER. DAMAGED FLOATS AND LONGERON. WATER IN FUEL. MISREAD WATER IN SUMP TO BE FUEL,II,E,  ,Inadequate Insp Of A,Emergency Landing   ,Pilot-In-Command    ,                    ,                    ,                    ,                    ,Hard Landing        ,Fcd/Prec Ldg From Cr,                    ,Pilot Induced       ,Personal            ,Pleasure            ,VFR                 ,Wind                ,Day                 ,Other               ,Not Reported        ,                    ,                    ,UNDER 12501 LBS               ,MONOPLANE-HIGH WING/PARA WING ,POWERED                       ,UNDER 750 HP                  ,Over Water/Into Wate,                    ,                    ,                    
2544,20040304003309I,"(-23) AFTER NORMAL TOUCHDOWN THE AIRCRAFT STARTED SLIDING OR HYDROPLANING TOWARD LEFT SIDE OF RUNWAY, AIRCRAFT STRU",AF,B,  ,Improper Maintenance,Ice/Slush Runway    ,Airport Supervisory ,                    ,                    ,                    ,                    ,Loss Of Directional ,Roll-Out (Fixed Wing,                    ,"Miscellaneous, Other",Other               ,Unknown             ,VFR                 ,Wind                ,Night               ,None                ,None                ,                    ,                    ,OVER 12500 LBS                ,MONOPLANE-LOW WING            ,POWERED                       ,                              ,                    ,                    ,                    ,                    
85,19780427013859I,ENGINE COWLING SEPARATED FROM ENGINE IN FLIGHT.                                                                    ,II,E,SA,Inadequate Insp Of A,Emergency Landing   ,Pilot-In-Command    ,Improperly Serviced ,Emergency Landing   ,Maintenance And/Or G,                    ,Airframe Failure-In ,Normal Cruise       ,                    ,Pilot And Maintenanc,A/T Com (Sched 5/Mor,Passengers          ,Unknown             ,Weather Not A Factor,Day                 ,"FAA Sts, Policies Or",Other               ,                    ,                    ,UNDER 12501 LBS               ,MONOPLANE-LOW WING            ,POWERED                       ,                              ,Unscheduled Landing ,Declared Emergency  ,                    ,                    
2676,20070202001609A,"(-23) ON A FLIGHT FROM NOTH PLATTE, NE, TO IOWA CITY, IA, (487 STATUTE MILES) THE AIRCRAFT LOST POWER NEAR GRINNELL",AU,V,28,Attempt Operation Wi,Other/Miscellaneous ,Pilot-In-Command    ,2800,                    ,                    ,Other               ,Uncontroll Coll With,Fcd/Prec Ldg From Cr,                    ,Pilot And Maintenanc,Personal            ,Pleasure            ,VFR                 ,Wind                ,Day                 ,None                ,None                ,                    ,                    ,                              ,                              ,                              ,                              ,                    ,                    ,                    ,                    
155,19780916024019A,TIE DOWN STRAP ACROSS LEFT SKID CAUGHT ON TRAILER AND TETHERED HEPER.                                              ,II,V,  ,Inadequate Insp Of A,Other/Miscellaneous ,Pilot-In-Command    ,                    ,                    ,                    ,                    ,Uncontroll Coll With,To Vertical (Helicop,                    ,Pilot Induced       ,Other               ,None Or Other       ,VFR                 ,Frontal Activity    ,Day                 ,                    ,                    ,                    ,                    ,                              ,                              ,                              ,                              ,                    ,                    ,                    ,                    
2642,20060718018299I,(-23) THE PILOT IN COMMAND (PIC) FAILED TO ENSURE ALL FUEL TANK CAPS WERE SECURELY FASTENED PRIOR TO DEPARTURE. SUB,II,V,FP,Inadequate Insp Of A,Other/Miscellaneous ,Pilot-In-Command    ,Fail Follow Approved,Other/Miscellaneous ,Pilot-In-Command    ,                    ,Other-Miscellaneous ,Level Off Touchdown ,                    ,Pilot Induced       ,Air Taxi (Non-Schedu,Passengers          ,VFR                 ,Weather Not A Factor,                    ,Flight Personnel    ,Violation           ,                    ,                    ,UNDER 12501 LBS               ,MONOPLANE-HIGH WING/PARA WING ,POWERED                       ,                              ,                    ,                    ,                    ,Pilot and Ground Cre
2566,20040925025079A,(-23) FUEL CONTAMINATION IN AIRFRAME FUEL FILTER AS WELL AS IN FUEL FILTER AND ENGINE DRIVEN FUEL PUMP FILTER. THE ,II,V,73,Inadequate Insp Of A,Other/Miscellaneous ,Pilot-In-Command    ,7310,                    ,                    ,Fuel Contamination  ,Forced Landing      ,Low Level Operations,                    ,Pilot Induced       ,Aerial Applicator   ,Agriculture         ,VFR                 ,Weather Not A Factor,Day                 ,Flight Personnel    ,Re-Examination/Re-In,                    ,                    ,UNDER 12501 LBS               ,ROTARY WING-HELI/GYROCOPTER   ,POWERED                       ,UNDER 750 HP                  ,                    ,                    ,                    ,                    
2264,19961027033759A,PRIOR DEMO FLIGHT. CONNECTING ROD BENT BY HYDRO LOCK IN NR5 CYL ON STARTUP. BROKE. HIT COUNTER WT. BROKE PORP SHAFT,II,E,85,Inadequate Insp Of A,Emergency Landing   ,Pilot-In-Command    ,8520,                    ,                    ,Overstressed        ,Engine Malfunction  ,Fcd/Prec Ldg From Cr,                    ,Pilot And Maintenanc,Personal            ,Pleasure            ,VFR                 ,Weather Not A Factor,Day                 ,Other               ,Not Reported        ,                    ,                    ,UNDER 12501 LBS               ,MONOPLANE-MID WING            ,POWERED                       ,                              ,                    ,                    ,                    ,                    
1151,19870309039779I,"WHILE TAXIING, THE AIRCRAFT STRUCK N106DA WHICH WAS PARKED.  PILOT WAS UNAWARE OF BRAKE PROBLEMS ON THE AIRCRAFT.  ",AU,V,32,Attempt Operation Wi,Other/Miscellaneous ,Maintenance And/Or G,3242,                    ,                    ,Jammed Or Malfunctio,Collision With Other,"Ground Taxi, Other A",                    ,"Miscellaneous, Other",Scheduled Air Carrie,Passengers          ,VFR                 ,Wind                ,Dusk                ,"Maint, Oper FAA St P",Recommend Gen Change,Flight Personnel    ,Re-Examination/Re-In,OVER 12500 LBS                ,MONOPLANE-LOW WING            ,POWERED                       ,                              ,                    ,                    ,Pilot and Ground Cre,                    
2458,20020619014309A,"(-23) N759TY, CE-182 WAS EN ROUTE FROM HOT SPRINGS, ARKANSAS TO FAYETTEVILLE, TENNESSEE, WHEN THE AIRCRAFT ENGINE Q",II,V,28,Inadequate Insp Of A,Other/Miscellaneous ,Pilot-In-Command    ,2810,                    ,                    ,Improperly Secured  ,Control Coll With Gr,Fcd/Prec Ldg From Cr,                    ,Pilot Induced       ,Personal            ,Pleasure            ,Unknown             ,Weather Not A Factor,Day                 ,Flight Personnel    ,Violation           ,                    ,                    ,UNDER 12501 LBS               ,MONOPLANE-HIGH WING/PARA WING ,POWERED                       ,UNDER 750 HP                  ,                    ,                    ,                    ,                    
1940,19951031041599A,ON CLIMBOUT NOSE BAGGAGE DOOR OPENED. REDUCED POWER. STALLED. ROLLED. DIVED INTO OCEAN. TEST FLIGHT FROM STORAGE.  ,II,O,AS,Inadequate Insp Of A,Precautionary Landin,Pilot-In-Command    ,Fail To Maintain Ade,Precautionary Landin,Pilot-In-Command    ,                    ,Stall               ,To Aborted (Fixed Wi,                    ,Pilot Induced       ,Air Taxi (Non-Schedu,Test Flight         ,VFR                 ,Light Rain          ,Day                 ,None                ,None                ,                    ,                    ,UNDER 12501 LBS               ,MONOPLANE-LOW WING            ,POWERED                       ,UNDER 750 HP                  ,Over Water/Into Wate,                    ,                    ,Pilot and Ground Cre
914,19850729066139I,ELEVATOR CONTROL JAMMED SHEN HARNESS CAUGHT ON ELEVATOR CABLE. STICK BOOT NOT FASTENED TO FLOOR. LANDED IN A FIELD.,II,E,27,Inadequate Insp Of A,Emergency Landing   ,Pilot-In-Command    ,                    ,                    ,                    ,                    ,System/Component Mal,Climb               ,                    ,Pilot And Maintenanc,Personal            ,Pleasure            ,Unknown             ,Weather Not A Factor,Day                 ,"FAA Sts, Policies Or",Other               ,                    ,                    ,UNDER 12501 LBS               ,MONOPLANE-HIGH WING/PARA WING ,POWERED                       ,                              ,                    ,                    ,                    ,                    
1724,19940226003029A,LOST POWER EN ROUTE. LANDED ON PRIVATE STRIP. NOSED OVER. LEFT FUEL CAP LEAKED. PREVENTED GRAVITY FUEL FLOW.       ,AU,E,26,Attempt Operation Wi,Emergency Landing   ,Pilot-In-Command    ,2610,                    ,                    ,Leaking             ,Nose Up Or Over     ,Fcd/Prec Ldg From Cr,                    ,Pilot And Maintenanc,Other               ,Ferry               ,VFR                 ,Weather Not A Factor,Day                 ,Other               ,Not Reported        ,                    ,                    ,                              ,                              ,                              ,UNDER 750 HP                  ,                    ,                    ,Pilot and Ground Cre,                    
50,19780111000459A,ACFT DISPATCHER HARRASSMENT OF PILOT. PILOT FORGOT TO REMOVE TIEDROPE.                                             ,II,V,  ,Inadequate Insp Of A,Other/Miscellaneous ,Pilot-In-Command    ,                    ,                    ,                    ,                    ,Other-Miscellaneous ,To Vertical (Helicop,                    ,Pilot Induced       ,Other               ,Ferry               ,VFR                 ,Frontal Activity    ,Day                 ,                    ,                    ,                    ,                    ,UNDER 12501 LBS               ,ROTARY WING-HELI/GYROCOPTER   ,POWERED                       ,                              ,                    ,                    ,                    ,                    
2403,20010411006739I,"(-23) THE HELICOPTER WAS IDLING ON THE HELIPAD, AND THE RPM CONTROL WAS BROUGHT UP TO FLY POSITION FOR THE TAKEOFF.",II,V,  ,Inadequate Insp Of A,Other/Miscellaneous ,Pilot-In-Command    ,                    ,                    ,                    ,                    ,Other-Miscellaneous ,To Vertical (Helicop,                    ,Pilot Induced       ,Other               ,Air Ambulance       ,VFR                 ,Weather Not A Factor,Day                 ,Flight Personnel    ,Violation           ,                    ,                    ,UNDER 12501 LBS               ,ROTARY WING-HELI/GYROCOPTER   ,POWERED                       ,                              ,                    ,                    ,                    ,                    
1263,19870816062719I,"A COPPER TUBE, USED TO HOLD AERIAL BANNERS, FELL THROUGH THE ROOF OF A HOUSE. LOCAL OPERATOR IS BEING MONITORED.   ",DE,R,  ,"Defic, Co Maintain E",Undetermined        ,Oper Supervisory Per,                    ,                    ,                    ,                    ,Other-Miscellaneous ,Unknown/Not Reported,                    ,"Miscellaneous, Other",Industrial/Special  ,None Or Other       ,Unknown             ,Weather Not A Factor,Day                 ,"Oper Flt Sch, A/Taxi",Other               ,                    ,                    ,                              ,                              ,                              ,                              ,Public Complaint    ,                    ,                    ,                    
2099,19980620030289I,"MR. KADERA THEN ATTEMPTED TO LAND IN A FIELD BUT WAS FORCED TO LAND ON HIGHWAY 93. THREE MILES EAST OF SUNMER, IOWA",II,E,28,Inadequate Insp Of A,Emergency Landing   ,Pilot-In-Command    ,2800,                    ,                    ,Accumulated Mositure,Forced Landing      ,Normal Cruise       ,                    ,Pilot Induced       ,Personal            ,Pleasure            ,VFR                 ,Weather Not A Factor,Day                 ,None                ,None                ,                    ,                    ,UNDER 12501 LBS               ,MONOPLANE-HIGH WING/PARA WING ,POWERED                       ,                              ,                    ,                    ,Pilot and Ground Cre,                    
2218,19990923027739A,"(.19) ON SEPTEMBER 23, 1999, AT 1900 HOURS PACIFIC DAYLIGHT TIME, A HOMEBUILT CIERNIA GLASAIR III, N153JC, EXPERIEN",II,V,AU,Inadequate Insp Of A,Other/Miscellaneous ,Pilot-In-Command    ,Attempt Operation Wi,Other/Miscellaneous ,Pilot-In-Command    ,                    ,Control Coll With Gr,Fcd/Prec Ldg From Cr,                    ,Pilot Induced       ,Personal            ,Pleasure            ,VFR                 ,Weather Not A Factor,Dusk                ,Flight Personnel    ,Re-Examination/Re-In,                    ,                    ,UNDER 12501 LBS               ,MONOPLANE-LOW WING            ,POWERED                       ,UNDER 750 HP                  ,                    ,                    ,                    ,                    
2296,19980415037339I,(-5)NOSE BAGGAGE CARGO CONSISTING OF A WOODEN WHEEL CHOCK SHIFTED DURING FLIGHT AND JAMMED THE NOSE LANDING GEAR ME,II,E,  ,Inadequate Insp Of A,Emergency Landing   ,Pilot-In-Command    ,                    ,                    ,                    ,                    ,Wheels-Up Landing   ,Level Off Touchdown ,                    ,Pilot Induced       ,Personal            ,Pleasure            ,Unknown             ,Unknown             ,Day                 ,Flight Personnel    ,Discussion          ,                    ,                    ,UNDER 12501 LBS               ,MONOPLANE-LOW WING            ,POWERED                       ,                              ,                    ,                    ,                    ,                    
1920,19950826026019A,"EXPLOSION LIFTING LOGS. PITCHED UP, ROLLED. COMPRESSOR STALL NR1 ENGINE. FAILED RELEASE LOGS AND USE SE PROCEDURES.",ME,E,FO,Fail/Incorrect Use M,Emergency Landing   ,Pilot-In-Command    ,Miscellaneous Misuse,Emergency Landing   ,Pilot-In-Command    ,                    ,Engine Malfunction  ,Climb               ,                    ,Pilot Induced       ,Industrial/Special  ,Helicopter External ,VFR                 ,Weather Not A Factor,Day                 ,Other               ,Not Reported        ,                    ,                    ,OVER 12500 LBS                ,ROTARY WING-HELI/GYROCOPTER   ,POWERED                       ,750 HP AND OVER               ,                    ,                    ,Pilot and Ground Cre,Pilot and Ground Cre
2334,20000215041409A,"(.19) ON FEBRUARY 19, 2000, AT 1825 EASTERN STANDARD TIME, A BEECH 1900D, N81SK, OPERATED AS SKYWAY AIRLINE FLIGHT ",AF,Q,GC,Improper Maintenance,Snow Bank           ,Airport Supervisory ,Improper Oper Brake/,Snow Bank           ,Pilot-In-Command    ,                    ,Loss Of Directional ,Roll-Out (Fixed Wing,                    ,"Miscellaneous, Other",Supplemental Or Comm,Passengers          ,Unknown             ,Light Snow          ,Day                 ,Flight Personnel    ,Discussion          ,                    ,                    ,OVER 12500 LBS                ,MONOPLANE-LOW WING            ,POWERED                       ,                              ,                    ,                    ,                    ,                    
1033,19860514036219I,GROUND LOOPED ON LANDING. TAILWHEEL WAS FOUND JAMMED FAR RIGHT.                                                    ,II,V,32,Inadequate Insp Of A,Other/Miscellaneous ,Pilot-In-Command    ,3222,                    ,                    ,Jammed Or Malfunctio,Loss Of Dir Ctl-Grnd,Roll-Out (Fixed Wing,                    ,Pilot And Maintenanc,Personal            ,Pleasure            ,VFR                 ,Weather Not A Factor,Day                 ,"FAA Sts, Policies Or",Other               ,Flight Personnel    ,Re-Examination/Re-In,UNDER 12501 LBS               ,MONOPLANE-HIGH WING/PARA WING ,POWERED                       ,                              ,                    ,                    ,                    ,                    
1311,19880527016939A,ENGINE QUIT ON INITIAL CLIMBOUT. CRASH LANDED AVOIDING TREES. FOUND SELECTED FUEL TANK EMPTY. TRIP WAS TO GET FUEL.,II,V,II,Inadequate Insp Of A,Other/Miscellaneous ,Pilot-In-Command    ,Inadequate Insp Of A,Other/Miscellaneous ,Pilot-In-Command    ,                    ,Control Coll With Gr,Forced/Precautionary,                    ,Pilot Induced       ,Personal            ,Pleasure            ,VFR                 ,Weather Not A Factor,Day                 ,Other               ,Not Reported        ,                    ,                    ,UNDER 12501 LBS               ,MONOPLANE-HIGH WING/PARA WING ,POWERED                       ,UNDER 750 HP                  ,                    ,                    ,                    ,                    
2245,19960418007829A,CRASHED AND BURNED. (.4)WITNESSES REPORTED THAT AFTER DEPARTURE FROM A GRASS RUNWAY. THE AIRPLANE REACHED AN ALTITU,II,V,IO,Inadequate Insp Of A,Other/Miscellaneous ,Pilot-In-Command    ,Improper Oper Flt Cn,Emergency Landing   ,Pilot-In-Command    ,                    ,Uncontroll Coll With,To Init Climb(1st Pw,                    ,Pilot Induced       ,Personal            ,Pleasure            ,VFR                 ,Wind                ,Day                 ,                    ,                    ,                    ,                    ,UNDER 12501 LBS               ,MONOPLANE-HIGH WING/PARA WING ,POWERED                       ,UNDER 750 HP                  ,Inflight/Ground Fire,                    ,                    ,Pilot and Ground Cre
2045,19970828026989A,LOUD POP ON TAKEOFF ROLL. LOST RUDDER CONTROL. EXITED RWY INTO CORNFIELD. HAD FAILED TO LOCK THE TAILWHEEL. (-23) M,ME,V,  ,Fail/Incorrect Use M,Other/Miscellaneous ,Pilot-In-Command    ,                    ,                    ,                    ,                    ,Loss Of Directional ,Takeoff Ground Roll ,                    ,Pilot Induced       ,Aerial Applicator   ,Agriculture         ,VFR                 ,Weather Not A Factor,Day                 ,Other               ,Not Reported        ,                    ,                    ,UNDER 12501 LBS               ,"MULTI WING-BI/TRIPLANE,ETC    ",POWERED                       ,750 HP AND OVER               ,                    ,                    ,                    ,                    
1210,19870523018729A,"CANOPY CAME OPEN ON CLIMBOUT CAUSING AN UNCONTROLLED GROUND COLLISION, NO DEFECTS REPORTED. APPEARS PILOT ERROR.   ",II,V,  ,Inadequate Insp Of A,Other/Miscellaneous ,Pilot-In-Command    ,                    ,                    ,                    ,                    ,Uncontroll Coll With,Forced/Precautionary,                    ,Pilot Induced       ,Personal            ,Pleasure            ,VFR                 ,Weather Not A Factor,Day                 ,Other               ,Not Reported        ,                    ,                    ,UNDER 12501 LBS               ,KITE/SAILWING                 ,POWERED                       ,                              ,                    ,                    ,Pilot and Ground Cre,                    
2488,20030620012809I,(-23) PILOT FAILED TO ASSURE THE OIL FILLER CAP WAS SECURE AND TOOK OFF. OIL WAS OBSERVED COMING OUT OF THE ENGINE ,II,V,85,Inadequate Insp Of A,Other/Miscellaneous ,Pilot-In-Command    ,8550,                    ,                    ,Improperly Secured  ,Other-Miscellaneous ,Normal Cruise       ,                    ,Pilot Induced       ,Personal            ,Pleasure            ,VFR                 ,Weather Not A Factor,Day                 ,None                ,None                ,                    ,                    ,UNDER 12501 LBS               ,MONOPLANE-HIGH WING/PARA WING ,POWERED                       ,                              ,                    ,                    ,                    ,                    
