id,sample,entity,qid
19990213001379A,"ACFT WAS TAXIING FOR TAKE OFF WHEN IT LOST CONTROL, RAN INTO A DITCH, AND STRUCK A TREE. OTHER CIRCUMSTANCES AE UNK","['ACFT', None, None]","['Q11436', None, None]"
19800217031649I,"AFTER TAKEOFF, ENGINE QUIT. WING FUEL TANK SUMPS WERE NOT DRAINED DURING PREFLIGHT BECAUSE THEY WERE FROZEN.","['TAKEOFF', None, None]","['Q854248', None, None]"
19800217031649I,"AFTER TAKEOFF, ENGINE QUIT. WING FUEL TANK SUMPS WERE NOT DRAINED DURING PREFLIGHT BECAUSE THEY WERE FROZEN.","['ENGINE', None, None]","['Q743004', None, None]"
19800217031649I,"AFTER TAKEOFF, ENGINE QUIT. WING FUEL TANK SUMPS WERE NOT DRAINED DURING PREFLIGHT BECAUSE THEY WERE FROZEN.","['WING', None, None]","['Q161358', None, None]"
19800217031649I,"AFTER TAKEOFF, ENGINE QUIT. WING FUEL TANK SUMPS WERE NOT DRAINED DURING PREFLIGHT BECAUSE THEY WERE FROZEN.","['FUEL TANK', 'TANK', None]","['Q1411232', 'Q1047832', None]"
19800217031649I,"AFTER TAKEOFF, ENGINE QUIT. WING FUEL TANK SUMPS WERE NOT DRAINED DURING PREFLIGHT BECAUSE THEY WERE FROZEN.","['WING FUEL TANK SUMPS', 'FUEL TANK SUMPS', 'SUMPS']","[None, None, 'Q1592793']"
19800217031649I,"AFTER TAKEOFF, ENGINE QUIT. WING FUEL TANK SUMPS WERE NOT DRAINED DURING PREFLIGHT BECAUSE THEY WERE FROZEN.","['PREFLIGHT', None, None]","['Q2108354', None, None]"
19790720021329A,HELICOPTER TOOK OFF WITH SLING LOAD ATTACHED. CRASHED WHEN LOAD WEDGED IN TREES. IMPROPER PREFLIGHT.,"['HELICOPTER', None, None]","['Q34486', None, None]"
19790720021329A,HELICOPTER TOOK OFF WITH SLING LOAD ATTACHED. CRASHED WHEN LOAD WEDGED IN TREES. IMPROPER PREFLIGHT.,"['SLING LOAD', None, None]","[None, None, None]"
19790720021329A,HELICOPTER TOOK OFF WITH SLING LOAD ATTACHED. CRASHED WHEN LOAD WEDGED IN TREES. IMPROPER PREFLIGHT.,"['LOAD', None, None]","[None, None, None]"
19790720021329A,HELICOPTER TOOK OFF WITH SLING LOAD ATTACHED. CRASHED WHEN LOAD WEDGED IN TREES. IMPROPER PREFLIGHT.,"['IMPROPER PREFLIGHT', 'PREFLIGHT', None]","[None, 'Q2108354', None]"
19841214074599I,WHILE TAXIING LOST NOSEWHEEL STEERING AND BRAKES. STRUCK 2 AIRCRAFT AND FENCE. CIRCUIT BREAKER HYDRAULIC PUMP OPEN.,"['NOSEWHEEL STEERING', None, None]","['Q1002555', None, None]"
19841214074599I,WHILE TAXIING LOST NOSEWHEEL STEERING AND BRAKES. STRUCK 2 AIRCRAFT AND FENCE. CIRCUIT BREAKER HYDRAULIC PUMP OPEN.,"['BRAKES', None, None]","['Q1534839', None, None]"
19841214074599I,WHILE TAXIING LOST NOSEWHEEL STEERING AND BRAKES. STRUCK 2 AIRCRAFT AND FENCE. CIRCUIT BREAKER HYDRAULIC PUMP OPEN.,"['2 AIRCRAFT', 'AIRCRAFT', None]","[None, 'Q11436', None]"
19841214074599I,WHILE TAXIING LOST NOSEWHEEL STEERING AND BRAKES. STRUCK 2 AIRCRAFT AND FENCE. CIRCUIT BREAKER HYDRAULIC PUMP OPEN.,"['2', None, None]","['Q200', None, None]"
19841214074599I,WHILE TAXIING LOST NOSEWHEEL STEERING AND BRAKES. STRUCK 2 AIRCRAFT AND FENCE. CIRCUIT BREAKER HYDRAULIC PUMP OPEN.,"['CIRCUIT BREAKER HYDRAULIC PUMP', 'HYDRAULIC PUMP', 'PUMP']","[None, 'Q1640143', 'Q134574']"
19860128014289I,FORWARD CARGO DOOR OPENED AS AIRCRAFT TOOK OFF. OBJECTS DROPPED OUT. RETURNED. FAILED TO SEE WARNING LIGHT.,"['FORWARD CARGO DOOR', 'CARGO DOOR', 'DOOR']","[None, None, 'Q36794']"
19860128014289I,FORWARD CARGO DOOR OPENED AS AIRCRAFT TOOK OFF. OBJECTS DROPPED OUT. RETURNED. FAILED TO SEE WARNING LIGHT.,"['AIRCRAFT', None, None]","['Q11436', None, None]"
19860128014289I,FORWARD CARGO DOOR OPENED AS AIRCRAFT TOOK OFF. OBJECTS DROPPED OUT. RETURNED. FAILED TO SEE WARNING LIGHT.,"['WARNING LIGHT', 'LIGHT', None]","[None, 'Q1146001', None]"
20000215010329A,"(-23) MR. TIMOTHY ALLEN WELLS WAS ACTING AS PILOT IN COMMAND OF A BELL HELICOPTER MODEL BHT-47-G5, N4754R, ENGAGED","['MR. TIMOTHY ALLEN WELLS', None, None]","[None, None, None]"
20000215010329A,"(-23) MR. TIMOTHY ALLEN WELLS WAS ACTING AS PILOT IN COMMAND OF A BELL HELICOPTER MODEL BHT-47-G5, N4754R, ENGAGED","['PILOT IN COMMAND OF A BELL HELICOPTER MODEL BHT-47-G5, N4754R', 'PILOT', None]","[None, 'Q2095549', None]"
20000215010329A,"(-23) MR. TIMOTHY ALLEN WELLS WAS ACTING AS PILOT IN COMMAND OF A BELL HELICOPTER MODEL BHT-47-G5, N4754R, ENGAGED","['BELL HELICOPTER MODEL BHT-47-G5, N4754R', 'BHT-47-G5', None]","[None, 'Q312540', None]"
20000215010329A,"(-23) MR. TIMOTHY ALLEN WELLS WAS ACTING AS PILOT IN COMMAND OF A BELL HELICOPTER MODEL BHT-47-G5, N4754R, ENGAGED","['BELL HELICOPTER MODEL BHT-47-G5', 'BHT-47-G5', None]","[None, 'Q312540', None]"
20000215010329A,"(-23) MR. TIMOTHY ALLEN WELLS WAS ACTING AS PILOT IN COMMAND OF A BELL HELICOPTER MODEL BHT-47-G5, N4754R, ENGAGED","['BELL HELICOPTER', 'HELICOPTER', None]","[None, 'Q34486', None]"
20000215010329A,"(-23) MR. TIMOTHY ALLEN WELLS WAS ACTING AS PILOT IN COMMAND OF A BELL HELICOPTER MODEL BHT-47-G5, N4754R, ENGAGED","['BELL', None, None]","['Q815695', None, None]"
20000215010329A,"(-23) MR. TIMOTHY ALLEN WELLS WAS ACTING AS PILOT IN COMMAND OF A BELL HELICOPTER MODEL BHT-47-G5, N4754R, ENGAGED","['N4754R', None, None]","[None, None, None]"
19801116083749I,FORCED LANDING AFTER ONE ENGINE QUIT;FOUND ICE IN AUXILIARY FUEL SYSTEM.,"['FORCED LANDING', 'LANDING', None]","['Q1975745', 'Q844947', None]"
19801116083749I,FORCED LANDING AFTER ONE ENGINE QUIT;FOUND ICE IN AUXILIARY FUEL SYSTEM.,"['ONE ENGINE', 'ENGINE', None]","[None, 'Q743004', None]"
19801116083749I,FORCED LANDING AFTER ONE ENGINE QUIT;FOUND ICE IN AUXILIARY FUEL SYSTEM.,"['ONE', None, None]","['Q199', None, None]"
19801116083749I,FORCED LANDING AFTER ONE ENGINE QUIT;FOUND ICE IN AUXILIARY FUEL SYSTEM.,"['ICE', None, None]","['Q23392', None, None]"
19801116083749I,FORCED LANDING AFTER ONE ENGINE QUIT;FOUND ICE IN AUXILIARY FUEL SYSTEM.,"['AUXILIARY FUEL SYSTEM', 'FUEL SYSTEM', None]","[None, 'Q1786017', None]"
19850315007389A,PILOT WAS DESCENDING TO LOWER ALTITUDE DUE TO ICING. LOST CONTROL. ALTIMETER NOT IFR CERTIFIED. ICING FORECAST.,"['PILOT', None, None]","['Q2095549', None, None]"
19850315007389A,PILOT WAS DESCENDING TO LOWER ALTITUDE DUE TO ICING. LOST CONTROL. ALTIMETER NOT IFR CERTIFIED. ICING FORECAST.,"['LOWER ALTITUDE', 'ALTITUDE', None]","[None, 'Q190200', None]"
19850315007389A,PILOT WAS DESCENDING TO LOWER ALTITUDE DUE TO ICING. LOST CONTROL. ALTIMETER NOT IFR CERTIFIED. ICING FORECAST.,"['ICING', None, None]","['Q12060664', None, None]"
19850315007389A,PILOT WAS DESCENDING TO LOWER ALTITUDE DUE TO ICING. LOST CONTROL. ALTIMETER NOT IFR CERTIFIED. ICING FORECAST.,"['ALTIMETER', None, None]","['Q216197', None, None]"
19850315007389A,PILOT WAS DESCENDING TO LOWER ALTITUDE DUE TO ICING. LOST CONTROL. ALTIMETER NOT IFR CERTIFIED. ICING FORECAST.,"['ICING', None, None]","['Q12060664', None, None]"
20070630826079I,(-23) AIRCRAFT DEPARTED RAY AIRPORT AND AFTER TAKEOFF INTO THE CLIMB AIRCRAFT ENGINE STARTED TO HAVE PROBLEMS. PILO,"['AIRCRAFT', None, None]","['Q11436', None, None]"
20070630826079I,(-23) AIRCRAFT DEPARTED RAY AIRPORT AND AFTER TAKEOFF INTO THE CLIMB AIRCRAFT ENGINE STARTED TO HAVE PROBLEMS. PILO,"['RAY AIRPORT', 'AIRPORT', None]","['Q35292471', 'Q1248784', None]"
20070630826079I,(-23) AIRCRAFT DEPARTED RAY AIRPORT AND AFTER TAKEOFF INTO THE CLIMB AIRCRAFT ENGINE STARTED TO HAVE PROBLEMS. PILO,"['TAKEOFF', None, None]","['Q854248', None, None]"
20070630826079I,(-23) AIRCRAFT DEPARTED RAY AIRPORT AND AFTER TAKEOFF INTO THE CLIMB AIRCRAFT ENGINE STARTED TO HAVE PROBLEMS. PILO,"['CLIMB', None, None]","['Q1499786', None, None]"
20070630826079I,(-23) AIRCRAFT DEPARTED RAY AIRPORT AND AFTER TAKEOFF INTO THE CLIMB AIRCRAFT ENGINE STARTED TO HAVE PROBLEMS. PILO,"['AIRCRAFT ENGINE', 'ENGINE', None]","['Q743004', 'Q743004', None]"
20070630826079I,(-23) AIRCRAFT DEPARTED RAY AIRPORT AND AFTER TAKEOFF INTO THE CLIMB AIRCRAFT ENGINE STARTED TO HAVE PROBLEMS. PILO,"['AIRCRAFT', None, None]","['Q11436', None, None]"
20070630826079I,(-23) AIRCRAFT DEPARTED RAY AIRPORT AND AFTER TAKEOFF INTO THE CLIMB AIRCRAFT ENGINE STARTED TO HAVE PROBLEMS. PILO,"['PROBLEMS', None, None]","['Q621184', None, None]"
19900425011659A,RAN OUT OF FUEL ON FERRY FLIGHT. LEFT PONTOON SEPARATED LANDING IN A POND. FUEL CAP NOT SECURED. FUEL SIPHONED.,"['FUEL', None, None]","['Q5361665', None, None]"
19900425011659A,RAN OUT OF FUEL ON FERRY FLIGHT. LEFT PONTOON SEPARATED LANDING IN A POND. FUEL CAP NOT SECURED. FUEL SIPHONED.,"['FERRY FLIGHT', 'FLIGHT', None]","['Q331837', 'Q15921555', None]"
19900425011659A,RAN OUT OF FUEL ON FERRY FLIGHT. LEFT PONTOON SEPARATED LANDING IN A POND. FUEL CAP NOT SECURED. FUEL SIPHONED.,"['LEFT PONTOON', 'PONTOON', None]","[None, 'Q693340', None]"
19900425011659A,RAN OUT OF FUEL ON FERRY FLIGHT. LEFT PONTOON SEPARATED LANDING IN A POND. FUEL CAP NOT SECURED. FUEL SIPHONED.,"['POND', None, None]","['Q12719646', None, None]"
19900425011659A,RAN OUT OF FUEL ON FERRY FLIGHT. LEFT PONTOON SEPARATED LANDING IN A POND. FUEL CAP NOT SECURED. FUEL SIPHONED.,"['FUEL CAP', 'CAP', None]","[None, 'Q2488579', None]"
19900425011659A,RAN OUT OF FUEL ON FERRY FLIGHT. LEFT PONTOON SEPARATED LANDING IN A POND. FUEL CAP NOT SECURED. FUEL SIPHONED.,"['FUEL', None, None]","['Q5361665', None, None]"
19991230042089A,"(.4)THE PILOT SAID THAT SHORTLY AFTER TAKEOFF, THE ENGINE 'STARTED CUTTING OUT AND WAS NOT DEVELOPING ENOUGH POWER","['PILOT', None, None]","['Q2095549', None, None]"
19991230042089A,"(.4)THE PILOT SAID THAT SHORTLY AFTER TAKEOFF, THE ENGINE 'STARTED CUTTING OUT AND WAS NOT DEVELOPING ENOUGH POWER","['TAKEOFF', None, None]","['Q854248', None, None]"
19991230042089A,"(.4)THE PILOT SAID THAT SHORTLY AFTER TAKEOFF, THE ENGINE 'STARTED CUTTING OUT AND WAS NOT DEVELOPING ENOUGH POWER","['ENGINE', None, None]","['Q743004', None, None]"
19991230042089A,"(.4)THE PILOT SAID THAT SHORTLY AFTER TAKEOFF, THE ENGINE 'STARTED CUTTING OUT AND WAS NOT DEVELOPING ENOUGH POWER","['POWER', None, None]","['Q25342', None, None]"
19820725041999I,"LOOSE COWLING ON TAKEOFF. COWLING CAME OFF ON RETURNING TO LAND. CRACKED WINDSHIELD, DENTED STABILIZER.","['LOOSE COWLING', 'COWLING', None]","[None, 'Q1138219', None]"
19820725041999I,"LOOSE COWLING ON TAKEOFF. COWLING CAME OFF ON RETURNING TO LAND. CRACKED WINDSHIELD, DENTED STABILIZER.","['TAKEOFF', None, None]","['Q854248', None, None]"
19820725041999I,"LOOSE COWLING ON TAKEOFF. COWLING CAME OFF ON RETURNING TO LAND. CRACKED WINDSHIELD, DENTED STABILIZER.","['COWLING', None, None]","['Q1138219', None, None]"
19820725041999I,"LOOSE COWLING ON TAKEOFF. COWLING CAME OFF ON RETURNING TO LAND. CRACKED WINDSHIELD, DENTED STABILIZER.","['LAND', None, None]","['Q11081619', None, None]"
19820725041999I,"LOOSE COWLING ON TAKEOFF. COWLING CAME OFF ON RETURNING TO LAND. CRACKED WINDSHIELD, DENTED STABILIZER.","['CRACKED WINDSHIELD', 'WINDSHIELD', None]","[None, 'Q13693', None]"
19820725041999I,"LOOSE COWLING ON TAKEOFF. COWLING CAME OFF ON RETURNING TO LAND. CRACKED WINDSHIELD, DENTED STABILIZER.","['DENTED STABILIZER', 'STABILIZER', None]","[None, 'Q2712515', None]"
19940412011509I,AIRCRAFT POPPED OPEN ON DESCENT. FLIGHT MANUAL FLEW OUT AND STRUCK TRUCK WINDSHIELD ON GROUND. LANDED SAFELY.,"['AIRCRAFT', None, None]","['Q11436', None, None]"
19940412011509I,AIRCRAFT POPPED OPEN ON DESCENT. FLIGHT MANUAL FLEW OUT AND STRUCK TRUCK WINDSHIELD ON GROUND. LANDED SAFELY.,"['DESCENT', None, None]","['Q624380', None, None]"
19940412011509I,AIRCRAFT POPPED OPEN ON DESCENT. FLIGHT MANUAL FLEW OUT AND STRUCK TRUCK WINDSHIELD ON GROUND. LANDED SAFELY.,"['FLIGHT MANUAL', 'MANUAL', None]","['Q4399976', 'Q16363676', None]"
19940412011509I,AIRCRAFT POPPED OPEN ON DESCENT. FLIGHT MANUAL FLEW OUT AND STRUCK TRUCK WINDSHIELD ON GROUND. LANDED SAFELY.,"['TRUCK WINDSHIELD', 'WINDSHIELD', None]","[None, 'Q13693', None]"
19940412011509I,AIRCRAFT POPPED OPEN ON DESCENT. FLIGHT MANUAL FLEW OUT AND STRUCK TRUCK WINDSHIELD ON GROUND. LANDED SAFELY.,"['TRUCK', None, None]","['Q43193', None, None]"
19940412011509I,AIRCRAFT POPPED OPEN ON DESCENT. FLIGHT MANUAL FLEW OUT AND STRUCK TRUCK WINDSHIELD ON GROUND. LANDED SAFELY.,"['GROUND', None, None]","['Q1349417', None, None]"
19971226042729I,NR2 ENGINE FIRE WHILE LOADING PASSENGERS AT GATE. EVACUATED. FUEL LEVER WAS IN FLIGHT IDLE. CUT OFF. SMOKE CLEARED.,"['NR2 ENGINE FIRE', 'FIRE', None]","[None, 'Q3196', None]"
19971226042729I,NR2 ENGINE FIRE WHILE LOADING PASSENGERS AT GATE. EVACUATED. FUEL LEVER WAS IN FLIGHT IDLE. CUT OFF. SMOKE CLEARED.,"['ENGINE', None, None]","['Q743004', None, None]"
19971226042729I,NR2 ENGINE FIRE WHILE LOADING PASSENGERS AT GATE. EVACUATED. FUEL LEVER WAS IN FLIGHT IDLE. CUT OFF. SMOKE CLEARED.,"['PASSENGERS', None, None]","['Q319604', None, None]"
19971226042729I,NR2 ENGINE FIRE WHILE LOADING PASSENGERS AT GATE. EVACUATED. FUEL LEVER WAS IN FLIGHT IDLE. CUT OFF. SMOKE CLEARED.,"['GATE', None, None]","['Q247739', None, None]"
19971226042729I,NR2 ENGINE FIRE WHILE LOADING PASSENGERS AT GATE. EVACUATED. FUEL LEVER WAS IN FLIGHT IDLE. CUT OFF. SMOKE CLEARED.,"['FUEL LEVER', 'LEVER', None]","[None, 'Q40164', None]"
19971226042729I,NR2 ENGINE FIRE WHILE LOADING PASSENGERS AT GATE. EVACUATED. FUEL LEVER WAS IN FLIGHT IDLE. CUT OFF. SMOKE CLEARED.,"['SMOKE', None, None]","['Q130768', None, None]"
19950619021589I,AFTER DEPARTING HIGH OIL TEMP. LANDED OFF AIRPOR. SHEARED MAIN GEAR. FOUND LOW ON OIL.,"['HIGH OIL TEMP', 'OIL TEMP', 'TEMP']","[None, None, 'Q11466']"
19950619021589I,AFTER DEPARTING HIGH OIL TEMP. LANDED OFF AIRPOR. SHEARED MAIN GEAR. FOUND LOW ON OIL.,"['OIL', None, None]","['Q42962', None, None]"
19950619021589I,AFTER DEPARTING HIGH OIL TEMP. LANDED OFF AIRPOR. SHEARED MAIN GEAR. FOUND LOW ON OIL.,"['SHEARED MAIN GEAR', 'MAIN GEAR', 'GEAR']","[None, None, 'Q263421']"
19950619021589I,AFTER DEPARTING HIGH OIL TEMP. LANDED OFF AIRPOR. SHEARED MAIN GEAR. FOUND LOW ON OIL.,"['OIL', None, None]","['Q42962', None, None]"
19940815046149I,BATTERY COMPARTMENT DOOR CAME OPEN. ANTENNA CRACKED WINDSHIELD.,"['BATTERY COMPARTMENT DOOR', 'DOOR', None]","[None, 'Q36794', None]"
19940815046149I,BATTERY COMPARTMENT DOOR CAME OPEN. ANTENNA CRACKED WINDSHIELD.,"['ANTENNA', None, None]","['Q131214', None, None]"
19940815046149I,BATTERY COMPARTMENT DOOR CAME OPEN. ANTENNA CRACKED WINDSHIELD.,"['WINDSHIELD', None, None]","['Q13693', None, None]"
19860228038269I,RETURNED WHEN NOSE GEAR FAILED TO RETRACT. FOUND THAT PIN HAD NOT BEEN REMOVED AFTER PREVIOUS MAINTENANCE.,"['NOSE GEAR', 'GEAR', None]","[None, 'Q263421', None]"
19860228038269I,RETURNED WHEN NOSE GEAR FAILED TO RETRACT. FOUND THAT PIN HAD NOT BEEN REMOVED AFTER PREVIOUS MAINTENANCE.,"['PIN', None, None]","[None, None, None]"
19860228038269I,RETURNED WHEN NOSE GEAR FAILED TO RETRACT. FOUND THAT PIN HAD NOT BEEN REMOVED AFTER PREVIOUS MAINTENANCE.,"['PREVIOUS MAINTENANCE', 'MAINTENANCE', None]","[None, 'Q1043452', None]"
19790718019229I,GROUND STAND BAGGAGE CART WITH INOPERATIVE BRAKES ROLLED INTO SIDE OF PARKED AIRCRAFT. 9 INCH TEAR IN FUSELAGE.,"['GROUND STAND', 'STAND', None]","[None, 'Q56071807', None]"
19790718019229I,GROUND STAND BAGGAGE CART WITH INOPERATIVE BRAKES ROLLED INTO SIDE OF PARKED AIRCRAFT. 9 INCH TEAR IN FUSELAGE.,"['GROUND STAND BAGGAGE CART WITH INOPERATIVE BRAKES', 'BAGGAGE CART', 'CART']","[None, 'Q14277551', 'Q234668']"
19790718019229I,GROUND STAND BAGGAGE CART WITH INOPERATIVE BRAKES ROLLED INTO SIDE OF PARKED AIRCRAFT. 9 INCH TEAR IN FUSELAGE.,"['AIRCRAFT', None, None]","['Q11436', None, None]"
19790718019229I,GROUND STAND BAGGAGE CART WITH INOPERATIVE BRAKES ROLLED INTO SIDE OF PARKED AIRCRAFT. 9 INCH TEAR IN FUSELAGE.,"['9 INCH TEAR IN FUSELAGE', 'TEAR', None]","[None, 'Q105794273', None]"
19790718019229I,GROUND STAND BAGGAGE CART WITH INOPERATIVE BRAKES ROLLED INTO SIDE OF PARKED AIRCRAFT. 9 INCH TEAR IN FUSELAGE.,"['9 INCH', None, None]","[None, None, None]"
19790718019229I,GROUND STAND BAGGAGE CART WITH INOPERATIVE BRAKES ROLLED INTO SIDE OF PARKED AIRCRAFT. 9 INCH TEAR IN FUSELAGE.,"['FUSELAGE', None, None]","['Q1110579', None, None]"
20000625032189I,(-23)NORTHWEST AIRLINES DC-10 BOEING PUSHED BACK FOR REPOSITIONING OFF OF GATE B-52 STRUCK A CONTINENTAL AIRLINES D,"['NORTHWEST AIRLINES DC-10', 'DC-10', None]","[None, 'Q21150832', None]"
20000625032189I,(-23)NORTHWEST AIRLINES DC-10 BOEING PUSHED BACK FOR REPOSITIONING OFF OF GATE B-52 STRUCK A CONTINENTAL AIRLINES D,"['NORTHWEST AIRLINES', None, None]","['Q309174', None, None]"
20000625032189I,(-23)NORTHWEST AIRLINES DC-10 BOEING PUSHED BACK FOR REPOSITIONING OFF OF GATE B-52 STRUCK A CONTINENTAL AIRLINES D,"['BOEING', None, None]","['Q66', None, None]"
20000625032189I,(-23)NORTHWEST AIRLINES DC-10 BOEING PUSHED BACK FOR REPOSITIONING OFF OF GATE B-52 STRUCK A CONTINENTAL AIRLINES D,"['GATE B-52', 'GATE', None]","[None, 'Q247739', None]"
20000625032189I,(-23)NORTHWEST AIRLINES DC-10 BOEING PUSHED BACK FOR REPOSITIONING OFF OF GATE B-52 STRUCK A CONTINENTAL AIRLINES D,"['CONTINENTAL AIRLINES', None, None]","['Q216486', None, None]"
19860530030499A,ENGINE OVERHEAT. HOT OIL SMELL.KNEW HE HAD FAILED TO REMOVE AIR INTAKE PLUGS. NOSED OVER IN FURROWS PLOWED FAILED,"['ENGINE OVERHEAT', None, None]","[None, None, None]"
19860530030499A,ENGINE OVERHEAT. HOT OIL SMELL.KNEW HE HAD FAILED TO REMOVE AIR INTAKE PLUGS. NOSED OVER IN FURROWS PLOWED FAILED,"['HOT OIL SMELL', 'SMELL', None]","[None, 'Q485537', None]"
19860530030499A,ENGINE OVERHEAT. HOT OIL SMELL.KNEW HE HAD FAILED TO REMOVE AIR INTAKE PLUGS. NOSED OVER IN FURROWS PLOWED FAILED,"['OIL', None, None]","['Q42962', None, None]"
19860530030499A,ENGINE OVERHEAT. HOT OIL SMELL.KNEW HE HAD FAILED TO REMOVE AIR INTAKE PLUGS. NOSED OVER IN FURROWS PLOWED FAILED,"['AIR INTAKE PLUGS', 'PLUGS', None]","[None, 'Q111547495', None]"
19821117066379I,PILOT UNABLE TO PRESSURIZE. FOUND ACCESS DOOR SLIGHTLY OPEN. DEPRESSURIZED. DOOR OPENED FULLY. STOPPED BY FUSELAGE.,"['PILOT', None, None]","['Q2095549', None, None]"
19821117066379I,PILOT UNABLE TO PRESSURIZE. FOUND ACCESS DOOR SLIGHTLY OPEN. DEPRESSURIZED. DOOR OPENED FULLY. STOPPED BY FUSELAGE.,"['ACCESS DOOR', 'DOOR', None]","['Q2550031', 'Q36794', None]"
19821117066379I,PILOT UNABLE TO PRESSURIZE. FOUND ACCESS DOOR SLIGHTLY OPEN. DEPRESSURIZED. DOOR OPENED FULLY. STOPPED BY FUSELAGE.,"['DOOR', None, None]","['Q2550031', None, None]"
19821117066379I,PILOT UNABLE TO PRESSURIZE. FOUND ACCESS DOOR SLIGHTLY OPEN. DEPRESSURIZED. DOOR OPENED FULLY. STOPPED BY FUSELAGE.,"['FUSELAGE', None, None]","['Q1110579', None, None]"
19810303007119A,VEERED OFF RUNWAY ON LANDING. HIT PARKED AIRPLANE. NEWLY INSTALLED CARPETING RESTRICTED RUDDER PEDAL MOVEMENT.,"['RUNWAY', None, None]","['Q184590', None, None]"
19810303007119A,VEERED OFF RUNWAY ON LANDING. HIT PARKED AIRPLANE. NEWLY INSTALLED CARPETING RESTRICTED RUDDER PEDAL MOVEMENT.,"['LANDING', None, None]","['Q844947', None, None]"
19810303007119A,VEERED OFF RUNWAY ON LANDING. HIT PARKED AIRPLANE. NEWLY INSTALLED CARPETING RESTRICTED RUDDER PEDAL MOVEMENT.,"['PARKED AIRPLANE', 'AIRPLANE', None]","[None, 'Q197', None]"
19810303007119A,VEERED OFF RUNWAY ON LANDING. HIT PARKED AIRPLANE. NEWLY INSTALLED CARPETING RESTRICTED RUDDER PEDAL MOVEMENT.,"['NEWLY INSTALLED CARPETING', 'CARPETING', None]","[None, 'Q124371860', None]"
19810303007119A,VEERED OFF RUNWAY ON LANDING. HIT PARKED AIRPLANE. NEWLY INSTALLED CARPETING RESTRICTED RUDDER PEDAL MOVEMENT.,"['RUDDER PEDAL', 'PEDAL', None]","['Q56344540', 'Q1231985', None]"
19950602032329I,VEERED OFF TAXIWAY. STRUCK TAXIWAY LIGHT. WAS ADVISED DAMAGED PROP. CONTINUED TO LIT.,"['TAXIWAY', None, None]","['Q910386', None, None]"
19950602032329I,VEERED OFF TAXIWAY. STRUCK TAXIWAY LIGHT. WAS ADVISED DAMAGED PROP. CONTINUED TO LIT.,"['TAXIWAY', None, None]","['Q910386', None, None]"
19950602032329I,VEERED OFF TAXIWAY. STRUCK TAXIWAY LIGHT. WAS ADVISED DAMAGED PROP. CONTINUED TO LIT.,"['DAMAGED PROP', 'PROP', None]","[None, 'Q922654', None]"
19901101064289I,FUEL CAP MISSING FROM RIGHT TANK AND GAS ESCAPING WHILE TAXIING. REPLACED CAP. RESUMED FLIGHT WITHOUT CLEANING WING,"['FUEL CAP', 'CAP', None]","[None, 'Q2488579', None]"
19901101064289I,FUEL CAP MISSING FROM RIGHT TANK AND GAS ESCAPING WHILE TAXIING. REPLACED CAP. RESUMED FLIGHT WITHOUT CLEANING WING,"['RIGHT TANK', 'TANK', None]","[None, 'Q1047832', None]"
19901101064289I,FUEL CAP MISSING FROM RIGHT TANK AND GAS ESCAPING WHILE TAXIING. REPLACED CAP. RESUMED FLIGHT WITHOUT CLEANING WING,"['GAS', None, None]","['Q40858', None, None]"
19901101064289I,FUEL CAP MISSING FROM RIGHT TANK AND GAS ESCAPING WHILE TAXIING. REPLACED CAP. RESUMED FLIGHT WITHOUT CLEANING WING,"['CAP', None, None]","['Q2488579', None, None]"
19901101064289I,FUEL CAP MISSING FROM RIGHT TANK AND GAS ESCAPING WHILE TAXIING. REPLACED CAP. RESUMED FLIGHT WITHOUT CLEANING WING,"['FLIGHT', None, None]","['Q15921555', None, None]"
19901101064289I,FUEL CAP MISSING FROM RIGHT TANK AND GAS ESCAPING WHILE TAXIING. REPLACED CAP. RESUMED FLIGHT WITHOUT CLEANING WING,"['WING', None, None]","['Q161358', None, None]"
20050713014239I,"(-23) ON JULY 13, 2005, AT 1535 MST, AN RAYTHEON AIRCRAFT CO. B36TC (BONANZA), N3042V REGISTERED TO HAVENS LEASING","['JULY 13, 2005', None, None]","['Q22663152', None, None]"
20050713014239I,"(-23) ON JULY 13, 2005, AT 1535 MST, AN RAYTHEON AIRCRAFT CO. B36TC (BONANZA), N3042V REGISTERED TO HAVENS LEASING","['1535 MST', '1535', None]","[None, 'Q55811751', None]"
20050713014239I,"(-23) ON JULY 13, 2005, AT 1535 MST, AN RAYTHEON AIRCRAFT CO. B36TC (BONANZA), N3042V REGISTERED TO HAVENS LEASING","['RAYTHEON AIRCRAFT CO. B36TC (BONANZA), N3042V REGISTERED TO HAVENS LEASING', 'B36TC', None]","[None, 'Q29369815', None]"
20050713014239I,"(-23) ON JULY 13, 2005, AT 1535 MST, AN RAYTHEON AIRCRAFT CO. B36TC (BONANZA), N3042V REGISTERED TO HAVENS LEASING","['RAYTHEON AIRCRAFT CO.', None, None]","['Q10357714', None, None]"
20050713014239I,"(-23) ON JULY 13, 2005, AT 1535 MST, AN RAYTHEON AIRCRAFT CO. B36TC (BONANZA), N3042V REGISTERED TO HAVENS LEASING","['BONANZA', None, None]","['Q312540', None, None]"
20050713014239I,"(-23) ON JULY 13, 2005, AT 1535 MST, AN RAYTHEON AIRCRAFT CO. B36TC (BONANZA), N3042V REGISTERED TO HAVENS LEASING","['N3042V', None, None]","[None, None, None]"
20050713014239I,"(-23) ON JULY 13, 2005, AT 1535 MST, AN RAYTHEON AIRCRAFT CO. B36TC (BONANZA), N3042V REGISTERED TO HAVENS LEASING","['HAVENS LEASING', None, None]","[None, None, None]"
19860706034879A,THE ENGINE LOST POWER ON TAKEOFF AND THE AIRCRAFT FLIPPED ON LANDING.PILOT HAD JUST FILLED TANKS. WATER IN FUEL.,"['ENGINE', None, None]","['Q743004', None, None]"
19860706034879A,THE ENGINE LOST POWER ON TAKEOFF AND THE AIRCRAFT FLIPPED ON LANDING.PILOT HAD JUST FILLED TANKS. WATER IN FUEL.,"['POWER', None, None]","['Q25342', None, None]"
19860706034879A,THE ENGINE LOST POWER ON TAKEOFF AND THE AIRCRAFT FLIPPED ON LANDING.PILOT HAD JUST FILLED TANKS. WATER IN FUEL.,"['TAKEOFF', None, None]","['Q854248', None, None]"
19860706034879A,THE ENGINE LOST POWER ON TAKEOFF AND THE AIRCRAFT FLIPPED ON LANDING.PILOT HAD JUST FILLED TANKS. WATER IN FUEL.,"['AIRCRAFT', None, None]","['Q11436', None, None]"
19860706034879A,THE ENGINE LOST POWER ON TAKEOFF AND THE AIRCRAFT FLIPPED ON LANDING.PILOT HAD JUST FILLED TANKS. WATER IN FUEL.,"['LANDING', None, None]","['Q844947', None, None]"
19860706034879A,THE ENGINE LOST POWER ON TAKEOFF AND THE AIRCRAFT FLIPPED ON LANDING.PILOT HAD JUST FILLED TANKS. WATER IN FUEL.,"['PILOT', None, None]","['Q2095549', None, None]"
19860706034879A,THE ENGINE LOST POWER ON TAKEOFF AND THE AIRCRAFT FLIPPED ON LANDING.PILOT HAD JUST FILLED TANKS. WATER IN FUEL.,"['TANKS', None, None]","['Q1047832', None, None]"
19860706034879A,THE ENGINE LOST POWER ON TAKEOFF AND THE AIRCRAFT FLIPPED ON LANDING.PILOT HAD JUST FILLED TANKS. WATER IN FUEL.,"['WATER IN FUEL', 'WATER', None]","[None, 'Q283', None]"
19860706034879A,THE ENGINE LOST POWER ON TAKEOFF AND THE AIRCRAFT FLIPPED ON LANDING.PILOT HAD JUST FILLED TANKS. WATER IN FUEL.,"['FUEL', None, None]","['Q5361665', None, None]"
19840121015319I,ENGINE FAILED AFTER TAKEOFF. TRIED TO MAKE A ROAD BUT DRIFTED OFF THE EDGE. FOUND SOLID ICE IN CARBURETOR BOWL.,"['ENGINE', None, None]","['Q743004', None, None]"
19840121015319I,ENGINE FAILED AFTER TAKEOFF. TRIED TO MAKE A ROAD BUT DRIFTED OFF THE EDGE. FOUND SOLID ICE IN CARBURETOR BOWL.,"['TAKEOFF', None, None]","['Q854248', None, None]"
19840121015319I,ENGINE FAILED AFTER TAKEOFF. TRIED TO MAKE A ROAD BUT DRIFTED OFF THE EDGE. FOUND SOLID ICE IN CARBURETOR BOWL.,"['ROAD', None, None]","['Q34442', None, None]"
19840121015319I,ENGINE FAILED AFTER TAKEOFF. TRIED TO MAKE A ROAD BUT DRIFTED OFF THE EDGE. FOUND SOLID ICE IN CARBURETOR BOWL.,"['SOLID ICE IN CARBURETOR BOWL', 'ICE', None]","[None, 'Q23392', None]"
19840121015319I,ENGINE FAILED AFTER TAKEOFF. TRIED TO MAKE A ROAD BUT DRIFTED OFF THE EDGE. FOUND SOLID ICE IN CARBURETOR BOWL.,"['CARBURETOR BOWL', 'CARBURETOR', None]","[None, 'Q165435', None]"
19950527014439A,LOST CONTROL ON CLIMBOUT AFTER TOW RELEASE. ROLLED BOTH WAYS. SPIRAL TO IMPACT. NEGLECTED TO CONNECT RIGHT AILERON.,"['CLIMBOUT', None, None]","['Q1499786', None, None]"
19950527014439A,LOST CONTROL ON CLIMBOUT AFTER TOW RELEASE. ROLLED BOTH WAYS. SPIRAL TO IMPACT. NEGLECTED TO CONNECT RIGHT AILERON.,"['TOW RELEASE', None, None]","[None, None, None]"
19950527014439A,LOST CONTROL ON CLIMBOUT AFTER TOW RELEASE. ROLLED BOTH WAYS. SPIRAL TO IMPACT. NEGLECTED TO CONNECT RIGHT AILERON.,"['RIGHT AILERON', 'AILERON', None]","[None, 'Q509379', None]"
19960322013629I,NARRATIVE: THE AIRCRAFT WAS BEING FERRIED FOR MAINTENANCE. THE GEAR BLOCKED DOWN AND THE NOSE BLOCK FELL OUT DURING,"['AIRCRAFT', None, None]","['Q11436', None, None]"
19960322013629I,NARRATIVE: THE AIRCRAFT WAS BEING FERRIED FOR MAINTENANCE. THE GEAR BLOCKED DOWN AND THE NOSE BLOCK FELL OUT DURING,"['MAINTENANCE', None, None]","['Q1043452', None, None]"
19960322013629I,NARRATIVE: THE AIRCRAFT WAS BEING FERRIED FOR MAINTENANCE. THE GEAR BLOCKED DOWN AND THE NOSE BLOCK FELL OUT DURING,"['GEAR', None, None]","['Q263421', None, None]"
19960322013629I,NARRATIVE: THE AIRCRAFT WAS BEING FERRIED FOR MAINTENANCE. THE GEAR BLOCKED DOWN AND THE NOSE BLOCK FELL OUT DURING,"['NOSE BLOCK', None, None]","[None, None, None]"
19960504009509A,FAILED TO DETACH TRAILER TIE DOWN FROM SKID. LOST CONTROL AND ROLLED ON LIFT OFF. (-23) PILOT FAILED TO FULLY DETAC,"['TRAILER TIE DOWN', 'TIE DOWN', None]","[None, 'Q1277336', None]"
19960504009509A,FAILED TO DETACH TRAILER TIE DOWN FROM SKID. LOST CONTROL AND ROLLED ON LIFT OFF. (-23) PILOT FAILED TO FULLY DETAC,"['TRAILER', None, None]","['Q216146', None, None]"
19960504009509A,FAILED TO DETACH TRAILER TIE DOWN FROM SKID. LOST CONTROL AND ROLLED ON LIFT OFF. (-23) PILOT FAILED TO FULLY DETAC,"['SKID', None, None]","[None, None, None]"
19960504009509A,FAILED TO DETACH TRAILER TIE DOWN FROM SKID. LOST CONTROL AND ROLLED ON LIFT OFF. (-23) PILOT FAILED TO FULLY DETAC,"['PILOT', None, None]","['Q2095549', None, None]"
19790211002709A,AIRCRAFT FAILED TO LIFTOFF RUNWAY. RAN OFF END INTO SNOW BANK. FROST ON AIRFRAME.,"['AIRCRAFT', None, None]","['Q11436', None, None]"
19790211002709A,AIRCRAFT FAILED TO LIFTOFF RUNWAY. RAN OFF END INTO SNOW BANK. FROST ON AIRFRAME.,"['LIFTOFF', None, None]","['Q854248', None, None]"
19790211002709A,AIRCRAFT FAILED TO LIFTOFF RUNWAY. RAN OFF END INTO SNOW BANK. FROST ON AIRFRAME.,"['RUNWAY', None, None]","['Q184590', None, None]"
19790211002709A,AIRCRAFT FAILED TO LIFTOFF RUNWAY. RAN OFF END INTO SNOW BANK. FROST ON AIRFRAME.,"['SNOW BANK', None, None]","['Q2846052', None, None]"
19790211002709A,AIRCRAFT FAILED TO LIFTOFF RUNWAY. RAN OFF END INTO SNOW BANK. FROST ON AIRFRAME.,"['FROST ON AIRFRAME', 'FROST', None]","[None, 'Q4590598', None]"
19790211002709A,AIRCRAFT FAILED TO LIFTOFF RUNWAY. RAN OFF END INTO SNOW BANK. FROST ON AIRFRAME.,"['AIRFRAME', None, None]","['Q222946', None, None]"
19850418016709I,ENGINE POWER FAILURE WHILE DOING AEROBATICS. LANDED IN FIELD. PILOT DID NOT VISUALLY INSPECT FUEL TANKS.,"['ENGINE POWER FAILURE', 'POWER FAILURE', None]","[None, 'Q828827', None]"
19850418016709I,ENGINE POWER FAILURE WHILE DOING AEROBATICS. LANDED IN FIELD. PILOT DID NOT VISUALLY INSPECT FUEL TANKS.,"['ENGINE POWER', 'POWER', None]","[None, 'Q25342', None]"
19850418016709I,ENGINE POWER FAILURE WHILE DOING AEROBATICS. LANDED IN FIELD. PILOT DID NOT VISUALLY INSPECT FUEL TANKS.,"['ENGINE', None, None]","['Q743004', None, None]"
19850418016709I,ENGINE POWER FAILURE WHILE DOING AEROBATICS. LANDED IN FIELD. PILOT DID NOT VISUALLY INSPECT FUEL TANKS.,"['AEROBATICS', None, None]","['Q373557', None, None]"
19850418016709I,ENGINE POWER FAILURE WHILE DOING AEROBATICS. LANDED IN FIELD. PILOT DID NOT VISUALLY INSPECT FUEL TANKS.,"['FIELD', None, None]","['Q188869', None, None]"
19850418016709I,ENGINE POWER FAILURE WHILE DOING AEROBATICS. LANDED IN FIELD. PILOT DID NOT VISUALLY INSPECT FUEL TANKS.,"['PILOT', None, None]","['Q2095549', None, None]"
19850418016709I,ENGINE POWER FAILURE WHILE DOING AEROBATICS. LANDED IN FIELD. PILOT DID NOT VISUALLY INSPECT FUEL TANKS.,"['FUEL TANKS', 'TANKS', None]","['Q1411232', 'Q1047832', None]"
19780913017419I,ABORTED TAKEOFF WHEN FRONT BAGGAGE DOOR POPPED OPEN.,"['ABORTED TAKEOFF', 'TAKEOFF', None]","[None, 'Q854248', None]"
19780913017419I,ABORTED TAKEOFF WHEN FRONT BAGGAGE DOOR POPPED OPEN.,"['FRONT BAGGAGE DOOR', 'BAGGAGE DOOR', 'DOOR']","[None, None, 'Q36794']"
19781113027039I,PILOT TAXIED INTO UNMARKED DITCH AT END OF TAXIWAY.,"['PILOT', None, None]","['Q2095549', None, None]"
19781113027039I,PILOT TAXIED INTO UNMARKED DITCH AT END OF TAXIWAY.,"['TAXIWAY', None, None]","['Q910386', None, None]"
19870606018859A,UNABLE TO STAY AIRBORNE ON TAKEOFF. ABORTED AND GROUND LOOPED INTO A TREE TO AVOID OVERRUN. MAG SWITCH ON ONE MAG.,"['TAKEOFF', None, None]","['Q854248', None, None]"
19870606018859A,UNABLE TO STAY AIRBORNE ON TAKEOFF. ABORTED AND GROUND LOOPED INTO A TREE TO AVOID OVERRUN. MAG SWITCH ON ONE MAG.,"['MAG SWITCH', None, None]","[None, None, None]"
19870606018859A,UNABLE TO STAY AIRBORNE ON TAKEOFF. ABORTED AND GROUND LOOPED INTO A TREE TO AVOID OVERRUN. MAG SWITCH ON ONE MAG.,"['ONE', None, None]","['Q199', None, None]"
19870606018859A,UNABLE TO STAY AIRBORNE ON TAKEOFF. ABORTED AND GROUND LOOPED INTO A TREE TO AVOID OVERRUN. MAG SWITCH ON ONE MAG.,"['ONE MAG', None, None]","[None, None, None]"
19990714022959I,(-23) ACCORDING TO THE PILOT HE DEPARTED FRONT RANGE AIRPORT DURING THE HOURS OF DARKNESS. DURING THE START AND RUN,"['PILOT', None, None]","['Q2095549', None, None]"
19990714022959I,(-23) ACCORDING TO THE PILOT HE DEPARTED FRONT RANGE AIRPORT DURING THE HOURS OF DARKNESS. DURING THE START AND RUN,"['FRONT RANGE AIRPORT', 'AIRPORT', None]","['Q3275315', 'Q1248784', None]"
19990714022959I,(-23) ACCORDING TO THE PILOT HE DEPARTED FRONT RANGE AIRPORT DURING THE HOURS OF DARKNESS. DURING THE START AND RUN,"['START AND RUN', None, None]","[None, None, None]"
19870319012959I,NOSE GEAR WOULD NOT RETRACT AFTER TAKEOFF. RETURNED AND FOUND PIN WAS INSTALLED.,"['NOSE GEAR', 'GEAR', None]","[None, 'Q263421', None]"
19870319012959I,NOSE GEAR WOULD NOT RETRACT AFTER TAKEOFF. RETURNED AND FOUND PIN WAS INSTALLED.,"['TAKEOFF', None, None]","['Q854248', None, None]"
19870319012959I,NOSE GEAR WOULD NOT RETRACT AFTER TAKEOFF. RETURNED AND FOUND PIN WAS INSTALLED.,"['PIN', None, None]","[None, None, None]"
20050504010229A,"(-23) A SIKORSKY S-70A, N160LA, ENCOUNTERED A VIBRATION AFTER THE APU DOOR STRUCK A MAIN ROTOR BLADE INFLIGHT NEAR","['SIKORSKY S-70A, N160LA', 'S-70A', None]","['Q122389003', 'Q122389003', None]"
20050504010229A,"(-23) A SIKORSKY S-70A, N160LA, ENCOUNTERED A VIBRATION AFTER THE APU DOOR STRUCK A MAIN ROTOR BLADE INFLIGHT NEAR","['SIKORSKY S-70A', 'S-70A', None]","['Q122389003', 'Q122389003', None]"
20050504010229A,"(-23) A SIKORSKY S-70A, N160LA, ENCOUNTERED A VIBRATION AFTER THE APU DOOR STRUCK A MAIN ROTOR BLADE INFLIGHT NEAR","['SIKORSKY', None, None]","['Q549189', None, None]"
20050504010229A,"(-23) A SIKORSKY S-70A, N160LA, ENCOUNTERED A VIBRATION AFTER THE APU DOOR STRUCK A MAIN ROTOR BLADE INFLIGHT NEAR","['N160LA', None, None]","[None, None, None]"
20050504010229A,"(-23) A SIKORSKY S-70A, N160LA, ENCOUNTERED A VIBRATION AFTER THE APU DOOR STRUCK A MAIN ROTOR BLADE INFLIGHT NEAR","['VIBRATION', None, None]","['Q3695508', None, None]"
20050504010229A,"(-23) A SIKORSKY S-70A, N160LA, ENCOUNTERED A VIBRATION AFTER THE APU DOOR STRUCK A MAIN ROTOR BLADE INFLIGHT NEAR","['APU DOOR', 'DOOR', None]","[None, 'Q36794', None]"
20050504010229A,"(-23) A SIKORSKY S-70A, N160LA, ENCOUNTERED A VIBRATION AFTER THE APU DOOR STRUCK A MAIN ROTOR BLADE INFLIGHT NEAR","['MAIN ROTOR BLADE', 'ROTOR BLADE', 'BLADE']","[None, 'Q106992314', 'Q106992314']"
20050429009279I,(-23) THE PILOT WAS TAXIING THE AIRCRAFT TO PARKING FOLLOWING A CARGO TRIP. UPON REACHING A POINT WHERE THE TAXIWAY,"['PILOT', None, None]","['Q2095549', None, None]"
20050429009279I,(-23) THE PILOT WAS TAXIING THE AIRCRAFT TO PARKING FOLLOWING A CARGO TRIP. UPON REACHING A POINT WHERE THE TAXIWAY,"['AIRCRAFT', None, None]","['Q11436', None, None]"
20050429009279I,(-23) THE PILOT WAS TAXIING THE AIRCRAFT TO PARKING FOLLOWING A CARGO TRIP. UPON REACHING A POINT WHERE THE TAXIWAY,"['CARGO TRIP', 'TRIP', None]","[None, 'Q778483', None]"
20050429009279I,(-23) THE PILOT WAS TAXIING THE AIRCRAFT TO PARKING FOLLOWING A CARGO TRIP. UPON REACHING A POINT WHERE THE TAXIWAY,"['TAXIWAY', None, None]","['Q910386', None, None]"
19890723054159I,AFTER LANDING IT WAS DETERMINED THERE WAS INSUFFICIENT NUMBER OF SEATS AND OXYGEN MASKS FOR PASSENGERS ONBOARD.,"['LANDING', None, None]","['Q844947', None, None]"
19890723054159I,AFTER LANDING IT WAS DETERMINED THERE WAS INSUFFICIENT NUMBER OF SEATS AND OXYGEN MASKS FOR PASSENGERS ONBOARD.,"['INSUFFICIENT NUMBER OF SEATS AND OXYGEN MASKS FOR PASSENGERS ONBOARD', 'SEATS', None]","[None, 'Q2207370', None]"
19890723054159I,AFTER LANDING IT WAS DETERMINED THERE WAS INSUFFICIENT NUMBER OF SEATS AND OXYGEN MASKS FOR PASSENGERS ONBOARD.,"['INSUFFICIENT NUMBER OF SEATS AND OXYGEN MASKS FOR PASSENGERS ONBOARD', 'OXYGEN MASKS', None]","[None, 'Q1890958', None]"
19890723054159I,AFTER LANDING IT WAS DETERMINED THERE WAS INSUFFICIENT NUMBER OF SEATS AND OXYGEN MASKS FOR PASSENGERS ONBOARD.,"['PASSENGERS', None, None]","['Q319604', None, None]"
19970523014439I,NARRATIVE: THE CARGO DOOR WAS LATCHED BEFORE TAKEOFF BY MR. BOWEN. RUNWAY CONDITIONS AT STEVEN'S VILLAGE WAS EXTREM,"['CARGO DOOR', 'DOOR', None]","[None, 'Q36794', None]"
19970523014439I,NARRATIVE: THE CARGO DOOR WAS LATCHED BEFORE TAKEOFF BY MR. BOWEN. RUNWAY CONDITIONS AT STEVEN'S VILLAGE WAS EXTREM,"['TAKEOFF', None, None]","['Q854248', None, None]"
19970523014439I,NARRATIVE: THE CARGO DOOR WAS LATCHED BEFORE TAKEOFF BY MR. BOWEN. RUNWAY CONDITIONS AT STEVEN'S VILLAGE WAS EXTREM,"['MR. BOWEN', None, None]","[None, None, None]"
19970523014439I,NARRATIVE: THE CARGO DOOR WAS LATCHED BEFORE TAKEOFF BY MR. BOWEN. RUNWAY CONDITIONS AT STEVEN'S VILLAGE WAS EXTREM,"['RUNWAY CONDITIONS', 'CONDITIONS', None]","[None, 'Q813912', None]"
19970523014439I,NARRATIVE: THE CARGO DOOR WAS LATCHED BEFORE TAKEOFF BY MR. BOWEN. RUNWAY CONDITIONS AT STEVEN'S VILLAGE WAS EXTREM,"[""STEVEN'S VILLAGE"", None, None]","['Q661370', None, None]"
19970908038069A,TIRED TAXI WITH TIEDOWN CHAINS ATTACHE. ROLLED OVER. PILOT FAILED NOTE RAMP PERSON TIED SKIDS DUE HIGH WIND.,"['TIEDOWN CHAINS', 'CHAINS', None]","['Q1277336', 'Q2397485', None]"
19970908038069A,TIRED TAXI WITH TIEDOWN CHAINS ATTACHE. ROLLED OVER. PILOT FAILED NOTE RAMP PERSON TIED SKIDS DUE HIGH WIND.,"['PILOT', None, None]","['Q2095549', None, None]"
19970908038069A,TIRED TAXI WITH TIEDOWN CHAINS ATTACHE. ROLLED OVER. PILOT FAILED NOTE RAMP PERSON TIED SKIDS DUE HIGH WIND.,"['RAMP PERSON', 'PERSON', None]","[None, 'Q5', None]"
19970908038069A,TIRED TAXI WITH TIEDOWN CHAINS ATTACHE. ROLLED OVER. PILOT FAILED NOTE RAMP PERSON TIED SKIDS DUE HIGH WIND.,"['SKIDS', None, None]","[None, None, None]"
19970908038069A,TIRED TAXI WITH TIEDOWN CHAINS ATTACHE. ROLLED OVER. PILOT FAILED NOTE RAMP PERSON TIED SKIDS DUE HIGH WIND.,"['HIGH WIND', 'WIND', None]","[None, 'Q8094', None]"
19781108022239I,BAGGAGE CART WAS BLOWN INTO PARKED AIRCRAFT BY JET BLAST. BRAKES WERE INOPERATIVE ON CART.,"['BAGGAGE CART', 'CART', None]","['Q14277552', 'Q234668', None]"
19781108022239I,BAGGAGE CART WAS BLOWN INTO PARKED AIRCRAFT BY JET BLAST. BRAKES WERE INOPERATIVE ON CART.,"['PARKED AIRCRAFT', 'AIRCRAFT', None]","[None, 'Q11436', None]"
19781108022239I,BAGGAGE CART WAS BLOWN INTO PARKED AIRCRAFT BY JET BLAST. BRAKES WERE INOPERATIVE ON CART.,"['BRAKES', None, None]","['Q1534839', None, None]"
19781108022239I,BAGGAGE CART WAS BLOWN INTO PARKED AIRCRAFT BY JET BLAST. BRAKES WERE INOPERATIVE ON CART.,"['CART', None, None]","['Q14277552', None, None]"
19760606015529A,SUFFICIENT OPPORTUNITY EXISTED TO RELEASE WHEN GLIDER ASSUMED NOSE HIGH ATTITUDE.,"['GLIDER', None, None]","['Q2165278', None, None]"
19760606015529A,SUFFICIENT OPPORTUNITY EXISTED TO RELEASE WHEN GLIDER ASSUMED NOSE HIGH ATTITUDE.,"['NOSE HIGH ATTITUDE', 'ATTITUDE', None]","[None, 'Q4698572', None]"
19760606015529A,SUFFICIENT OPPORTUNITY EXISTED TO RELEASE WHEN GLIDER ASSUMED NOSE HIGH ATTITUDE.,"['NOSE', None, None]","['Q1434090', None, None]"
20051009024969I,(-23) ^PRIVACY DATA OMITTED^ HELICOPTER ENGINE POWER CHECKS WERE BEING CONDUCTED BY PILOT AND ONE CREWMEMBER. DURIN,"['HELICOPTER ENGINE POWER CHECKS', None, None]","[None, None, None]"
20051009024969I,(-23) ^PRIVACY DATA OMITTED^ HELICOPTER ENGINE POWER CHECKS WERE BEING CONDUCTED BY PILOT AND ONE CREWMEMBER. DURIN,"['HELICOPTER ENGINE', 'ENGINE', None]","[None, 'Q743004', None]"
20051009024969I,(-23) ^PRIVACY DATA OMITTED^ HELICOPTER ENGINE POWER CHECKS WERE BEING CONDUCTED BY PILOT AND ONE CREWMEMBER. DURIN,"['HELICOPTER', None, None]","['Q34486', None, None]"
20051009024969I,(-23) ^PRIVACY DATA OMITTED^ HELICOPTER ENGINE POWER CHECKS WERE BEING CONDUCTED BY PILOT AND ONE CREWMEMBER. DURIN,"['PILOT', None, None]","['Q2095549', None, None]"
20051009024969I,(-23) ^PRIVACY DATA OMITTED^ HELICOPTER ENGINE POWER CHECKS WERE BEING CONDUCTED BY PILOT AND ONE CREWMEMBER. DURIN,"['ONE CREWMEMBER', 'CREWMEMBER', None]","[None, 'Q5184855', None]"
20051009024969I,(-23) ^PRIVACY DATA OMITTED^ HELICOPTER ENGINE POWER CHECKS WERE BEING CONDUCTED BY PILOT AND ONE CREWMEMBER. DURIN,"['ONE', None, None]","['Q199', None, None]"
19930530020029I,PILOT LOST CONTROL OF AIRCRAFT ON TAKEOFF ROLL. PILOTS SEAT WAS NOT LOCKED IN POSITION AND SLID AFT ON ACCELARATION,"['PILOT', None, None]","['Q2095549', None, None]"
19930530020029I,PILOT LOST CONTROL OF AIRCRAFT ON TAKEOFF ROLL. PILOTS SEAT WAS NOT LOCKED IN POSITION AND SLID AFT ON ACCELARATION,"['AIRCRAFT', None, None]","['Q11436', None, None]"
19930530020029I,PILOT LOST CONTROL OF AIRCRAFT ON TAKEOFF ROLL. PILOTS SEAT WAS NOT LOCKED IN POSITION AND SLID AFT ON ACCELARATION,"['TAKEOFF ROLL', 'TAKEOFF', None]","['Q21026829', 'Q854248', None]"
19930530020029I,PILOT LOST CONTROL OF AIRCRAFT ON TAKEOFF ROLL. PILOTS SEAT WAS NOT LOCKED IN POSITION AND SLID AFT ON ACCELARATION,"['TAKEOFF', None, None]","['Q854248', None, None]"
19930530020029I,PILOT LOST CONTROL OF AIRCRAFT ON TAKEOFF ROLL. PILOTS SEAT WAS NOT LOCKED IN POSITION AND SLID AFT ON ACCELARATION,"['PILOTS SEAT', 'SEAT', None]","[None, 'Q2207370', None]"
19930530020029I,PILOT LOST CONTROL OF AIRCRAFT ON TAKEOFF ROLL. PILOTS SEAT WAS NOT LOCKED IN POSITION AND SLID AFT ON ACCELARATION,"['PILOTS', None, None]","['Q2095549', None, None]"
19801230089799I,"FLAT NOSE STRUT FAILED TO EXTEND BEFORE RETRACTION. IT CAUGHT ON AIRPLANE STRUCTURE, BROKE THE BELLCRANK. COLLAPSED","['FLAT NOSE STRUT', None, None]","[None, None, None]"
19801230089799I,"FLAT NOSE STRUT FAILED TO EXTEND BEFORE RETRACTION. IT CAUGHT ON AIRPLANE STRUCTURE, BROKE THE BELLCRANK. COLLAPSED","['AIRPLANE STRUCTURE', 'STRUCTURE', None]","['Q222946', 'Q222946', None]"
19801230089799I,"FLAT NOSE STRUT FAILED TO EXTEND BEFORE RETRACTION. IT CAUGHT ON AIRPLANE STRUCTURE, BROKE THE BELLCRANK. COLLAPSED","['AIRPLANE', None, None]","['Q197', None, None]"
19801230089799I,"FLAT NOSE STRUT FAILED TO EXTEND BEFORE RETRACTION. IT CAUGHT ON AIRPLANE STRUCTURE, BROKE THE BELLCRANK. COLLAPSED","['BELLCRANK', None, None]","['Q4883578', None, None]"
19980508008619A,LOST POWER ENROUTE. NOSED OVER LANDING ON A SLOPE. NO EVIDENCE OF FUEL AT SCENE. FAILED TO VISUALLY CHECK FUEL.. (.,"['POWER', None, None]","['Q25342', None, None]"
19980508008619A,LOST POWER ENROUTE. NOSED OVER LANDING ON A SLOPE. NO EVIDENCE OF FUEL AT SCENE. FAILED TO VISUALLY CHECK FUEL.. (.,"['SLOPE', None, None]","['Q944588', None, None]"
19980508008619A,LOST POWER ENROUTE. NOSED OVER LANDING ON A SLOPE. NO EVIDENCE OF FUEL AT SCENE. FAILED TO VISUALLY CHECK FUEL.. (.,"['NO EVIDENCE OF FUEL AT SCENE', 'EVIDENCE', None]","[None, 'Q1347572', None]"
19980508008619A,LOST POWER ENROUTE. NOSED OVER LANDING ON A SLOPE. NO EVIDENCE OF FUEL AT SCENE. FAILED TO VISUALLY CHECK FUEL.. (.,"['FUEL', None, None]","['Q5361665', None, None]"
19940818022409A,LOST LEFT ENGINE NEAR H71. FEATHERED. HIGH . BEGAN GO AROUND BELOW VMC. CRASHED. BAD OIL LEAK. CRACKED ENGINE CASE.,"['LEFT ENGINE', 'ENGINE', None]","[None, 'Q743004', None]"
19940818022409A,LOST LEFT ENGINE NEAR H71. FEATHERED. HIGH . BEGAN GO AROUND BELOW VMC. CRASHED. BAD OIL LEAK. CRACKED ENGINE CASE.,"['H71', None, None]","[None, None, None]"
19940818022409A,LOST LEFT ENGINE NEAR H71. FEATHERED. HIGH . BEGAN GO AROUND BELOW VMC. CRASHED. BAD OIL LEAK. CRACKED ENGINE CASE.,"['BAD OIL LEAK', 'OIL LEAK', 'LEAK']","[None, None, 'Q1349983']"
19940818022409A,LOST LEFT ENGINE NEAR H71. FEATHERED. HIGH . BEGAN GO AROUND BELOW VMC. CRASHED. BAD OIL LEAK. CRACKED ENGINE CASE.,"['OIL', None, None]","['Q42962', None, None]"
19940818022409A,LOST LEFT ENGINE NEAR H71. FEATHERED. HIGH . BEGAN GO AROUND BELOW VMC. CRASHED. BAD OIL LEAK. CRACKED ENGINE CASE.,"['CRACKED ENGINE CASE', 'ENGINE CASE', 'CASE']","[None, None, 'Q987767']"
19920405008919A,"ATTEMPTED TAKEOFF FROM 2500 FT SOD STRIP.GUSTY NORTH WIND,HIT TREES OFF END OF STRIP CRASHED.","['TAKEOFF', None, None]","['Q854248', None, None]"
19920405008919A,"ATTEMPTED TAKEOFF FROM 2500 FT SOD STRIP.GUSTY NORTH WIND,HIT TREES OFF END OF STRIP CRASHED.","['2500 FT SOD STRIP', 'SOD STRIP', 'STRIP']","[None, None, 'Q184590']"
19920405008919A,"ATTEMPTED TAKEOFF FROM 2500 FT SOD STRIP.GUSTY NORTH WIND,HIT TREES OFF END OF STRIP CRASHED.","['2500 FT', None, None]","[None, None, None]"
19920405008919A,"ATTEMPTED TAKEOFF FROM 2500 FT SOD STRIP.GUSTY NORTH WIND,HIT TREES OFF END OF STRIP CRASHED.","['GUSTY NORTH WIND', 'NORTH WIND', 'WIND']","[None, 'Q21332443', 'Q8094']"
19920405008919A,"ATTEMPTED TAKEOFF FROM 2500 FT SOD STRIP.GUSTY NORTH WIND,HIT TREES OFF END OF STRIP CRASHED.","['STRIP', None, None]","['Q184590', None, None]"
19840821046409A,CRASH OCCURRED DURING FORCED LANDING AFTER ENGINE FAILURE DURING TAKEOFF. AIRCRAFT HAD NOT HAD ANNUAL INSPECTION.,"['CRASH', None, None]","['Q238053', None, None]"
19840821046409A,CRASH OCCURRED DURING FORCED LANDING AFTER ENGINE FAILURE DURING TAKEOFF. AIRCRAFT HAD NOT HAD ANNUAL INSPECTION.,"['FORCED LANDING', 'LANDING', None]","['Q1975745', 'Q844947', None]"
19840821046409A,CRASH OCCURRED DURING FORCED LANDING AFTER ENGINE FAILURE DURING TAKEOFF. AIRCRAFT HAD NOT HAD ANNUAL INSPECTION.,"['ENGINE FAILURE', None, None]","['Q46375738', None, None]"
19840821046409A,CRASH OCCURRED DURING FORCED LANDING AFTER ENGINE FAILURE DURING TAKEOFF. AIRCRAFT HAD NOT HAD ANNUAL INSPECTION.,"['ENGINE', None, None]","['Q743004', None, None]"
19840821046409A,CRASH OCCURRED DURING FORCED LANDING AFTER ENGINE FAILURE DURING TAKEOFF. AIRCRAFT HAD NOT HAD ANNUAL INSPECTION.,"['TAKEOFF', None, None]","['Q854248', None, None]"
19840821046409A,CRASH OCCURRED DURING FORCED LANDING AFTER ENGINE FAILURE DURING TAKEOFF. AIRCRAFT HAD NOT HAD ANNUAL INSPECTION.,"['AIRCRAFT', None, None]","['Q11436', None, None]"
19840821046409A,CRASH OCCURRED DURING FORCED LANDING AFTER ENGINE FAILURE DURING TAKEOFF. AIRCRAFT HAD NOT HAD ANNUAL INSPECTION.,"['ANNUAL INSPECTION', 'INSPECTION', None]","[None, 'Q1137655', None]"
19950216008379I,"NARRATIVE: THE PILOT OF CESSNA 207, N1549U STATED THAT AFTER TAKEOFF FROM THE BETHEL AIRPORT, THE ENGINE STOPPED RU","['PILOT OF CESSNA 207, N1549U', 'PILOT', None]","[None, 'Q2095549', None]"
19950216008379I,"NARRATIVE: THE PILOT OF CESSNA 207, N1549U STATED THAT AFTER TAKEOFF FROM THE BETHEL AIRPORT, THE ENGINE STOPPED RU","['CESSNA 207, N1549U', 'CESSNA 207', None]","[None, 'Q10447208', None]"
19950216008379I,"NARRATIVE: THE PILOT OF CESSNA 207, N1549U STATED THAT AFTER TAKEOFF FROM THE BETHEL AIRPORT, THE ENGINE STOPPED RU","['CESSNA 207', None, None]","['Q10447208', None, None]"
19950216008379I,"NARRATIVE: THE PILOT OF CESSNA 207, N1549U STATED THAT AFTER TAKEOFF FROM THE BETHEL AIRPORT, THE ENGINE STOPPED RU","['CESSNA', None, None]","['Q308889', None, None]"
19950216008379I,"NARRATIVE: THE PILOT OF CESSNA 207, N1549U STATED THAT AFTER TAKEOFF FROM THE BETHEL AIRPORT, THE ENGINE STOPPED RU","['N1549U', None, None]","[None, None, None]"
19950216008379I,"NARRATIVE: THE PILOT OF CESSNA 207, N1549U STATED THAT AFTER TAKEOFF FROM THE BETHEL AIRPORT, THE ENGINE STOPPED RU","['TAKEOFF FROM THE BETHEL AIRPORT', 'TAKEOFF', None]","[None, 'Q854248', None]"
19950216008379I,"NARRATIVE: THE PILOT OF CESSNA 207, N1549U STATED THAT AFTER TAKEOFF FROM THE BETHEL AIRPORT, THE ENGINE STOPPED RU","['BETHEL AIRPORT', 'AIRPORT', None]","['Q619997', 'Q1248784', None]"
19950216008379I,"NARRATIVE: THE PILOT OF CESSNA 207, N1549U STATED THAT AFTER TAKEOFF FROM THE BETHEL AIRPORT, THE ENGINE STOPPED RU","['ENGINE', None, None]","['Q743004', None, None]"
19850525020799A,TOUCHED DOWN LONG AND BOUNCED. ATTEMPTED DOWNWIND GO AROUND WITH FULL FLAPS. STRUCK TREE 3 MILES FROM AIRPORT.,"['3 MILES FROM AIRPORT', 'AIRPORT', None]","[None, 'Q1248784', None]"
19850525020799A,TOUCHED DOWN LONG AND BOUNCED. ATTEMPTED DOWNWIND GO AROUND WITH FULL FLAPS. STRUCK TREE 3 MILES FROM AIRPORT.,"['3 MILES', None, None]","[None, None, None]"
19850525020799A,TOUCHED DOWN LONG AND BOUNCED. ATTEMPTED DOWNWIND GO AROUND WITH FULL FLAPS. STRUCK TREE 3 MILES FROM AIRPORT.,"['AIRPORT', None, None]","['Q1248784', None, None]"
19861114075329I,ENTERED TCA WITHOUT ATC COMMUNICATION. PILOT WAS AWARE OF MALFUNCTIONING ENCODING ALTIMETER.,"['TCA', None, None]","['Q333116', None, None]"
19861114075329I,ENTERED TCA WITHOUT ATC COMMUNICATION. PILOT WAS AWARE OF MALFUNCTIONING ENCODING ALTIMETER.,"['ATC COMMUNICATION', 'COMMUNICATION', None]","['Q221395', 'Q11024', None]"
19861114075329I,ENTERED TCA WITHOUT ATC COMMUNICATION. PILOT WAS AWARE OF MALFUNCTIONING ENCODING ALTIMETER.,"['ATC', None, None]","['Q221395', None, None]"
19861114075329I,ENTERED TCA WITHOUT ATC COMMUNICATION. PILOT WAS AWARE OF MALFUNCTIONING ENCODING ALTIMETER.,"['PILOT', None, None]","['Q2095549', None, None]"
19861114075329I,ENTERED TCA WITHOUT ATC COMMUNICATION. PILOT WAS AWARE OF MALFUNCTIONING ENCODING ALTIMETER.,"['MALFUNCTIONING ENCODING ALTIMETER', 'ENCODING ALTIMETER', 'ALTIMETER']","[None, None, 'Q216197']"
20010421009329I,"(-23)AIRCRAFT WAS IN CRUISE FLIGHT, THERE WAS A RPM LOSS AND PILOT COULD NOT MAINTAIN ALTITUDE. PILOT MADE AN EMERG","['AIRCRAFT', None, None]","['Q11436', None, None]"
20010421009329I,"(-23)AIRCRAFT WAS IN CRUISE FLIGHT, THERE WAS A RPM LOSS AND PILOT COULD NOT MAINTAIN ALTITUDE. PILOT MADE AN EMERG","['CRUISE FLIGHT', None, None]","['Q2063640', None, None]"
20010421009329I,"(-23)AIRCRAFT WAS IN CRUISE FLIGHT, THERE WAS A RPM LOSS AND PILOT COULD NOT MAINTAIN ALTITUDE. PILOT MADE AN EMERG","['RPM LOSS', 'LOSS', None]","[None, 'Q1121708', None]"
20010421009329I,"(-23)AIRCRAFT WAS IN CRUISE FLIGHT, THERE WAS A RPM LOSS AND PILOT COULD NOT MAINTAIN ALTITUDE. PILOT MADE AN EMERG","['PILOT', None, None]","['Q2095549', None, None]"
20010421009329I,"(-23)AIRCRAFT WAS IN CRUISE FLIGHT, THERE WAS A RPM LOSS AND PILOT COULD NOT MAINTAIN ALTITUDE. PILOT MADE AN EMERG","['PILOT', None, None]","['Q2095549', None, None]"
19960524045629A,NOSE BAGGAGE DOOR OPENED ON TAKEOFF. BAGGAGE HIT LEFT PROP. GOT BELWO UMC. LANDED ON SEA ICE. WILL FLY DOOR OPEN.,"['NOSE BAGGAGE DOOR', 'BAGGAGE DOOR', 'DOOR']","[None, None, 'Q36794']"
19960524045629A,NOSE BAGGAGE DOOR OPENED ON TAKEOFF. BAGGAGE HIT LEFT PROP. GOT BELWO UMC. LANDED ON SEA ICE. WILL FLY DOOR OPEN.,"['TAKEOFF', None, None]","['Q854248', None, None]"
19960524045629A,NOSE BAGGAGE DOOR OPENED ON TAKEOFF. BAGGAGE HIT LEFT PROP. GOT BELWO UMC. LANDED ON SEA ICE. WILL FLY DOOR OPEN.,"['BAGGAGE', None, None]","['Q865054', None, None]"
19960524045629A,NOSE BAGGAGE DOOR OPENED ON TAKEOFF. BAGGAGE HIT LEFT PROP. GOT BELWO UMC. LANDED ON SEA ICE. WILL FLY DOOR OPEN.,"['LEFT PROP', 'PROP', None]","[None, 'Q922654', None]"
19960524045629A,NOSE BAGGAGE DOOR OPENED ON TAKEOFF. BAGGAGE HIT LEFT PROP. GOT BELWO UMC. LANDED ON SEA ICE. WILL FLY DOOR OPEN.,"['SEA', None, None]","['Q165', None, None]"
19960524045629A,NOSE BAGGAGE DOOR OPENED ON TAKEOFF. BAGGAGE HIT LEFT PROP. GOT BELWO UMC. LANDED ON SEA ICE. WILL FLY DOOR OPEN.,"['DOOR', None, None]","['Q36794', None, None]"
19871211075169A,ROUGH ENGINE ON CLIMBOUT. LANDED ON CITY STREET. SPARK PLUGS OUT OF TOLERENCE. FOUND PRIMER UNLOCKED.,"['ROUGH ENGINE', 'ENGINE', None]","[None, 'Q743004', None]"
19871211075169A,ROUGH ENGINE ON CLIMBOUT. LANDED ON CITY STREET. SPARK PLUGS OUT OF TOLERENCE. FOUND PRIMER UNLOCKED.,"['CLIMBOUT', None, None]","['Q1499786', None, None]"
19871211075169A,ROUGH ENGINE ON CLIMBOUT. LANDED ON CITY STREET. SPARK PLUGS OUT OF TOLERENCE. FOUND PRIMER UNLOCKED.,"['CITY STREET', 'STREET', None]","['Q79007', 'Q79007', None]"
19871211075169A,ROUGH ENGINE ON CLIMBOUT. LANDED ON CITY STREET. SPARK PLUGS OUT OF TOLERENCE. FOUND PRIMER UNLOCKED.,"['SPARK PLUGS', None, None]","['Q193340', None, None]"
19871211075169A,ROUGH ENGINE ON CLIMBOUT. LANDED ON CITY STREET. SPARK PLUGS OUT OF TOLERENCE. FOUND PRIMER UNLOCKED.,"['PRIMER', None, None]","[None, None, None]"
20010910029739I,"(-23) DURING TAXI OUT, CFI NOTICED NOSE LANDING GEAR GREEN LIGHT WAS OUT. SHE ATTEMPTED TO SWAP LIGHTS TO VERIFY TH","['TAXI OUT', None, None]","['Q1421250', None, None]"
20010910029739I,"(-23) DURING TAXI OUT, CFI NOTICED NOSE LANDING GEAR GREEN LIGHT WAS OUT. SHE ATTEMPTED TO SWAP LIGHTS TO VERIFY TH","['CFI', None, None]","[None, None, None]"
20010910029739I,"(-23) DURING TAXI OUT, CFI NOTICED NOSE LANDING GEAR GREEN LIGHT WAS OUT. SHE ATTEMPTED TO SWAP LIGHTS TO VERIFY TH","['NOSE LANDING GEAR GREEN LIGHT', 'GREEN LIGHT', 'LIGHT']","[None, None, 'Q1146001']"
20010910029739I,"(-23) DURING TAXI OUT, CFI NOTICED NOSE LANDING GEAR GREEN LIGHT WAS OUT. SHE ATTEMPTED TO SWAP LIGHTS TO VERIFY TH","['NOSE LANDING GEAR', 'LANDING GEAR', 'GEAR']","[None, 'Q263421', 'Q263421']"
20010910029739I,"(-23) DURING TAXI OUT, CFI NOTICED NOSE LANDING GEAR GREEN LIGHT WAS OUT. SHE ATTEMPTED TO SWAP LIGHTS TO VERIFY TH","['LIGHTS', None, None]","['Q1146001', None, None]"
19871027060859A,"ELECTRIC POWER LOST ON IFR DUAL FLIGHT. STRUCK POWER POLE ON FORCED LANDING, FOUND CIRCUIT BREAKER OFF. PILOT ERROR","['ELECTRIC POWER', 'POWER', None]","['Q27137', 'Q25342', None]"
19871027060859A,"ELECTRIC POWER LOST ON IFR DUAL FLIGHT. STRUCK POWER POLE ON FORCED LANDING, FOUND CIRCUIT BREAKER OFF. PILOT ERROR","['IFR DUAL FLIGHT', 'FLIGHT', None]","[None, 'Q15921555', None]"
19871027060859A,"ELECTRIC POWER LOST ON IFR DUAL FLIGHT. STRUCK POWER POLE ON FORCED LANDING, FOUND CIRCUIT BREAKER OFF. PILOT ERROR","['FORCED LANDING', 'LANDING', None]","['Q1975745', 'Q844947', None]"
19871027060859A,"ELECTRIC POWER LOST ON IFR DUAL FLIGHT. STRUCK POWER POLE ON FORCED LANDING, FOUND CIRCUIT BREAKER OFF. PILOT ERROR","['CIRCUIT BREAKER', None, None]","['Q211058', None, None]"
19871027060859A,"ELECTRIC POWER LOST ON IFR DUAL FLIGHT. STRUCK POWER POLE ON FORCED LANDING, FOUND CIRCUIT BREAKER OFF. PILOT ERROR","['PILOT ERROR', 'ERROR', None]","['Q3057459', 'Q29485', None]"
19871027060859A,"ELECTRIC POWER LOST ON IFR DUAL FLIGHT. STRUCK POWER POLE ON FORCED LANDING, FOUND CIRCUIT BREAKER OFF. PILOT ERROR","['PILOT', None, None]","['Q2095549', None, None]"
19980616023109I,LOUD BANG AND SHUDDER ENROUTE. SAW SPARKS AT ROTOR. RETURNED. ENGINE COWLING SEPERATED. COWL NOT FASTENED.,"['LOUD BANG', 'BANG', None]","[None, 'Q179057', None]"
19980616023109I,LOUD BANG AND SHUDDER ENROUTE. SAW SPARKS AT ROTOR. RETURNED. ENGINE COWLING SEPERATED. COWL NOT FASTENED.,"['SHUDDER', None, None]","[None, None, None]"
19980616023109I,LOUD BANG AND SHUDDER ENROUTE. SAW SPARKS AT ROTOR. RETURNED. ENGINE COWLING SEPERATED. COWL NOT FASTENED.,"['SPARKS', None, None]","['Q911679', None, None]"
19980616023109I,LOUD BANG AND SHUDDER ENROUTE. SAW SPARKS AT ROTOR. RETURNED. ENGINE COWLING SEPERATED. COWL NOT FASTENED.,"['ROTOR', None, None]","['Q193466', None, None]"
19980616023109I,LOUD BANG AND SHUDDER ENROUTE. SAW SPARKS AT ROTOR. RETURNED. ENGINE COWLING SEPERATED. COWL NOT FASTENED.,"['ENGINE COWLING', 'COWLING', None]","['Q1138219', 'Q1138219', None]"
19980616023109I,LOUD BANG AND SHUDDER ENROUTE. SAW SPARKS AT ROTOR. RETURNED. ENGINE COWLING SEPERATED. COWL NOT FASTENED.,"['COWL', None, None]","['Q1138219', None, None]"
19910710026989A,REPORTED PROBLEM ON CLIMBOUT. STALLED AND CRASHED. NO LOCKING PINS IN SEAT TRACK. SEAT PIN BENT. BELT NOT FASTENED,"['PROBLEM', None, None]","['Q621184', None, None]"
19910710026989A,REPORTED PROBLEM ON CLIMBOUT. STALLED AND CRASHED. NO LOCKING PINS IN SEAT TRACK. SEAT PIN BENT. BELT NOT FASTENED,"['CLIMBOUT', None, None]","['Q1499786', None, None]"
19910710026989A,REPORTED PROBLEM ON CLIMBOUT. STALLED AND CRASHED. NO LOCKING PINS IN SEAT TRACK. SEAT PIN BENT. BELT NOT FASTENED,"['NO LOCKING PINS IN SEAT TRACK', None, None]","[None, None, None]"
19910710026989A,REPORTED PROBLEM ON CLIMBOUT. STALLED AND CRASHED. NO LOCKING PINS IN SEAT TRACK. SEAT PIN BENT. BELT NOT FASTENED,"['SEAT TRACK', None, None]","[None, None, None]"
19910710026989A,REPORTED PROBLEM ON CLIMBOUT. STALLED AND CRASHED. NO LOCKING PINS IN SEAT TRACK. SEAT PIN BENT. BELT NOT FASTENED,"['SEAT PIN', None, None]","[None, None, None]"
19910710026989A,REPORTED PROBLEM ON CLIMBOUT. STALLED AND CRASHED. NO LOCKING PINS IN SEAT TRACK. SEAT PIN BENT. BELT NOT FASTENED,"['BELT', None, None]","['Q623755', None, None]"
19780509032859I,FORCED LANDING AFTER POWER LOSS. FOUND WATER IN FUEL.,"['FORCED LANDING', 'LANDING', None]","['Q1975745', 'Q844947', None]"
19780509032859I,FORCED LANDING AFTER POWER LOSS. FOUND WATER IN FUEL.,"['POWER LOSS', 'LOSS', None]","['Q828827', 'Q1121708', None]"
19780509032859I,FORCED LANDING AFTER POWER LOSS. FOUND WATER IN FUEL.,"['POWER', None, None]","['Q25342', None, None]"
19780509032859I,FORCED LANDING AFTER POWER LOSS. FOUND WATER IN FUEL.,"['WATER IN FUEL', 'WATER', None]","[None, 'Q283', None]"
19780509032859I,FORCED LANDING AFTER POWER LOSS. FOUND WATER IN FUEL.,"['FUEL', None, None]","['Q5361665', None, None]"
19800506012169A,LOST CONTROL OF AIRPLANE ON TAKEOFF ROLL. FAILED TO REMOVE AILERON-ELEVATOR LOCK PIN.,"['AIRPLANE', None, None]","['Q197', None, None]"
19800506012169A,LOST CONTROL OF AIRPLANE ON TAKEOFF ROLL. FAILED TO REMOVE AILERON-ELEVATOR LOCK PIN.,"['TAKEOFF ROLL', 'TAKEOFF', None]","['Q21026829', 'Q854248', None]"
19800506012169A,LOST CONTROL OF AIRPLANE ON TAKEOFF ROLL. FAILED TO REMOVE AILERON-ELEVATOR LOCK PIN.,"['AILERON-ELEVATOR LOCK PIN', None, None]","[None, None, None]"
19791128035159A,"PILOT LANDED TO WAIT OUT RAIN SHOWER. ON CLIMBOUT, ENGINE RAN ROUGH. PILOT LANDED IN FIELD. CLAIMS WATER IN FUEL.","['PILOT', None, None]","['Q2095549', None, None]"
19791128035159A,"PILOT LANDED TO WAIT OUT RAIN SHOWER. ON CLIMBOUT, ENGINE RAN ROUGH. PILOT LANDED IN FIELD. CLAIMS WATER IN FUEL.","['RAIN SHOWER', 'SHOWER', None]","['Q1292121', 'Q1292121', None]"
19791128035159A,"PILOT LANDED TO WAIT OUT RAIN SHOWER. ON CLIMBOUT, ENGINE RAN ROUGH. PILOT LANDED IN FIELD. CLAIMS WATER IN FUEL.","['CLIMBOUT', None, None]","['Q1499786', None, None]"
19791128035159A,"PILOT LANDED TO WAIT OUT RAIN SHOWER. ON CLIMBOUT, ENGINE RAN ROUGH. PILOT LANDED IN FIELD. CLAIMS WATER IN FUEL.","['ENGINE', None, None]","['Q743004', None, None]"
19791128035159A,"PILOT LANDED TO WAIT OUT RAIN SHOWER. ON CLIMBOUT, ENGINE RAN ROUGH. PILOT LANDED IN FIELD. CLAIMS WATER IN FUEL.","['PILOT', None, None]","['Q2095549', None, None]"
19791128035159A,"PILOT LANDED TO WAIT OUT RAIN SHOWER. ON CLIMBOUT, ENGINE RAN ROUGH. PILOT LANDED IN FIELD. CLAIMS WATER IN FUEL.","['FIELD', None, None]","['Q188869', None, None]"
19791128035159A,"PILOT LANDED TO WAIT OUT RAIN SHOWER. ON CLIMBOUT, ENGINE RAN ROUGH. PILOT LANDED IN FIELD. CLAIMS WATER IN FUEL.","['WATER IN FUEL', 'WATER', None]","[None, 'Q283', None]"
19791128035159A,"PILOT LANDED TO WAIT OUT RAIN SHOWER. ON CLIMBOUT, ENGINE RAN ROUGH. PILOT LANDED IN FIELD. CLAIMS WATER IN FUEL.","['FUEL', None, None]","['Q5361665', None, None]"
20060621012279A,"(-23) THE PILOT ^PRIVACY DA^ STATED THAT DURING TAKEOFF (AT ROTATION) HIS SEAT SLID BACK, CAUSING HIM TO OVERROTATE","['PILOT', None, None]","['Q2095549', None, None]"
20060621012279A,"(-23) THE PILOT ^PRIVACY DA^ STATED THAT DURING TAKEOFF (AT ROTATION) HIS SEAT SLID BACK, CAUSING HIM TO OVERROTATE","['TAKEOFF', None, None]","['Q854248', None, None]"
20060621012279A,"(-23) THE PILOT ^PRIVACY DA^ STATED THAT DURING TAKEOFF (AT ROTATION) HIS SEAT SLID BACK, CAUSING HIM TO OVERROTATE","['ROTATION', None, None]","['Q7370303', None, None]"
20060621012279A,"(-23) THE PILOT ^PRIVACY DA^ STATED THAT DURING TAKEOFF (AT ROTATION) HIS SEAT SLID BACK, CAUSING HIM TO OVERROTATE","['SEAT', None, None]","['Q2207370', None, None]"
19950314029269I,"NARRATIVE: ON MARCH 14, 1995, N7016M, AN AMATEUR BUILT AIRCRAFT, MADE AN EMERGENCY OFF AIRPORT LANDING NEAR THE BLO","['MARCH 14, 1995', None, None]","['Q69300510', None, None]"
19950314029269I,"NARRATIVE: ON MARCH 14, 1995, N7016M, AN AMATEUR BUILT AIRCRAFT, MADE AN EMERGENCY OFF AIRPORT LANDING NEAR THE BLO","['N7016M, AN AMATEUR BUILT AIRCRAFT', 'AIRCRAFT', None]","['Q2995267', 'Q11436', None]"
19950314029269I,"NARRATIVE: ON MARCH 14, 1995, N7016M, AN AMATEUR BUILT AIRCRAFT, MADE AN EMERGENCY OFF AIRPORT LANDING NEAR THE BLO","['N7016M', None, None]","[None, None, None]"
19950314029269I,"NARRATIVE: ON MARCH 14, 1995, N7016M, AN AMATEUR BUILT AIRCRAFT, MADE AN EMERGENCY OFF AIRPORT LANDING NEAR THE BLO","['AMATEUR BUILT AIRCRAFT', 'AIRCRAFT', None]","['Q2995267', 'Q11436', None]"
19950314029269I,"NARRATIVE: ON MARCH 14, 1995, N7016M, AN AMATEUR BUILT AIRCRAFT, MADE AN EMERGENCY OFF AIRPORT LANDING NEAR THE BLO","['EMERGENCY OFF AIRPORT LANDING', 'LANDING', None]","['Q1074121', 'Q844947', None]"
19950314029269I,"NARRATIVE: ON MARCH 14, 1995, N7016M, AN AMATEUR BUILT AIRCRAFT, MADE AN EMERGENCY OFF AIRPORT LANDING NEAR THE BLO","['AIRPORT', None, None]","['Q1248784', None, None]"
19800804037399A,EARLY FUEL EXHAUSTION FROM FUEL SIPHONING FROM IMPROPERLY SECURED VENT CAP. OVERSHOT EMERGENCY LANDING AREA.,"['EARLY FUEL EXHAUSTION FROM FUEL SIPHONING', 'FUEL EXHAUSTION', None]","[None, 'Q5507172', None]"
19800804037399A,EARLY FUEL EXHAUSTION FROM FUEL SIPHONING FROM IMPROPERLY SECURED VENT CAP. OVERSHOT EMERGENCY LANDING AREA.,"['FUEL', None, None]","['Q5361665', None, None]"
19800804037399A,EARLY FUEL EXHAUSTION FROM FUEL SIPHONING FROM IMPROPERLY SECURED VENT CAP. OVERSHOT EMERGENCY LANDING AREA.,"['FUEL SIPHONING', 'SIPHONING', None]","[None, 'Q1550470', None]"
19800804037399A,EARLY FUEL EXHAUSTION FROM FUEL SIPHONING FROM IMPROPERLY SECURED VENT CAP. OVERSHOT EMERGENCY LANDING AREA.,"['FUEL', None, None]","['Q5361665', None, None]"
19800804037399A,EARLY FUEL EXHAUSTION FROM FUEL SIPHONING FROM IMPROPERLY SECURED VENT CAP. OVERSHOT EMERGENCY LANDING AREA.,"['IMPROPERLY SECURED VENT CAP', 'VENT CAP', 'CAP']","[None, None, 'Q2488579']"
19800804037399A,EARLY FUEL EXHAUSTION FROM FUEL SIPHONING FROM IMPROPERLY SECURED VENT CAP. OVERSHOT EMERGENCY LANDING AREA.,"['EMERGENCY LANDING AREA', 'LANDING AREA', None]","['Q122195985', 'Q11821624', None]"
19780402008409I,TAXIING AIRCRAFT STRUCK PARKED AIRCRAFT. FOUND WORN OUT & INEFFECTIVE BRAKES AS CAUSE.,"['TAXIING AIRCRAFT', 'AIRCRAFT', None]","[None, 'Q11436', None]"
19780402008409I,TAXIING AIRCRAFT STRUCK PARKED AIRCRAFT. FOUND WORN OUT & INEFFECTIVE BRAKES AS CAUSE.,"['PARKED AIRCRAFT', 'AIRCRAFT', None]","[None, 'Q11436', None]"
19780402008409I,TAXIING AIRCRAFT STRUCK PARKED AIRCRAFT. FOUND WORN OUT & INEFFECTIVE BRAKES AS CAUSE.,"['WORN OUT & INEFFECTIVE BRAKES', 'BRAKES', None]","[None, 'Q1534839', None]"
19890725041869I,ON ENGINE START PILOTS SEAT WENT TO FULL AFT POSITION. PUSH THROTTLE IN FULL. AIRCRAFT COLLIDED WITH PARKED PLANE.,"['ENGINE START', None, None]","[None, None, None]"
19890725041869I,ON ENGINE START PILOTS SEAT WENT TO FULL AFT POSITION. PUSH THROTTLE IN FULL. AIRCRAFT COLLIDED WITH PARKED PLANE.,"['ENGINE', None, None]","['Q743004', None, None]"
19890725041869I,ON ENGINE START PILOTS SEAT WENT TO FULL AFT POSITION. PUSH THROTTLE IN FULL. AIRCRAFT COLLIDED WITH PARKED PLANE.,"['PILOTS SEAT', 'SEAT', None]","[None, 'Q2207370', None]"
19890725041869I,ON ENGINE START PILOTS SEAT WENT TO FULL AFT POSITION. PUSH THROTTLE IN FULL. AIRCRAFT COLLIDED WITH PARKED PLANE.,"['PILOTS', None, None]","['Q2095549', None, None]"
19890725041869I,ON ENGINE START PILOTS SEAT WENT TO FULL AFT POSITION. PUSH THROTTLE IN FULL. AIRCRAFT COLLIDED WITH PARKED PLANE.,"['THROTTLE', None, None]","['Q961356', None, None]"
19890725041869I,ON ENGINE START PILOTS SEAT WENT TO FULL AFT POSITION. PUSH THROTTLE IN FULL. AIRCRAFT COLLIDED WITH PARKED PLANE.,"['AIRCRAFT', None, None]","['Q11436', None, None]"
19890725041869I,ON ENGINE START PILOTS SEAT WENT TO FULL AFT POSITION. PUSH THROTTLE IN FULL. AIRCRAFT COLLIDED WITH PARKED PLANE.,"['PARKED PLANE', 'PLANE', None]","[None, 'Q197', None]"
19911222062669I,AFTER LIFTOFF PILOT NOTICED RIGHT FUEL CAP MISSING. ABORTED. LANDED ON SAME RUNWAY. RAN OFF SIDE OF RUNWAY.,"['LIFTOFF', None, None]","['Q854248', None, None]"
19911222062669I,AFTER LIFTOFF PILOT NOTICED RIGHT FUEL CAP MISSING. ABORTED. LANDED ON SAME RUNWAY. RAN OFF SIDE OF RUNWAY.,"['PILOT', None, None]","['Q2095549', None, None]"
19911222062669I,AFTER LIFTOFF PILOT NOTICED RIGHT FUEL CAP MISSING. ABORTED. LANDED ON SAME RUNWAY. RAN OFF SIDE OF RUNWAY.,"['RIGHT FUEL CAP', None, None]","['Q123205535', None, None]"
19911222062669I,AFTER LIFTOFF PILOT NOTICED RIGHT FUEL CAP MISSING. ABORTED. LANDED ON SAME RUNWAY. RAN OFF SIDE OF RUNWAY.,"['RUNWAY', None, None]","['Q184590', None, None]"
19911222062669I,AFTER LIFTOFF PILOT NOTICED RIGHT FUEL CAP MISSING. ABORTED. LANDED ON SAME RUNWAY. RAN OFF SIDE OF RUNWAY.,"['RUNWAY', None, None]","['Q184590', None, None]"
20030607012509A,"(-23) THE AIRCRAFT DEPARTED BARTLESVILLE MUNICIPAL AIRPORT (BVO) BARTLESVILLE, OK AT 1147 AM LOCAL TIME FOR A LOCAL","['AIRCRAFT', None, None]","['Q11436', None, None]"
20030607012509A,"(-23) THE AIRCRAFT DEPARTED BARTLESVILLE MUNICIPAL AIRPORT (BVO) BARTLESVILLE, OK AT 1147 AM LOCAL TIME FOR A LOCAL","['BARTLESVILLE MUNICIPAL AIRPORT (BVO)', 'AIRPORT', None]","['Q14708401', 'Q1248784', None]"
20030607012509A,"(-23) THE AIRCRAFT DEPARTED BARTLESVILLE MUNICIPAL AIRPORT (BVO) BARTLESVILLE, OK AT 1147 AM LOCAL TIME FOR A LOCAL","['BVO', None, None]","['Q14708401', None, None]"
20030607012509A,"(-23) THE AIRCRAFT DEPARTED BARTLESVILLE MUNICIPAL AIRPORT (BVO) BARTLESVILLE, OK AT 1147 AM LOCAL TIME FOR A LOCAL","['BARTLESVILLE', None, None]","['Q809450', None, None]"
20030607012509A,"(-23) THE AIRCRAFT DEPARTED BARTLESVILLE MUNICIPAL AIRPORT (BVO) BARTLESVILLE, OK AT 1147 AM LOCAL TIME FOR A LOCAL","['OK', None, None]","['Q1649', None, None]"
20030607012509A,"(-23) THE AIRCRAFT DEPARTED BARTLESVILLE MUNICIPAL AIRPORT (BVO) BARTLESVILLE, OK AT 1147 AM LOCAL TIME FOR A LOCAL","['1147 AM LOCAL TIME', '1147 AM', None]","['Q55811151', 'Q55811151', None]"
19801005072789I,PILOT RAN OFF END OF RUNWAY WHEN REMAINING BRAKE FAILED.,"['PILOT', None, None]","['Q2095549', None, None]"
19801005072789I,PILOT RAN OFF END OF RUNWAY WHEN REMAINING BRAKE FAILED.,"['RUNWAY', None, None]","['Q184590', None, None]"
19801005072789I,PILOT RAN OFF END OF RUNWAY WHEN REMAINING BRAKE FAILED.,"['REMAINING BRAKE', 'BRAKE', None]","[None, 'Q1534839', None]"
19781210024199I,WHEELS LOCKED UP AFTER SEVERAL TOUCH AND GO LANDINGS DUE TO SNOW PACKED IN THE WHEEL PANTS.,"['WHEELS', None, None]","['Q446', None, None]"
19781210024199I,WHEELS LOCKED UP AFTER SEVERAL TOUCH AND GO LANDINGS DUE TO SNOW PACKED IN THE WHEEL PANTS.,"['SEVERAL TOUCH AND GO LANDINGS', 'TOUCH AND GO LANDINGS', 'LANDINGS']","[None, 'Q19803', 'Q844947']"
19781210024199I,WHEELS LOCKED UP AFTER SEVERAL TOUCH AND GO LANDINGS DUE TO SNOW PACKED IN THE WHEEL PANTS.,"['SNOW PACKED IN THE WHEEL PANTS', 'SNOW', None]","[None, 'Q7561', None]"
19781210024199I,WHEELS LOCKED UP AFTER SEVERAL TOUCH AND GO LANDINGS DUE TO SNOW PACKED IN THE WHEEL PANTS.,"['WHEEL', None, None]","['Q446', None, None]"
19950804028629A,LOST POWER LANDED HARD IN ROUGH WATER. DAMAGED FLOATS AND LONGERON. WATER IN FUEL. MISREAD WATER IN SUMP TO BE FUEL,"['POWER', None, None]","['Q25342', None, None]"
19950804028629A,LOST POWER LANDED HARD IN ROUGH WATER. DAMAGED FLOATS AND LONGERON. WATER IN FUEL. MISREAD WATER IN SUMP TO BE FUEL,"['FLOATS', None, None]","['Q3373295', None, None]"
19950804028629A,LOST POWER LANDED HARD IN ROUGH WATER. DAMAGED FLOATS AND LONGERON. WATER IN FUEL. MISREAD WATER IN SUMP TO BE FUEL,"['LONGERON', None, None]","['Q1662372', None, None]"
19950804028629A,LOST POWER LANDED HARD IN ROUGH WATER. DAMAGED FLOATS AND LONGERON. WATER IN FUEL. MISREAD WATER IN SUMP TO BE FUEL,"['WATER IN FUEL', 'WATER', None]","[None, 'Q283', None]"
19950804028629A,LOST POWER LANDED HARD IN ROUGH WATER. DAMAGED FLOATS AND LONGERON. WATER IN FUEL. MISREAD WATER IN SUMP TO BE FUEL,"['FUEL', None, None]","['Q5361665', None, None]"
19950804028629A,LOST POWER LANDED HARD IN ROUGH WATER. DAMAGED FLOATS AND LONGERON. WATER IN FUEL. MISREAD WATER IN SUMP TO BE FUEL,"['WATER IN SUMP', 'WATER', None]","[None, 'Q283', None]"
19950804028629A,LOST POWER LANDED HARD IN ROUGH WATER. DAMAGED FLOATS AND LONGERON. WATER IN FUEL. MISREAD WATER IN SUMP TO BE FUEL,"['SUMP', None, None]","['Q1592793', None, None]"
19950804028629A,LOST POWER LANDED HARD IN ROUGH WATER. DAMAGED FLOATS AND LONGERON. WATER IN FUEL. MISREAD WATER IN SUMP TO BE FUEL,"['FUEL', None, None]","['Q5361665', None, None]"
20040304003309I,"(-23) AFTER NORMAL TOUCHDOWN THE AIRCRAFT STARTED SLIDING OR HYDROPLANING TOWARD LEFT SIDE OF RUNWAY, AIRCRAFT STRU","['NORMAL TOUCHDOWN', 'TOUCHDOWN', None]","[None, 'Q844947', None]"
20040304003309I,"(-23) AFTER NORMAL TOUCHDOWN THE AIRCRAFT STARTED SLIDING OR HYDROPLANING TOWARD LEFT SIDE OF RUNWAY, AIRCRAFT STRU","['AIRCRAFT', None, None]","['Q11436', None, None]"
20040304003309I,"(-23) AFTER NORMAL TOUCHDOWN THE AIRCRAFT STARTED SLIDING OR HYDROPLANING TOWARD LEFT SIDE OF RUNWAY, AIRCRAFT STRU","['RUNWAY', None, None]","['Q184590', None, None]"
20040304003309I,"(-23) AFTER NORMAL TOUCHDOWN THE AIRCRAFT STARTED SLIDING OR HYDROPLANING TOWARD LEFT SIDE OF RUNWAY, AIRCRAFT STRU","['AIRCRAFT', None, None]","['Q11436', None, None]"
19780427013859I,ENGINE COWLING SEPARATED FROM ENGINE IN FLIGHT.,"['ENGINE COWLING', 'COWLING', None]","['Q1138219', 'Q1138219', None]"
19780427013859I,ENGINE COWLING SEPARATED FROM ENGINE IN FLIGHT.,"['ENGINE', None, None]","['Q743004', None, None]"
19780427013859I,ENGINE COWLING SEPARATED FROM ENGINE IN FLIGHT.,"['FLIGHT', None, None]","['Q15921555', None, None]"
20070202001609A,"(-23) ON A FLIGHT FROM NOTH PLATTE, NE, TO IOWA CITY, IA, (487 STATUTE MILES) THE AIRCRAFT LOST POWER NEAR GRINNELL","['NOTH PLATTE', None, None]","['Q989960', None, None]"
20070202001609A,"(-23) ON A FLIGHT FROM NOTH PLATTE, NE, TO IOWA CITY, IA, (487 STATUTE MILES) THE AIRCRAFT LOST POWER NEAR GRINNELL","['NE', None, None]","['Q1553', None, None]"
20070202001609A,"(-23) ON A FLIGHT FROM NOTH PLATTE, NE, TO IOWA CITY, IA, (487 STATUTE MILES) THE AIRCRAFT LOST POWER NEAR GRINNELL","['IOWA CITY', None, None]","['Q487977', None, None]"
20070202001609A,"(-23) ON A FLIGHT FROM NOTH PLATTE, NE, TO IOWA CITY, IA, (487 STATUTE MILES) THE AIRCRAFT LOST POWER NEAR GRINNELL","['IA', None, None]","['Q1546', None, None]"
20070202001609A,"(-23) ON A FLIGHT FROM NOTH PLATTE, NE, TO IOWA CITY, IA, (487 STATUTE MILES) THE AIRCRAFT LOST POWER NEAR GRINNELL","['487 STATUTE MILES', None, None]","[None, None, None]"
20070202001609A,"(-23) ON A FLIGHT FROM NOTH PLATTE, NE, TO IOWA CITY, IA, (487 STATUTE MILES) THE AIRCRAFT LOST POWER NEAR GRINNELL","['AIRCRAFT', None, None]","['Q11436', None, None]"
20070202001609A,"(-23) ON A FLIGHT FROM NOTH PLATTE, NE, TO IOWA CITY, IA, (487 STATUTE MILES) THE AIRCRAFT LOST POWER NEAR GRINNELL","['POWER', None, None]","['Q25342', None, None]"
20070202001609A,"(-23) ON A FLIGHT FROM NOTH PLATTE, NE, TO IOWA CITY, IA, (487 STATUTE MILES) THE AIRCRAFT LOST POWER NEAR GRINNELL","['NEAR GRINNELL', None, None]","[None, None, None]"
20070202001609A,"(-23) ON A FLIGHT FROM NOTH PLATTE, NE, TO IOWA CITY, IA, (487 STATUTE MILES) THE AIRCRAFT LOST POWER NEAR GRINNELL","['GRINNELL', None, None]","['Q1903250', None, None]"
19780916024019A,TIE DOWN STRAP ACROSS LEFT SKID CAUGHT ON TRAILER AND TETHERED HEPER.,"['TIE DOWN STRAP ACROSS LEFT SKID', 'TIE DOWN STRAP', 'STRAP']","[None, 'Q1277336', 'Q3217573']"
19780916024019A,TIE DOWN STRAP ACROSS LEFT SKID CAUGHT ON TRAILER AND TETHERED HEPER.,"['LEFT SKID', None, None]","[None, None, None]"
19780916024019A,TIE DOWN STRAP ACROSS LEFT SKID CAUGHT ON TRAILER AND TETHERED HEPER.,"['TRAILER', None, None]","['Q216146', None, None]"
20060718018299I,(-23) THE PILOT IN COMMAND (PIC) FAILED TO ENSURE ALL FUEL TANK CAPS WERE SECURELY FASTENED PRIOR TO DEPARTURE. SUB,"['PILOT IN COMMAND (PIC)', 'PILOT', None]","['Q1146304', 'Q2095549', None]"
20060718018299I,(-23) THE PILOT IN COMMAND (PIC) FAILED TO ENSURE ALL FUEL TANK CAPS WERE SECURELY FASTENED PRIOR TO DEPARTURE. SUB,"['PIC', None, None]","['Q1146304', None, None]"
20060718018299I,(-23) THE PILOT IN COMMAND (PIC) FAILED TO ENSURE ALL FUEL TANK CAPS WERE SECURELY FASTENED PRIOR TO DEPARTURE. SUB,"['ALL FUEL TANK CAPS', 'FUEL TANK CAPS', 'CAPS']","[None, None, 'Q2488579']"
20060718018299I,(-23) THE PILOT IN COMMAND (PIC) FAILED TO ENSURE ALL FUEL TANK CAPS WERE SECURELY FASTENED PRIOR TO DEPARTURE. SUB,"['DEPARTURE', None, None]","['Q21171241', None, None]"
20040925025079A,(-23) FUEL CONTAMINATION IN AIRFRAME FUEL FILTER AS WELL AS IN FUEL FILTER AND ENGINE DRIVEN FUEL PUMP FILTER. THE,"['FUEL CONTAMINATION IN AIRFRAME FUEL FILTER AS WELL AS IN FUEL FILTER AND ENGINE DRIVEN FUEL PUMP FILTER', 'FUEL CONTAMINATION', 'CONTAMINATION']","[None, None, 'Q60528603']"
20040925025079A,(-23) FUEL CONTAMINATION IN AIRFRAME FUEL FILTER AS WELL AS IN FUEL FILTER AND ENGINE DRIVEN FUEL PUMP FILTER. THE,"['FUEL', None, None]","['Q5361665', None, None]"
20040925025079A,(-23) FUEL CONTAMINATION IN AIRFRAME FUEL FILTER AS WELL AS IN FUEL FILTER AND ENGINE DRIVEN FUEL PUMP FILTER. THE,"['AIRFRAME FUEL FILTER', 'FUEL FILTER', 'FILTER']","[None, 'Q603491', 'Q736556']"
20040925025079A,(-23) FUEL CONTAMINATION IN AIRFRAME FUEL FILTER AS WELL AS IN FUEL FILTER AND ENGINE DRIVEN FUEL PUMP FILTER. THE,"['AIRFRAME', None, None]","['Q222946', None, None]"
20040925025079A,(-23) FUEL CONTAMINATION IN AIRFRAME FUEL FILTER AS WELL AS IN FUEL FILTER AND ENGINE DRIVEN FUEL PUMP FILTER. THE,"['FUEL', None, None]","['Q5361665', None, None]"
20040925025079A,(-23) FUEL CONTAMINATION IN AIRFRAME FUEL FILTER AS WELL AS IN FUEL FILTER AND ENGINE DRIVEN FUEL PUMP FILTER. THE,"['FUEL FILTER', 'FILTER', None]","['Q603491', 'Q736556', None]"
20040925025079A,(-23) FUEL CONTAMINATION IN AIRFRAME FUEL FILTER AS WELL AS IN FUEL FILTER AND ENGINE DRIVEN FUEL PUMP FILTER. THE,"['FUEL', None, None]","['Q5361665', None, None]"
20040925025079A,(-23) FUEL CONTAMINATION IN AIRFRAME FUEL FILTER AS WELL AS IN FUEL FILTER AND ENGINE DRIVEN FUEL PUMP FILTER. THE,"['ENGINE DRIVEN FUEL PUMP FILTER', 'FUEL PUMP FILTER', 'FILTER']","[None, 'Q603491', 'Q736556']"
20040925025079A,(-23) FUEL CONTAMINATION IN AIRFRAME FUEL FILTER AS WELL AS IN FUEL FILTER AND ENGINE DRIVEN FUEL PUMP FILTER. THE,"['ENGINE', None, None]","['Q743004', None, None]"
20040925025079A,(-23) FUEL CONTAMINATION IN AIRFRAME FUEL FILTER AS WELL AS IN FUEL FILTER AND ENGINE DRIVEN FUEL PUMP FILTER. THE,"['FUEL', None, None]","['Q5361665', None, None]"
19961027033759A,PRIOR DEMO FLIGHT. CONNECTING ROD BENT BY HYDRO LOCK IN NR5 CYL ON STARTUP. BROKE. HIT COUNTER WT. BROKE PORP SHAFT,"['DEMO FLIGHT', 'FLIGHT', None]","[None, 'Q15921555', None]"
19961027033759A,PRIOR DEMO FLIGHT. CONNECTING ROD BENT BY HYDRO LOCK IN NR5 CYL ON STARTUP. BROKE. HIT COUNTER WT. BROKE PORP SHAFT,"['CONNECTING ROD', 'ROD', None]","[None, 'Q111360956', None]"
19961027033759A,PRIOR DEMO FLIGHT. CONNECTING ROD BENT BY HYDRO LOCK IN NR5 CYL ON STARTUP. BROKE. HIT COUNTER WT. BROKE PORP SHAFT,"['HYDRO LOCK IN NR5 CYL', 'HYDRO LOCK', 'LOCK']","[None, None, 'Q228039']"
19961027033759A,PRIOR DEMO FLIGHT. CONNECTING ROD BENT BY HYDRO LOCK IN NR5 CYL ON STARTUP. BROKE. HIT COUNTER WT. BROKE PORP SHAFT,"['NR5 CYL', 'CYL', None]","[None, 'Q245656', None]"
19961027033759A,PRIOR DEMO FLIGHT. CONNECTING ROD BENT BY HYDRO LOCK IN NR5 CYL ON STARTUP. BROKE. HIT COUNTER WT. BROKE PORP SHAFT,"['STARTUP', None, None]","[None, None, None]"
19961027033759A,PRIOR DEMO FLIGHT. CONNECTING ROD BENT BY HYDRO LOCK IN NR5 CYL ON STARTUP. BROKE. HIT COUNTER WT. BROKE PORP SHAFT,"['COUNTER WT', 'WT', None]","['Q1324102', 'Q65088317', None]"
19961027033759A,PRIOR DEMO FLIGHT. CONNECTING ROD BENT BY HYDRO LOCK IN NR5 CYL ON STARTUP. BROKE. HIT COUNTER WT. BROKE PORP SHAFT,"['PORP SHAFT', 'SHAFT', None]","[None, 'Q309383', None]"
19870309039779I,"WHILE TAXIING, THE AIRCRAFT STRUCK N106DA WHICH WAS PARKED. PILOT WAS UNAWARE OF BRAKE PROBLEMS ON THE AIRCRAFT.","['AIRCRAFT', None, None]","['Q11436', None, None]"
19870309039779I,"WHILE TAXIING, THE AIRCRAFT STRUCK N106DA WHICH WAS PARKED. PILOT WAS UNAWARE OF BRAKE PROBLEMS ON THE AIRCRAFT.","['N106DA', None, None]","[None, None, None]"
19870309039779I,"WHILE TAXIING, THE AIRCRAFT STRUCK N106DA WHICH WAS PARKED. PILOT WAS UNAWARE OF BRAKE PROBLEMS ON THE AIRCRAFT.","['PILOT', None, None]","['Q2095549', None, None]"
19870309039779I,"WHILE TAXIING, THE AIRCRAFT STRUCK N106DA WHICH WAS PARKED. PILOT WAS UNAWARE OF BRAKE PROBLEMS ON THE AIRCRAFT.","['BRAKE PROBLEMS ON THE AIRCRAFT', 'BRAKE PROBLEMS', 'PROBLEMS']","[None, None, 'Q621184']"
19870309039779I,"WHILE TAXIING, THE AIRCRAFT STRUCK N106DA WHICH WAS PARKED. PILOT WAS UNAWARE OF BRAKE PROBLEMS ON THE AIRCRAFT.","['BRAKE', None, None]","['Q1534839', None, None]"
19870309039779I,"WHILE TAXIING, THE AIRCRAFT STRUCK N106DA WHICH WAS PARKED. PILOT WAS UNAWARE OF BRAKE PROBLEMS ON THE AIRCRAFT.","['AIRCRAFT', None, None]","['Q11436', None, None]"
20020619014309A,"(-23) N759TY, CE-182 WAS EN ROUTE FROM HOT SPRINGS, ARKANSAS TO FAYETTEVILLE, TENNESSEE, WHEN THE AIRCRAFT ENGINE Q","['N759TY, CE-182', 'CE-182', None]","['Q686708', 'Q686708', None]"
20020619014309A,"(-23) N759TY, CE-182 WAS EN ROUTE FROM HOT SPRINGS, ARKANSAS TO FAYETTEVILLE, TENNESSEE, WHEN THE AIRCRAFT ENGINE Q","['N759TY', None, None]","[None, None, None]"
20020619014309A,"(-23) N759TY, CE-182 WAS EN ROUTE FROM HOT SPRINGS, ARKANSAS TO FAYETTEVILLE, TENNESSEE, WHEN THE AIRCRAFT ENGINE Q","['CE-182', None, None]","['Q686708', None, None]"
20020619014309A,"(-23) N759TY, CE-182 WAS EN ROUTE FROM HOT SPRINGS, ARKANSAS TO FAYETTEVILLE, TENNESSEE, WHEN THE AIRCRAFT ENGINE Q","['HOT SPRINGS', None, None]","['Q79924', None, None]"
20020619014309A,"(-23) N759TY, CE-182 WAS EN ROUTE FROM HOT SPRINGS, ARKANSAS TO FAYETTEVILLE, TENNESSEE, WHEN THE AIRCRAFT ENGINE Q","['ARKANSAS', None, None]","['Q1612', None, None]"
20020619014309A,"(-23) N759TY, CE-182 WAS EN ROUTE FROM HOT SPRINGS, ARKANSAS TO FAYETTEVILLE, TENNESSEE, WHEN THE AIRCRAFT ENGINE Q","['FAYETTEVILLE', None, None]","['Q588257', None, None]"
20020619014309A,"(-23) N759TY, CE-182 WAS EN ROUTE FROM HOT SPRINGS, ARKANSAS TO FAYETTEVILLE, TENNESSEE, WHEN THE AIRCRAFT ENGINE Q","['TENNESSEE', None, None]","['Q1509', None, None]"
20020619014309A,"(-23) N759TY, CE-182 WAS EN ROUTE FROM HOT SPRINGS, ARKANSAS TO FAYETTEVILLE, TENNESSEE, WHEN THE AIRCRAFT ENGINE Q","['AIRCRAFT', None, None]","['Q11436', None, None]"
19951031041599A,ON CLIMBOUT NOSE BAGGAGE DOOR OPENED. REDUCED POWER. STALLED. ROLLED. DIVED INTO OCEAN. TEST FLIGHT FROM STORAGE.,"['CLIMBOUT', None, None]","['Q1499786', None, None]"
19951031041599A,ON CLIMBOUT NOSE BAGGAGE DOOR OPENED. REDUCED POWER. STALLED. ROLLED. DIVED INTO OCEAN. TEST FLIGHT FROM STORAGE.,"['NOSE BAGGAGE DOOR', 'BAGGAGE DOOR', 'DOOR']","[None, None, 'Q36794']"
19951031041599A,ON CLIMBOUT NOSE BAGGAGE DOOR OPENED. REDUCED POWER. STALLED. ROLLED. DIVED INTO OCEAN. TEST FLIGHT FROM STORAGE.,"['REDUCED POWER', 'POWER', None]","[None, 'Q25342', None]"
19951031041599A,ON CLIMBOUT NOSE BAGGAGE DOOR OPENED. REDUCED POWER. STALLED. ROLLED. DIVED INTO OCEAN. TEST FLIGHT FROM STORAGE.,"['OCEAN', None, None]","['Q9430', None, None]"
19951031041599A,ON CLIMBOUT NOSE BAGGAGE DOOR OPENED. REDUCED POWER. STALLED. ROLLED. DIVED INTO OCEAN. TEST FLIGHT FROM STORAGE.,"['TEST FLIGHT FROM STORAGE', 'TEST FLIGHT', None]","[None, 'Q15921693', None]"
19850729066139I,ELEVATOR CONTROL JAMMED SHEN HARNESS CAUGHT ON ELEVATOR CABLE. STICK BOOT NOT FASTENED TO FLOOR. LANDED IN A FIELD.,"['ELEVATOR CONTROL', None, None]","[None, None, None]"
19850729066139I,ELEVATOR CONTROL JAMMED SHEN HARNESS CAUGHT ON ELEVATOR CABLE. STICK BOOT NOT FASTENED TO FLOOR. LANDED IN A FIELD.,"['HARNESS', None, None]","['Q333518', None, None]"
19850729066139I,ELEVATOR CONTROL JAMMED SHEN HARNESS CAUGHT ON ELEVATOR CABLE. STICK BOOT NOT FASTENED TO FLOOR. LANDED IN A FIELD.,"['ELEVATOR CABLE', None, None]","[None, None, None]"
19850729066139I,ELEVATOR CONTROL JAMMED SHEN HARNESS CAUGHT ON ELEVATOR CABLE. STICK BOOT NOT FASTENED TO FLOOR. LANDED IN A FIELD.,"['STICK BOOT', None, None]","[None, None, None]"
19850729066139I,ELEVATOR CONTROL JAMMED SHEN HARNESS CAUGHT ON ELEVATOR CABLE. STICK BOOT NOT FASTENED TO FLOOR. LANDED IN A FIELD.,"['FLOOR', None, None]","['Q217164', None, None]"
19850729066139I,ELEVATOR CONTROL JAMMED SHEN HARNESS CAUGHT ON ELEVATOR CABLE. STICK BOOT NOT FASTENED TO FLOOR. LANDED IN A FIELD.,"['FIELD', None, None]","['Q188869', None, None]"
19940226003029A,LOST POWER EN ROUTE. LANDED ON PRIVATE STRIP. NOSED OVER. LEFT FUEL CAP LEAKED. PREVENTED GRAVITY FUEL FLOW.,"['POWER', None, None]","['Q25342', None, None]"
19940226003029A,LOST POWER EN ROUTE. LANDED ON PRIVATE STRIP. NOSED OVER. LEFT FUEL CAP LEAKED. PREVENTED GRAVITY FUEL FLOW.,"['PRIVATE STRIP', 'STRIP', None]","[None, 'Q184590', None]"
19940226003029A,LOST POWER EN ROUTE. LANDED ON PRIVATE STRIP. NOSED OVER. LEFT FUEL CAP LEAKED. PREVENTED GRAVITY FUEL FLOW.,"['LEFT FUEL CAP', 'FUEL CAP', 'CAP']","[None, None, 'Q2488579']"
19940226003029A,LOST POWER EN ROUTE. LANDED ON PRIVATE STRIP. NOSED OVER. LEFT FUEL CAP LEAKED. PREVENTED GRAVITY FUEL FLOW.,"['FUEL', None, None]","['Q5361665', None, None]"
19940226003029A,LOST POWER EN ROUTE. LANDED ON PRIVATE STRIP. NOSED OVER. LEFT FUEL CAP LEAKED. PREVENTED GRAVITY FUEL FLOW.,"['FUEL', None, None]","['Q5361665', None, None]"
19780111000459A,ACFT DISPATCHER HARRASSMENT OF PILOT. PILOT FORGOT TO REMOVE TIEDROPE.,"['ACFT DISPATCHER', 'DISPATCHER', None]","[None, 'Q570755', None]"
19780111000459A,ACFT DISPATCHER HARRASSMENT OF PILOT. PILOT FORGOT TO REMOVE TIEDROPE.,"['ACFT', None, None]","['Q11436', None, None]"
19780111000459A,ACFT DISPATCHER HARRASSMENT OF PILOT. PILOT FORGOT TO REMOVE TIEDROPE.,"['PILOT', None, None]","['Q2095549', None, None]"
19780111000459A,ACFT DISPATCHER HARRASSMENT OF PILOT. PILOT FORGOT TO REMOVE TIEDROPE.,"['PILOT', None, None]","['Q2095549', None, None]"
19780111000459A,ACFT DISPATCHER HARRASSMENT OF PILOT. PILOT FORGOT TO REMOVE TIEDROPE.,"['TIEDROPE', None, None]","['Q1277336', None, None]"
20010411006739I,"(-23) THE HELICOPTER WAS IDLING ON THE HELIPAD, AND THE RPM CONTROL WAS BROUGHT UP TO FLY POSITION FOR THE TAKEOFF.","['HELICOPTER', None, None]","['Q34486', None, None]"
20010411006739I,"(-23) THE HELICOPTER WAS IDLING ON THE HELIPAD, AND THE RPM CONTROL WAS BROUGHT UP TO FLY POSITION FOR THE TAKEOFF.","['HELIPAD', None, None]","['Q534159', None, None]"
20010411006739I,"(-23) THE HELICOPTER WAS IDLING ON THE HELIPAD, AND THE RPM CONTROL WAS BROUGHT UP TO FLY POSITION FOR THE TAKEOFF.","['RPM CONTROL', None, None]","[None, None, None]"
20010411006739I,"(-23) THE HELICOPTER WAS IDLING ON THE HELIPAD, AND THE RPM CONTROL WAS BROUGHT UP TO FLY POSITION FOR THE TAKEOFF.","['FLY POSITION', 'POSITION', None]","[None, 'Q17334923', None]"
20010411006739I,"(-23) THE HELICOPTER WAS IDLING ON THE HELIPAD, AND THE RPM CONTROL WAS BROUGHT UP TO FLY POSITION FOR THE TAKEOFF.","['TAKEOFF', None, None]","['Q854248', None, None]"
19870816062719I,"A COPPER TUBE, USED TO HOLD AERIAL BANNERS, FELL THROUGH THE ROOF OF A HOUSE. LOCAL OPERATOR IS BEING MONITORED.","['COPPER TUBE, USED TO HOLD AERIAL BANNERS', 'COPPER TUBE', 'TUBE']","[None, None, 'Q41551']"
19870816062719I,"A COPPER TUBE, USED TO HOLD AERIAL BANNERS, FELL THROUGH THE ROOF OF A HOUSE. LOCAL OPERATOR IS BEING MONITORED.","['AERIAL BANNERS', 'BANNERS', None]","[None, 'Q806880', None]"
19870816062719I,"A COPPER TUBE, USED TO HOLD AERIAL BANNERS, FELL THROUGH THE ROOF OF A HOUSE. LOCAL OPERATOR IS BEING MONITORED.","['HOUSE', None, None]","['Q3947', None, None]"
19870816062719I,"A COPPER TUBE, USED TO HOLD AERIAL BANNERS, FELL THROUGH THE ROOF OF A HOUSE. LOCAL OPERATOR IS BEING MONITORED.","['LOCAL OPERATOR', 'OPERATOR', None]","[None, 'Q1970438', None]"
19980620030289I,"MR. KADERA THEN ATTEMPTED TO LAND IN A FIELD BUT WAS FORCED TO LAND ON HIGHWAY 93. THREE MILES EAST OF SUNMER, IOWA","['MR. KADERA', None, None]","[None, None, None]"
19980620030289I,"MR. KADERA THEN ATTEMPTED TO LAND IN A FIELD BUT WAS FORCED TO LAND ON HIGHWAY 93. THREE MILES EAST OF SUNMER, IOWA","['HIGHWAY 93', None, None]","['Q1427331', None, None]"
19980620030289I,"MR. KADERA THEN ATTEMPTED TO LAND IN A FIELD BUT WAS FORCED TO LAND ON HIGHWAY 93. THREE MILES EAST OF SUNMER, IOWA","['THREE MILES EAST OF SUNMER, IOWA', None, None]","[None, None, None]"
19980620030289I,"MR. KADERA THEN ATTEMPTED TO LAND IN A FIELD BUT WAS FORCED TO LAND ON HIGHWAY 93. THREE MILES EAST OF SUNMER, IOWA","['THREE MILES', None, None]","[None, None, None]"
19980620030289I,"MR. KADERA THEN ATTEMPTED TO LAND IN A FIELD BUT WAS FORCED TO LAND ON HIGHWAY 93. THREE MILES EAST OF SUNMER, IOWA","['SUNMER', None, None]","['Q2239973', None, None]"
19980620030289I,"MR. KADERA THEN ATTEMPTED TO LAND IN A FIELD BUT WAS FORCED TO LAND ON HIGHWAY 93. THREE MILES EAST OF SUNMER, IOWA","['IOWA', None, None]","['Q1546', None, None]"
19990923027739A,"(.19) ON SEPTEMBER 23, 1999, AT 1900 HOURS PACIFIC DAYLIGHT TIME, A HOMEBUILT CIERNIA GLASAIR III, N153JC, EXPERIEN","['SEPTEMBER 23, 1999', None, None]","['Q69302922', None, None]"
19990923027739A,"(.19) ON SEPTEMBER 23, 1999, AT 1900 HOURS PACIFIC DAYLIGHT TIME, A HOMEBUILT CIERNIA GLASAIR III, N153JC, EXPERIEN","['1900 HOURS PACIFIC DAYLIGHT TIME', '1900 HOURS', '1900']","[None, 'Q55812019', 'Q55812019']"
19990923027739A,"(.19) ON SEPTEMBER 23, 1999, AT 1900 HOURS PACIFIC DAYLIGHT TIME, A HOMEBUILT CIERNIA GLASAIR III, N153JC, EXPERIEN","['A HOMEBUILT CIERNIA GLASAIR III, N153JC', 'GLASAIR III', None]","[None, 'Q16975140', None]"
19990923027739A,"(.19) ON SEPTEMBER 23, 1999, AT 1900 HOURS PACIFIC DAYLIGHT TIME, A HOMEBUILT CIERNIA GLASAIR III, N153JC, EXPERIEN","['HOMEBUILT CIERNIA GLASAIR III', 'GLASAIR III', None]","[None, 'Q16975140', None]"
19990923027739A,"(.19) ON SEPTEMBER 23, 1999, AT 1900 HOURS PACIFIC DAYLIGHT TIME, A HOMEBUILT CIERNIA GLASAIR III, N153JC, EXPERIEN","['CIERNIA', None, None]","[None, None, None]"
19990923027739A,"(.19) ON SEPTEMBER 23, 1999, AT 1900 HOURS PACIFIC DAYLIGHT TIME, A HOMEBUILT CIERNIA GLASAIR III, N153JC, EXPERIEN","['N153JC', None, None]","[None, None, None]"
19980415037339I,(-5)NOSE BAGGAGE CARGO CONSISTING OF A WOODEN WHEEL CHOCK SHIFTED DURING FLIGHT AND JAMMED THE NOSE LANDING GEAR ME,"['NOSE BAGGAGE CARGO', 'CARGO', None]","[None, 'Q319224', None]"
19980415037339I,(-5)NOSE BAGGAGE CARGO CONSISTING OF A WOODEN WHEEL CHOCK SHIFTED DURING FLIGHT AND JAMMED THE NOSE LANDING GEAR ME,"['WOODEN WHEEL CHOCK', 'WHEEL CHOCK', None]","[None, 'Q458789', None]"
19980415037339I,(-5)NOSE BAGGAGE CARGO CONSISTING OF A WOODEN WHEEL CHOCK SHIFTED DURING FLIGHT AND JAMMED THE NOSE LANDING GEAR ME,"['FLIGHT', None, None]","['Q15921555', None, None]"
19980415037339I,(-5)NOSE BAGGAGE CARGO CONSISTING OF A WOODEN WHEEL CHOCK SHIFTED DURING FLIGHT AND JAMMED THE NOSE LANDING GEAR ME,"['NOSE LANDING GEAR', 'LANDING GEAR', 'GEAR']","[None, 'Q263421', 'Q263421']"
19950826026019A,"EXPLOSION LIFTING LOGS. PITCHED UP, ROLLED. COMPRESSOR STALL NR1 ENGINE. FAILED RELEASE LOGS AND USE SE PROCEDURES.","['EXPLOSION', None, None]","['Q179057', None, None]"
19950826026019A,"EXPLOSION LIFTING LOGS. PITCHED UP, ROLLED. COMPRESSOR STALL NR1 ENGINE. FAILED RELEASE LOGS AND USE SE PROCEDURES.","['LOGS', None, None]","['Q3737064', None, None]"
19950826026019A,"EXPLOSION LIFTING LOGS. PITCHED UP, ROLLED. COMPRESSOR STALL NR1 ENGINE. FAILED RELEASE LOGS AND USE SE PROCEDURES.","['COMPRESSOR STALL', None, None]","['Q1938452', None, None]"
19950826026019A,"EXPLOSION LIFTING LOGS. PITCHED UP, ROLLED. COMPRESSOR STALL NR1 ENGINE. FAILED RELEASE LOGS AND USE SE PROCEDURES.","['NR1 ENGINE', None, None]","[None, None, None]"
19950826026019A,"EXPLOSION LIFTING LOGS. PITCHED UP, ROLLED. COMPRESSOR STALL NR1 ENGINE. FAILED RELEASE LOGS AND USE SE PROCEDURES.","['LOGS', None, None]","['Q3737064', None, None]"
19950826026019A,"EXPLOSION LIFTING LOGS. PITCHED UP, ROLLED. COMPRESSOR STALL NR1 ENGINE. FAILED RELEASE LOGS AND USE SE PROCEDURES.","['SE PROCEDURES', None, None]","[None, None, None]"
20000215041409A,"(.19) ON FEBRUARY 19, 2000, AT 1825 EASTERN STANDARD TIME, A BEECH 1900D, N81SK, OPERATED AS SKYWAY AIRLINE FLIGHT","['FEBRUARY 19, 2000', None, None]","['Q69303157', None, None]"
20000215041409A,"(.19) ON FEBRUARY 19, 2000, AT 1825 EASTERN STANDARD TIME, A BEECH 1900D, N81SK, OPERATED AS SKYWAY AIRLINE FLIGHT","['1825 EASTERN STANDARD TIME', '1825', None]","[None, 'Q55813033', None]"
20000215041409A,"(.19) ON FEBRUARY 19, 2000, AT 1825 EASTERN STANDARD TIME, A BEECH 1900D, N81SK, OPERATED AS SKYWAY AIRLINE FLIGHT","['BEECH 1900D, N81SK', None, None]","['Q17489495', None, None]"
20000215041409A,"(.19) ON FEBRUARY 19, 2000, AT 1825 EASTERN STANDARD TIME, A BEECH 1900D, N81SK, OPERATED AS SKYWAY AIRLINE FLIGHT","['BEECH 1900D', None, None]","['Q17489495', None, None]"
20000215041409A,"(.19) ON FEBRUARY 19, 2000, AT 1825 EASTERN STANDARD TIME, A BEECH 1900D, N81SK, OPERATED AS SKYWAY AIRLINE FLIGHT","['BEECH', None, None]","['Q634227', None, None]"
20000215041409A,"(.19) ON FEBRUARY 19, 2000, AT 1825 EASTERN STANDARD TIME, A BEECH 1900D, N81SK, OPERATED AS SKYWAY AIRLINE FLIGHT","['N81SK', None, None]","[None, None, None]"
20000215041409A,"(.19) ON FEBRUARY 19, 2000, AT 1825 EASTERN STANDARD TIME, A BEECH 1900D, N81SK, OPERATED AS SKYWAY AIRLINE FLIGHT","['SKYWAY AIRLINE FLIGHT', 'FLIGHT', None]","[None, 'Q15921555', None]"
20000215041409A,"(.19) ON FEBRUARY 19, 2000, AT 1825 EASTERN STANDARD TIME, A BEECH 1900D, N81SK, OPERATED AS SKYWAY AIRLINE FLIGHT","['SKYWAY AIRLINE', None, None]","['Q2293467', None, None]"
19860514036219I,GROUND LOOPED ON LANDING. TAILWHEEL WAS FOUND JAMMED FAR RIGHT.,"['LANDING', None, None]","['Q844947', None, None]"
19860514036219I,GROUND LOOPED ON LANDING. TAILWHEEL WAS FOUND JAMMED FAR RIGHT.,"['TAILWHEEL', None, None]","['Q126122596', None, None]"
19880527016939A,ENGINE QUIT ON INITIAL CLIMBOUT. CRASH LANDED AVOIDING TREES. FOUND SELECTED FUEL TANK EMPTY. TRIP WAS TO GET FUEL.,"['ENGINE', None, None]","['Q743004', None, None]"
19880527016939A,ENGINE QUIT ON INITIAL CLIMBOUT. CRASH LANDED AVOIDING TREES. FOUND SELECTED FUEL TANK EMPTY. TRIP WAS TO GET FUEL.,"['INITIAL CLIMBOUT', 'CLIMBOUT', None]","[None, 'Q1499786', None]"
19880527016939A,ENGINE QUIT ON INITIAL CLIMBOUT. CRASH LANDED AVOIDING TREES. FOUND SELECTED FUEL TANK EMPTY. TRIP WAS TO GET FUEL.,"['SELECTED FUEL TANK', 'FUEL TANK', 'TANK']","[None, 'Q1411232', 'Q1047832']"
19880527016939A,ENGINE QUIT ON INITIAL CLIMBOUT. CRASH LANDED AVOIDING TREES. FOUND SELECTED FUEL TANK EMPTY. TRIP WAS TO GET FUEL.,"['FUEL', None, None]","['Q5361665', None, None]"
19880527016939A,ENGINE QUIT ON INITIAL CLIMBOUT. CRASH LANDED AVOIDING TREES. FOUND SELECTED FUEL TANK EMPTY. TRIP WAS TO GET FUEL.,"['TRIP', None, None]","['Q778483', None, None]"
19880527016939A,ENGINE QUIT ON INITIAL CLIMBOUT. CRASH LANDED AVOIDING TREES. FOUND SELECTED FUEL TANK EMPTY. TRIP WAS TO GET FUEL.,"['FUEL', None, None]","['Q5361665', None, None]"
19960418007829A,CRASHED AND BURNED. (.4)WITNESSES REPORTED THAT AFTER DEPARTURE FROM A GRASS RUNWAY. THE AIRPLANE REACHED AN ALTITU,"['WITNESSES', None, None]","['Q196939', None, None]"
19960418007829A,CRASHED AND BURNED. (.4)WITNESSES REPORTED THAT AFTER DEPARTURE FROM A GRASS RUNWAY. THE AIRPLANE REACHED AN ALTITU,"['DEPARTURE FROM A GRASS RUNWAY', 'DEPARTURE', None]","[None, 'Q21171241', None]"
19960418007829A,CRASHED AND BURNED. (.4)WITNESSES REPORTED THAT AFTER DEPARTURE FROM A GRASS RUNWAY. THE AIRPLANE REACHED AN ALTITU,"['GRASS RUNWAY', 'RUNWAY', None]","[None, 'Q184590', None]"
19960418007829A,CRASHED AND BURNED. (.4)WITNESSES REPORTED THAT AFTER DEPARTURE FROM A GRASS RUNWAY. THE AIRPLANE REACHED AN ALTITU,"['AIRPLANE', None, None]","['Q197', None, None]"
19970828026989A,LOUD POP ON TAKEOFF ROLL. LOST RUDDER CONTROL. EXITED RWY INTO CORNFIELD. HAD FAILED TO LOCK THE TAILWHEEL. (-23) M,"['LOUD POP ON TAKEOFF ROLL', None, None]","[None, None, None]"
19970828026989A,LOUD POP ON TAKEOFF ROLL. LOST RUDDER CONTROL. EXITED RWY INTO CORNFIELD. HAD FAILED TO LOCK THE TAILWHEEL. (-23) M,"['TAKEOFF ROLL', 'TAKEOFF', None]","['Q21026829', 'Q854248', None]"
19970828026989A,LOUD POP ON TAKEOFF ROLL. LOST RUDDER CONTROL. EXITED RWY INTO CORNFIELD. HAD FAILED TO LOCK THE TAILWHEEL. (-23) M,"['RUDDER CONTROL', 'CONTROL', None]","[None, 'Q29017603', None]"
19970828026989A,LOUD POP ON TAKEOFF ROLL. LOST RUDDER CONTROL. EXITED RWY INTO CORNFIELD. HAD FAILED TO LOCK THE TAILWHEEL. (-23) M,"['RUDDER', None, None]","['Q209760', None, None]"
19970828026989A,LOUD POP ON TAKEOFF ROLL. LOST RUDDER CONTROL. EXITED RWY INTO CORNFIELD. HAD FAILED TO LOCK THE TAILWHEEL. (-23) M,"['RWY', None, None]","['Q184590', None, None]"
19970828026989A,LOUD POP ON TAKEOFF ROLL. LOST RUDDER CONTROL. EXITED RWY INTO CORNFIELD. HAD FAILED TO LOCK THE TAILWHEEL. (-23) M,"['CORNFIELD', None, None]","['Q1735182', None, None]"
19970828026989A,LOUD POP ON TAKEOFF ROLL. LOST RUDDER CONTROL. EXITED RWY INTO CORNFIELD. HAD FAILED TO LOCK THE TAILWHEEL. (-23) M,"['TAILWHEEL', None, None]","['Q126122596', None, None]"
19870523018729A,"CANOPY CAME OPEN ON CLIMBOUT CAUSING AN UNCONTROLLED GROUND COLLISION, NO DEFECTS REPORTED. APPEARS PILOT ERROR.","['CANOPY', None, None]","['Q2736751', None, None]"
19870523018729A,"CANOPY CAME OPEN ON CLIMBOUT CAUSING AN UNCONTROLLED GROUND COLLISION, NO DEFECTS REPORTED. APPEARS PILOT ERROR.","['CLIMBOUT', None, None]","['Q1499786', None, None]"
19870523018729A,"CANOPY CAME OPEN ON CLIMBOUT CAUSING AN UNCONTROLLED GROUND COLLISION, NO DEFECTS REPORTED. APPEARS PILOT ERROR.","['UNCONTROLLED GROUND COLLISION', 'GROUND COLLISION', 'COLLISION']","[None, 'Q116673853', 'Q238053']"
19870523018729A,"CANOPY CAME OPEN ON CLIMBOUT CAUSING AN UNCONTROLLED GROUND COLLISION, NO DEFECTS REPORTED. APPEARS PILOT ERROR.","['GROUND', None, None]","['Q1349417', None, None]"
19870523018729A,"CANOPY CAME OPEN ON CLIMBOUT CAUSING AN UNCONTROLLED GROUND COLLISION, NO DEFECTS REPORTED. APPEARS PILOT ERROR.","['NO DEFECTS', 'DEFECTS', None]","[None, 'Q1138598', None]"
19870523018729A,"CANOPY CAME OPEN ON CLIMBOUT CAUSING AN UNCONTROLLED GROUND COLLISION, NO DEFECTS REPORTED. APPEARS PILOT ERROR.","['PILOT ERROR', 'ERROR', None]","['Q3057459', 'Q29485', None]"
19870523018729A,"CANOPY CAME OPEN ON CLIMBOUT CAUSING AN UNCONTROLLED GROUND COLLISION, NO DEFECTS REPORTED. APPEARS PILOT ERROR.","['PILOT', None, None]","['Q2095549', None, None]"
20030620012809I,(-23) PILOT FAILED TO ASSURE THE OIL FILLER CAP WAS SECURE AND TOOK OFF. OIL WAS OBSERVED COMING OUT OF THE ENGINE,"['PILOT', None, None]","['Q2095549', None, None]"
20030620012809I,(-23) PILOT FAILED TO ASSURE THE OIL FILLER CAP WAS SECURE AND TOOK OFF. OIL WAS OBSERVED COMING OUT OF THE ENGINE,"['OIL FILLER CAP', 'CAP', None]","[None, 'Q2488579', None]"
20030620012809I,(-23) PILOT FAILED TO ASSURE THE OIL FILLER CAP WAS SECURE AND TOOK OFF. OIL WAS OBSERVED COMING OUT OF THE ENGINE,"['OIL', None, None]","['Q42962', None, None]"
20030620012809I,(-23) PILOT FAILED TO ASSURE THE OIL FILLER CAP WAS SECURE AND TOOK OFF. OIL WAS OBSERVED COMING OUT OF THE ENGINE,"['OIL', None, None]","['Q42962', None, None]"
20030620012809I,(-23) PILOT FAILED TO ASSURE THE OIL FILLER CAP WAS SECURE AND TOOK OFF. OIL WAS OBSERVED COMING OUT OF THE ENGINE,"['ENGINE', None, None]","['Q743004', None, None]"
